STATION,MATCHED_SEGID,FTCLASS,ATYPENAME,COUNTY_NAME,PERIOD,VEHICLE_TYPE,OBSERVED,MODELED,DIFF,PCT_DIFF
-624,0067_000.0,,,Davis,AM,Auto,8377.26917554,0.0,-8377.26917554,-1.0
-625,0067_007.3,,,Davis,AM,Auto,8805.995061534,0.0,-8805.995061534,-1.0
-302,0015_289.8,Freeway,Urban,Salt Lake,AM,Auto,7468.488069223999,41620.244913935996,34151.756844712,4.573
-626,0073_034.6,Principal Arterial,Transition,Utah,AM,Auto,6962.083388624,6740.1016219544,-221.9817666695999,-0.032
-627,0154_012.9,Expressway,Suburban,Salt Lake,AM,Auto,15750.627128298,11278.7756117928,-4471.8515165051995,-0.284
-723,0015_241.6,Freeway,Rural,Utah,AM,Auto,7395.620114427,5623.2333329058,-1772.3867815211997,-0.24
-712,1822_000.0,,,Utah,AM,Auto,1864.0,0.0,-1864.0,-1.0
-713,1828_006.7,Collector,Rural,Utah,AM,Auto,1879.0,136.8,-1742.2,-0.927
-714,0006_149.9,Principal Arterial,Rural,Utah,AM,Auto,922.550484116,282.4757890336,-640.0746950824,-0.694
-628,0215_027.4,Freeway,Suburban,Davis,AM,Auto,6327.2548256360005,5139.785649854,-1187.469175782,-0.188
-629,0015_303.4,Freeway,Urban,Salt Lake,AM,Auto,40665.455077139995,41323.636952892,658.1818757520014,0.016
-631,0266_001.7,Principal Arterial,Urban,Salt Lake,AM,Auto,3299.555474131,5325.4024117097,2025.8469375786995,0.614
-632,0145_005.3,Expressway,Suburban,Utah,AM,Auto,8972.544035085,8130.995399363499,-841.5486357215013,-0.094
-634,0085_015.5,Expressway,Suburban,Salt Lake,AM,Auto,6859.9793455,7335.673191162499,475.69384566249937,0.069
-720,0015_241.6,Freeway,Rural,Utah,AM,Auto,1460.976197468,5623.2333329058,4162.2571354378,2.849
-733,0015_241.6,Freeway,Rural,Utah,AM,Auto,2847.226054982,5623.2333329058,2776.0072779238003,0.975
-677,0080_136.1,Freeway,Rural,Salt Lake,AM,Auto,8513.685929888,12200.4326799036,3686.7467500156,0.433
-680,0015_295.6,Freeway,Urban,Salt Lake,AM,Auto,9579.213441039,51977.239401813,42398.025960774,4.426
-678,0080_136.1,Freeway,Rural,Salt Lake,AM,Auto,7551.458807600001,12200.4326799036,4648.9738723036,0.616
-679,0091_006.6,Principal Arterial,Rural,Box Elder,AM,Auto,2874.979602122,3288.7465484510003,413.76694632900035,0.144
-682,0091_004.9,Principal Arterial,Transition,Box Elder,AM,Auto,3379.9282795139998,3894.5258183868,514.5975388728002,0.152
-724,0068_000.0,Principal Arterial,Rural,Utah,AM,Auto,834.236189059,239.4109773335,-594.8252117255,-0.713
-725,0006_150.6,Principal Arterial,Rural,Utah,AM,Auto,986.0914503280001,353.6577575116,-632.4336928164,-0.641
-726,0089_297.1,Expressway,Rural,Utah,AM,Auto,341.497173642,671.9843291174001,330.4871554754001,0.968
-727,0089_297.1,Expressway,Rural,Utah,AM,Auto,479.588926918,671.9843291174001,192.39540219940005,0.401
-728,0089_297.1,Expressway,Rural,Utah,AM,Auto,1153.252750332,671.9843291174001,-481.2684212145999,-0.417
-730,2495_013.0,,,Utah,AM,Auto,389.0,0.0,-389.0,-1.0
-731,0096_013.6,,,Utah,AM,Auto,141.930206856,0.0,-141.930206856,-1.0
-732,1822_009.9,,,Utah,AM,Auto,239.0,0.0,-239.0,-1.0
-729,1328_000.0,,,Utah,AM,Auto,1674.0,0.0,-1674.0,-1.0
-636,0154_001.4,Freeway,Transition,Salt Lake,AM,Auto,11947.388465267999,12667.896064299599,720.5075990316,0.06
-734,0006_152.6,Minor Arterial,Rural,Utah,AM,Auto,1036.930532462,454.18854385739996,-582.7419886046,-0.562
-748,0006_152.9,Principal Arterial,Rural,Utah,AM,Auto,666.230470178,685.2656264688,19.035156290799932,0.029
-747,2871_000.3,Minor Arterial,Transition,Utah,AM,Auto,761.0,669.0,-92.0,-0.121
-821,0089_433.3,Principal Arterial,Suburban,Box Elder,AM,Auto,291.433579491,2552.3589471123,2260.9253676213,7.758
-818,0215_007.7,Freeway,Urban,Salt Lake,AM,Auto,15855.594740924,16382.6856607765,527.0909198525005,0.033
-816,0015_300.3,Freeway,Urban,Salt Lake,AM,Auto,20767.394029928,41328.649007737,20561.254977809003,0.99
-820,0154_006.8,Expressway,Suburban,Salt Lake,AM,Auto,9931.051188536,9193.8057098304,-737.2454787055995,-0.074
-819,0154_008.3,Expressway,Urban,Salt Lake,AM,Auto,12144.662596842001,9764.7045839757,-2379.958012866302,-0.196
-681,0065_002.4,Local,Rural,Salt Lake,AM,Auto,1579.925523802,62.563048725,-1517.362475077,-0.96
-815,0080_104.3,Freeway,Transition,Salt Lake,AM,Auto,6553.984098475,5208.841144865,-1345.1429536099995,-0.205
-812,1112_002.2,Collector,Rural,Box Elder,AM,Auto,29.0,270.6,241.60000000000002,8.331
-824,0190_011.6,Minor Arterial,Rural,Salt Lake,AM,Auto,1904.2410714900002,202.7712410372,-1701.4698304528001,-0.894
-811,0080_136.1,Freeway,Rural,Salt Lake,AM,Auto,1708.80949306,12200.4326799036,10491.6231868436,6.14
-814,0201_000.0,,,Salt Lake,AM,Auto,1494.102335264,0.0,-1494.102335264,-1.0
-715,1826_014.6,Collector,Transition,Utah,AM,Auto,1072.0,368.6,-703.4,-0.656
-717,0015_241.6,Freeway,Rural,Utah,AM,Auto,2157.1511809169997,5623.2333329058,3466.0821519888004,1.607
-718,0015_241.6,Freeway,Rural,Utah,AM,Auto,7257.605139613999,5623.2333329058,-1634.371806708199,-0.225
-716,2851_000.0,,,Utah,AM,Auto,3344.0,0.0,-3344.0,-1.0
-721,0015_241.6,Freeway,Rural,Utah,AM,Auto,1394.637507917,5623.2333329058,4228.5958249888,3.032
-722,1826_014.9,Collector,Transition,Utah,AM,Auto,517.0,370.3,-146.7,-0.284
-638,0015_242.4,Freeway,Transition,Utah,AM,Auto,4105.0243303199995,6329.2710339432,2224.2467036232,0.542
-639,0015_248.8,Freeway,Suburban,Utah,AM,Auto,7847.404396917,9463.9117998077,1616.5074028907002,0.206
-641,0015_271.6,Freeway,Urban,Utah,AM,Auto,31884.75743607,36261.835125705,4377.0776896350035,0.137
-642,0052_001.0,Principal Arterial,Urban,Utah,AM,Auto,6331.775896692,5566.227847255201,-765.5480494367994,-0.121
-643,2932_001.3,Collector,Transition,Utah,AM,Auto,1686.0,2012.2,326.20000000000005,0.193
-646,0077_007.4,Principal Arterial,Suburban,Utah,AM,Auto,5435.372452228,5332.6024235672,-102.77002866079965,-0.019
-647,0089_344.0,Principal Arterial,Urban,Utah,AM,Auto,4218.440346429,4573.236925059,354.7965786300001,0.084
-648,0194_000.8,Expressway,Suburban,Utah,AM,Auto,8463.230341485001,9441.173242225901,977.9429007408999,0.116
-649,0114_000.0,Principal Arterial,Urban,Utah,AM,Auto,5930.000556876,6697.9670600898,767.9665032138,0.13
-650,0006_159.8,Principal Arterial,Suburban,Utah,AM,Auto,2314.83878906,2132.903009748,-181.93577931200025,-0.079
-651,0114_005.0,Principal Arterial,Urban,Utah,AM,Auto,3545.4871917960004,2281.6424787595997,-1263.8447130364007,-0.356
-653,0156_001.0,Principal Arterial,Urban,Utah,AM,Auto,5309.541788106,5824.5911987046,515.0494105985999,0.097
-655,0015_253.6,Freeway,Rural,Utah,AM,Auto,10998.671867403002,12261.4734796752,1262.8016122721983,0.115
-657,2889_000.0,Minor Arterial,Suburban,Utah,AM,Auto,4220.0,4659.0,439.0,0.104
-658,0089_349.3,Principal Arterial,Urban,Utah,AM,Auto,1837.347573425,2500.6502380641,663.3026646390999,0.361
-659,0189_002.7,Principal Arterial,Urban,Utah,AM,Auto,4606.922458834,6932.8724124272,2325.9499535932,0.505
-660,0089_329.8,Minor Arterial,Suburban,Utah,AM,Auto,3127.5834834800003,4142.770806137,1015.1873226570001,0.325
-661,0052_003.1,Principal Arterial,Urban,Utah,AM,Auto,4420.110832926,2709.1026642027,-1711.0081687232996,-0.387
-662,2878_004.4,Minor Arterial,Suburban,Utah,AM,Auto,2460.0,3597.3,1137.3000000000002,0.462
-664,0089_326.5,Principal Arterial,Suburban,Utah,AM,Auto,0.0,3177.1442392954,3177.1442392954,inf
-665,0015_260.0,Freeway,Transition,Utah,AM,Auto,22574.874542483998,27090.751593028202,4515.877050544204,0.2
-667,0015_261.8,Freeway,Rural,Utah,AM,Auto,24634.763867672,29134.1424235596,4499.378555887597,0.183
-668,0015_264.2,Freeway,Suburban,Utah,AM,Auto,23000.486458693,24187.173671123503,1186.687212430501,0.052
-669,0015_269.6,Freeway,Urban,Utah,AM,Auto,30002.595183504,29980.988630803204,-21.606552700795874,-0.001
-670,0015_272.7,Freeway,Suburban,Utah,AM,Auto,33603.205444533,37233.294639982996,3630.0891954499966,0.108
-671,0015_276.4,Freeway,Urban,Utah,AM,Auto,35039.04249169,36744.02237878,1704.9798870899976,0.049
-672,0015_278.5,Freeway,Urban,Utah,AM,Auto,30224.84831689,33565.6179319968,3340.769615106801,0.111
-673,0015_279.6,Freeway,Suburban,Utah,AM,Auto,29916.913093056,32456.691903834,2539.7788107779998,0.085
-674,0015_283.9,Freeway,Urban,Utah,AM,Auto,36363.817605204,42598.37890906561,6234.561303861607,0.171
-675,0092_002.4,Freeway,Transition,Utah,AM,Auto,4111.174504494,8021.562100012599,3910.3875955185995,0.951
-676,0092_002.4,Freeway,Transition,Utah,AM,Auto,2616.623123888,8021.562100012599,5404.938976124599,2.066
-301,0080_128.7,Freeway,Rural,Salt Lake,AM,Auto,10260.799275104,12802.8117630276,2542.012487923599,0.248
-304,0089_433.3,Principal Arterial,Suburban,Box Elder,AM,Auto,250.578404796,2552.3589471123,2301.7805423163,9.186
-305,1826_015.6,Collector,Transition,Utah,AM,Auto,640.0,457.5,-182.5,-0.285
-306,0015_267.0,Freeway,Suburban,Utah,AM,Auto,31127.094907913997,25986.3642358494,-5140.7306720645975,-0.165
-308,2826_000.0,Collector,Rural,Utah,AM,Auto,841.0,22.6,-818.4,-0.973
-309,0080_136.1,Freeway,Rural,Salt Lake,AM,Auto,1641.858414972,12200.4326799036,10558.574264931602,6.431
-310,0015_365.5,Freeway,Rural,Box Elder,AM,Auto,1072.528856982,4544.0891799468,3471.5603229648,3.237
-312,0006_181.6,Expressway,Rural,Utah,AM,Auto,1347.0122591099998,2871.758685501,1524.746426391,1.132
-313,0015_241.6,Freeway,Rural,Utah,AM,Auto,1202.484062321,5623.2333329058,4420.7492705848,3.676
-314,0006_221.1,,,Utah,AM,Auto,488.37814294200007,0.0,-488.37814294200007,-1.0
-315,0015_321.0,Freeway,Suburban,Davis,AM,Auto,24853.751349868,24980.981425594597,127.23007572659844,0.005
-317,0210_003.9,,,Salt Lake,AM,Auto,438.54166141,0.0,-438.54166141,-1.0
-319,0189_013.1,Expressway,Rural,Utah,AM,Auto,2683.342702764,2035.6347924056,-647.7079103584001,-0.241
-320,0039_008.7,Minor Arterial,Suburban,Weber,AM,Auto,1365.601061952,1917.446926336,551.8458643839999,0.404
-321,0006_146.9,Principal Arterial,Rural,Utah,AM,Auto,286.837242354,280.5321512682,-6.305091085800029,-0.022
-322,0190_001.8,Minor Arterial,Transition,Salt Lake,AM,Auto,578.2284532150001,363.0231266425,-215.20532657250004,-0.372
-323,0080_101.5,Freeway,Rural,Salt Lake,AM,Auto,831.7331125559999,5311.6339518108,4479.9008392548,5.386
-324,0006_184.1,Expressway,Rural,Utah,AM,Auto,326.40080058,2810.9442079799996,2484.5434073999995,7.612
-325,0089_377.3,Principal Arterial,Urban,Salt Lake,AM,Auto,2747.961766304,5802.0244608112,3054.0626945072,1.111
-327,0006_174.4,Expressway,Suburban,Utah,AM,Auto,5031.02411235,6268.005793645,1236.9816812950003,0.246
-329,0089_412.2,Principal Arterial,Urban,Weber,AM,Auto,4157.240998409,2083.9770665534,-2073.2639318556,-0.499
-332,0186_006.0,Principal Arterial,Suburban,Salt Lake,AM,Auto,8608.619403288001,8459.1556876152,-149.4637156728004,-0.017
-333,0071_021.2,Principal Arterial,Urban,Salt Lake,AM,Auto,6582.128617003,8142.814129875801,1560.6855128728012,0.237
-335,0173_007.7,Minor Arterial,Urban,Salt Lake,AM,Auto,5147.757269291,4740.091245947399,-407.6660233436005,-0.079
-340,0080_117.7,Freeway,Urban,Salt Lake,AM,Auto,14366.589357648001,15852.054353165402,1485.464995517401,0.103
-341,0080_123.2,Freeway,Suburban,Salt Lake,AM,Auto,24503.537011660002,26924.636668282503,2421.0996566225003,0.099
-348,0015_340.3,Freeway,Suburban,Weber,AM,Auto,18891.37127864,19306.310709756,414.93943111599947,0.022
-349,0015_246.9,Freeway,Transition,Utah,AM,Auto,6504.145102147,8365.4945744271,1861.3494722801006,0.286
-350,0189_004.0,Expressway,Suburban,Utah,AM,Auto,5148.765778624,4691.2034943772,-457.5622842468001,-0.089
-351,0215_011.5,Freeway,Suburban,Salt Lake,AM,Auto,21036.423992875,24159.1737191055,3122.7497262305005,0.148
-353,0215_017.5,Freeway,Urban,Salt Lake,AM,Auto,25594.062635861,27822.3166725002,2228.2540366392022,0.087
-354,0171_008.8,Principal Arterial,Urban,Salt Lake,AM,Auto,4189.563111832001,7422.776342822401,3233.2132309904,0.772
-362,0089_433.3,Principal Arterial,Suburban,Box Elder,AM,Auto,259.657332506,2552.3589471123,2292.7016146063,8.83
-363,0091_006.6,Principal Arterial,Rural,Box Elder,AM,Auto,3353.6511674830003,3288.7465484510003,-64.90461903200003,-0.019
-382,0006_155.9,Principal Arterial,Rural,Utah,AM,Auto,285.614133582,530.0593634406,244.4452298586,0.856
-400,0015_241.6,Freeway,Rural,Utah,AM,Auto,4090.8858556449995,5623.2333329058,1532.3474772608006,0.375
-401,0015_241.6,Freeway,Rural,Utah,AM,Auto,2721.4112989369996,5623.2333329058,2901.8220339688005,1.066
-402,0141_000.0,Minor Arterial,Rural,Utah,AM,Auto,4492.406169790001,188.8090908242,-4303.5970789658,-0.958
-403,0015_241.6,Freeway,Rural,Utah,AM,Auto,1418.27543178,5623.2333329058,4204.9579011258,2.965
-404,2865_019.4,Local,Rural,Utah,AM,Auto,536.0,64.8,-471.2,-0.879
-405,2823_000.0,Collector,Rural,Utah,AM,Auto,295.0,27.5,-267.5,-0.907
-406,0071_015.7,Principal Arterial,Urban,Salt Lake,AM,Auto,4850.152756128,5561.7940067328,711.6412506048,0.147
-407,0068_038.1,Principal Arterial,Transition,Salt Lake,AM,Auto,5824.8868758240005,4173.962027352,-1650.9248484720001,-0.283
-409,2330_001.0,Minor Arterial,Urban,Salt Lake,AM,Auto,1574.0,5539.6,3965.6000000000004,2.519
-411,0089_297.1,Expressway,Rural,Utah,AM,Auto,289.24623997000003,671.9843291174001,382.73808914740005,1.323
-412,1826_016.1,Collector,Suburban,Utah,AM,Auto,734.0,647.2,-86.79999999999995,-0.118
-414,2820_000.0,Collector,Rural,Utah,AM,Auto,85.0,70.6,-14.400000000000006,-0.169
-415,0089_297.1,Expressway,Rural,Utah,AM,Auto,168.882482047,671.9843291174001,503.1018470704001,2.979
-416,0089_297.1,Expressway,Rural,Utah,AM,Auto,525.308493881,671.9843291174001,146.67583523640008,0.279
-418,0006_221.1,,,Utah,AM,Auto,282.15226713600003,0.0,-282.15226713600003,-1.0
-420,2865_004.4,,,Utah,AM,Auto,605.0,0.0,-605.0,-1.0
-421,0006_178.8,Expressway,Rural,Utah,AM,Auto,1330.77341331,2971.140421797,1640.3670084869998,1.233
-425,2824_000.0,,,Utah,AM,Auto,2646.0,0.0,-2646.0,-1.0
-427,3041_000.0,Collector,Transition,Utah,AM,Auto,894.0,548.0,-346.0,-0.387
-430,0038_003.2,Minor Arterial,Rural,Box Elder,AM,Auto,50.20944754,532.220143924,482.010696384,9.6
-431,0006_159.3,Principal Arterial,Suburban,Utah,AM,Auto,346.89403294,1346.2832035016,999.3891705615999,2.881
-503,0089_297.1,Expressway,Rural,Utah,AM,Auto,836.014938752,671.9843291174001,-164.03060963459995,-0.196
-504,0089_297.1,Expressway,Rural,Utah,AM,Auto,150.221434307,671.9843291174001,521.7628948104001,3.473
-507,0006_221.1,,,Utah,AM,Auto,988.5126303480001,0.0,-988.5126303480001,-1.0
-508,2851_001.3,Collector,Rural,Utah,AM,Auto,867.0,61.5,-805.5,-0.929
-511,1102_001.1,,,Box Elder,AM,Auto,1260.0,0.0,-1260.0,-1.0
-512,0190_015.7,,,Salt Lake,AM,Auto,60.86615297,0.0,-60.86615297,-1.0
-513,0015_241.6,Freeway,Rural,Utah,AM,Auto,1632.5417738929998,5623.2333329058,3990.6915590128,2.444
-601,0092_007.6,Collector,Transition,Utah,AM,Auto,165.42118176099999,58.1258959116,-107.29528584939999,-0.649
-602,0092_018.8,Collector,Rural,Utah,AM,Auto,42.029373402,24.855301856699995,-17.174071545300002,-0.409
-606,0190_004.7,Minor Arterial,Transition,Salt Lake,AM,Auto,3075.4797579270003,350.2412345188,-2725.2385234082003,-0.886
-611,0015_257.6,Freeway,Suburban,Utah,AM,Auto,18284.934000506,24961.185789154,6676.251788647998,0.365
-612,0015_330.1,Freeway,Urban,Davis,AM,Auto,23515.78578432,24320.953135768,805.167351447999,0.034
-613,0015_357.6,Freeway,Rural,Box Elder,AM,Auto,6873.03974356,9023.405596461,2150.365852901,0.313
-614,0084_081.0,,,Weber,AM,Auto,887.1330790320001,0.0,-887.1330790320001,-1.0
-615,0080_101.5,Freeway,Rural,Salt Lake,AM,Auto,9980.797350671999,5311.6339518108,-4669.163398861199,-0.468
-616,0015_313.7,Freeway,Urban,Davis,AM,Auto,29210.505117014,31316.5586479616,2106.0535309476,0.072
-617,0215_003.7,Freeway,Suburban,Salt Lake,AM,Auto,10022.168438016,15656.938246782001,5634.769808766001,0.562
-621,0015_241.6,Freeway,Rural,Utah,AM,Auto,8094.082638894999,5623.2333329058,-2470.849305989199,-0.305
-702,0141_000.9,Minor Arterial,Rural,Utah,AM,Auto,4997.00166581,233.54487062060002,-4763.4567951894005,-0.953
-703,2851_001.4,Collector,Rural,Utah,AM,Auto,4181.0,59.5,-4121.5,-0.986
-704,0006_157.3,Principal Arterial,Rural,Utah,AM,Auto,1719.9107226600001,638.6238638076001,-1081.2868588524002,-0.629
-711,0154_020.0,Expressway,Urban,Salt Lake,AM,Auto,8583.902401965,9445.952554632,862.0501526669996,0.1
-622,1102_000.0,Principal Arterial,Rural,Box Elder,AM,Auto,4122.0,124.6,-3997.4,-0.97
-623,0006_157.6,Principal Arterial,Rural,Utah,AM,Auto,3729.326779632,727.8101845392,-3001.5165950928003,-0.805
-624,0067_000.0,,,Davis,MD,Auto,10234.931097614999,0.0,-10234.931097614999,-1.0
-625,0067_007.3,,,Davis,MD,Auto,11172.924369981,0.0,-11172.924369981,-1.0
-302,0015_289.8,Freeway,Urban,Salt Lake,MD,Auto,17413.28983693,73576.0508615028,56162.7610245728,3.225
-626,0073_034.6,Principal Arterial,Transition,Utah,MD,Auto,11758.220488616,10504.997945094801,-1253.2225435211985,-0.107
-627,0154_012.9,Expressway,Suburban,Salt Lake,MD,Auto,21478.048976241,19383.8979622311,-2094.151014009898,-0.098
-723,0015_241.6,Freeway,Rural,Utah,MD,Auto,18262.964982022997,8110.5529342318,-10152.412047791197,-0.556
-712,1822_000.0,,,Utah,MD,Auto,4137.0,0.0,-4137.0,-1.0
-713,1828_006.7,Collector,Rural,Utah,MD,Auto,3824.0,205.6,-3618.4,-0.946
-714,0006_149.9,Principal Arterial,Rural,Utah,MD,Auto,2059.853347708,416.23354449,-1643.619803218,-0.798
-628,0215_027.4,Freeway,Suburban,Davis,MD,Auto,9955.984893216,7588.650399768,-2367.334493448,-0.238
-629,0015_303.4,Freeway,Urban,Salt Lake,MD,Auto,77657.61280278,77908.674691326,251.06188854599895,0.003
-631,0266_001.7,Principal Arterial,Urban,Salt Lake,MD,Auto,7085.818821093,9257.0814558783,2171.2626347853,0.306
-632,0145_005.3,Expressway,Suburban,Utah,MD,Auto,16103.950154015,13685.999479401,-2417.9506746139996,-0.15
-634,0085_015.5,Expressway,Suburban,Salt Lake,MD,Auto,8221.51484275,11873.87177515,3652.3569324,0.444
-720,0015_241.6,Freeway,Rural,Utah,MD,Auto,6697.157589959,8110.5529342318,1413.3953442727998,0.211
-733,0015_241.6,Freeway,Rural,Utah,MD,Auto,9007.574019148999,8110.5529342318,-897.021084917199,-0.1
-677,0080_136.1,Freeway,Rural,Salt Lake,MD,Auto,16658.362429384,15960.202815089602,-698.1596142943981,-0.042
-680,0015_295.6,Freeway,Urban,Salt Lake,MD,Auto,16864.097626739,93155.17004042919,76291.07241369018,4.524
-678,0080_136.1,Freeway,Rural,Salt Lake,MD,Auto,15907.109053164,15960.202815089602,53.09376192560194,0.003
-679,0091_006.6,Principal Arterial,Rural,Box Elder,MD,Auto,6162.2510455950005,4743.3475672568,-1418.9034783382003,-0.23
-682,0091_004.9,Principal Arterial,Transition,Box Elder,MD,Auto,7149.493584428999,5656.4997989328995,-1492.9937854961,-0.209
-724,0068_000.0,Principal Arterial,Rural,Utah,MD,Auto,1947.021232453,376.35828749010005,-1570.6629449629,-0.807
-725,0006_150.6,Principal Arterial,Rural,Utah,MD,Auto,2339.755325452,512.9123310556,-1826.8429943963997,-0.781
-726,0089_297.1,Expressway,Rural,Utah,MD,Auto,1917.422655285,1049.2174091815,-868.2052461035,-0.453
-727,0089_297.1,Expressway,Rural,Utah,MD,Auto,1105.667078595,1049.2174091815,-56.44966941350003,-0.051
-728,0089_297.1,Expressway,Rural,Utah,MD,Auto,2992.299005109,1049.2174091815,-1943.0815959275,-0.649
-730,2495_013.0,,,Utah,MD,Auto,1906.0,0.0,-1906.0,-1.0
-731,0096_013.6,,,Utah,MD,Auto,323.72352736600004,0.0,-323.72352736600004,-1.0
-732,1822_009.9,,,Utah,MD,Auto,881.0,0.0,-881.0,-1.0
-729,1328_000.0,,,Utah,MD,Auto,4611.0,0.0,-4611.0,-1.0
-636,0154_001.4,Freeway,Transition,Salt Lake,MD,Auto,17960.751920916,20242.6728546636,2281.9209337476022,0.127
-734,0006_152.6,Minor Arterial,Rural,Utah,MD,Auto,2194.19977161,635.6333722618,-1558.5663993481999,-0.71
-748,0006_152.9,Principal Arterial,Rural,Utah,MD,Auto,1218.549768852,965.7718862974001,-252.77788255459984,-0.207
-747,2871_000.3,Minor Arterial,Transition,Utah,MD,Auto,1426.0,998.7,-427.29999999999995,-0.3
-821,0089_433.3,Principal Arterial,Suburban,Box Elder,MD,Auto,961.4584444889999,3891.9547307228,2930.4962862337998,3.048
-818,0215_007.7,Freeway,Urban,Salt Lake,MD,Auto,27279.251556582,24178.2072684473,-3101.0442881347008,-0.114
-816,0015_300.3,Freeway,Urban,Salt Lake,MD,Auto,44439.474703351,78610.90443136841,34171.429728017414,0.769
-820,0154_006.8,Expressway,Suburban,Salt Lake,MD,Auto,16282.588199631999,14577.1933699296,-1705.394829702398,-0.105
-819,0154_008.3,Expressway,Urban,Salt Lake,MD,Auto,18715.197424274,15917.306705661802,-2797.890718612198,-0.149
-681,0065_002.4,Local,Rural,Salt Lake,MD,Auto,3558.586211478,100.935051943,-3457.6511595350003,-0.972
-815,0080_104.3,Freeway,Transition,Salt Lake,MD,Auto,8162.4474121,5466.840272865001,-2695.6071392349995,-0.33
-812,1112_002.2,Collector,Rural,Box Elder,MD,Auto,119.0,398.9,279.9,2.352
-824,0190_011.6,Minor Arterial,Rural,Salt Lake,MD,Auto,6680.495046693,344.58937745730003,-6335.905669235701,-0.948
-811,0080_136.1,Freeway,Rural,Salt Lake,MD,Auto,5286.799666228,15960.202815089602,10673.403148861602,2.019
-814,0201_000.0,,,Salt Lake,MD,Auto,2104.302192608,0.0,-2104.302192608,-1.0
-715,1826_014.6,Collector,Transition,Utah,MD,Auto,3112.0,561.1,-2550.9,-0.82
-717,0015_241.6,Freeway,Rural,Utah,MD,Auto,8114.6705080659995,8110.5529342318,-4.117573834199902,-0.001
-718,0015_241.6,Freeway,Rural,Utah,MD,Auto,19982.433314637998,8110.5529342318,-11871.880380406197,-0.594
-716,2851_000.0,,,Utah,MD,Auto,8582.0,0.0,-8582.0,-1.0
-721,0015_241.6,Freeway,Rural,Utah,MD,Auto,6594.980757777,8110.5529342318,1515.5721764547998,0.23
-722,1826_014.9,Collector,Transition,Utah,MD,Auto,2196.0,571.4,-1624.6,-0.74
-638,0015_242.4,Freeway,Transition,Utah,MD,Auto,10406.313550476,9014.141441448,-1392.1721090279989,-0.134
-639,0015_248.8,Freeway,Suburban,Utah,MD,Auto,16157.249316177,13707.644748923201,-2449.6045672537985,-0.152
-641,0015_271.6,Freeway,Urban,Utah,MD,Auto,59472.211842959994,57001.060127423996,-2471.151715535998,-0.042
-642,0052_001.0,Principal Arterial,Urban,Utah,MD,Auto,14756.638849281,8897.6622270234,-5858.9766222576,-0.397
-643,2932_001.3,Collector,Transition,Utah,MD,Auto,4596.0,3102.2,-1493.8000000000002,-0.325
-646,0077_007.4,Principal Arterial,Suburban,Utah,MD,Auto,11250.231406048,8872.8120239452,-2377.4193821028002,-0.211
-647,0089_344.0,Principal Arterial,Urban,Utah,MD,Auto,11708.287094790001,6189.5627744229005,-5518.7243203671005,-0.471
-648,0194_000.8,Expressway,Suburban,Utah,MD,Auto,14763.483235437001,17894.468289072,3130.9850536349986,0.212
-649,0114_000.0,Principal Arterial,Urban,Utah,MD,Auto,12459.096897606,11785.518935218799,-673.5779623872004,-0.054
-650,0006_159.8,Principal Arterial,Suburban,Utah,MD,Auto,4943.56868026,3032.7241692159996,-1910.8445110440007,-0.387
-651,0114_005.0,Principal Arterial,Urban,Utah,MD,Auto,8139.459519136,2849.1761575288,-5290.2833616072,-0.65
-653,0156_001.0,Principal Arterial,Urban,Utah,MD,Auto,12433.994348848,9626.0958808428,-2807.8984680052,-0.226
-655,0015_253.6,Freeway,Rural,Utah,MD,Auto,21053.871265867,17690.627184072702,-3363.244081794299,-0.16
-657,2889_000.0,Minor Arterial,Suburban,Utah,MD,Auto,6850.0,7374.5,524.5,0.077
-658,0089_349.3,Principal Arterial,Urban,Utah,MD,Auto,9497.67361032,4784.8568938522,-4712.8167164678,-0.496
-659,0189_002.7,Principal Arterial,Urban,Utah,MD,Auto,12738.322561382001,10242.820691489402,-2495.5018698925996,-0.196
-660,0089_329.8,Minor Arterial,Suburban,Utah,MD,Auto,6392.02155346,5370.447683433001,-1021.5738700269994,-0.16
-661,0052_003.1,Principal Arterial,Urban,Utah,MD,Auto,9620.918560101,3796.9350819414,-5823.9834781596,-0.605
-662,2878_004.4,Minor Arterial,Suburban,Utah,MD,Auto,4346.0,6610.9,2264.8999999999996,0.521
-664,0089_326.5,Principal Arterial,Suburban,Utah,MD,Auto,0.0,4616.746824925401,4616.746824925401,inf
-665,0015_260.0,Freeway,Transition,Utah,MD,Auto,41430.463462278,40475.915163215395,-954.5482990626042,-0.023
-667,0015_261.8,Freeway,Rural,Utah,MD,Auto,45561.567040304006,43666.3687368436,-1895.1983034604054,-0.042
-668,0015_264.2,Freeway,Suburban,Utah,MD,Auto,40802.861324378006,36028.336305838406,-4774.5250185396,-0.117
-669,0015_269.6,Freeway,Urban,Utah,MD,Auto,54655.5068796,47816.86801428,-6838.638865319997,-0.125
-670,0015_272.7,Freeway,Suburban,Utah,MD,Auto,60697.538599067,58666.7280255675,-2030.810573499497,-0.033
-671,0015_276.4,Freeway,Urban,Utah,MD,Auto,64648.61023313,58644.31844725199,-6004.291785878006,-0.093
-672,0015_278.5,Freeway,Urban,Utah,MD,Auto,55233.058699794,53590.6216701022,-1642.4370296917987,-0.03
-673,0015_279.6,Freeway,Suburban,Utah,MD,Auto,55881.077819622,53913.7045241718,-1967.3732954501975,-0.035
-674,0015_283.9,Freeway,Urban,Utah,MD,Auto,64237.252671612005,72304.36682558761,8067.114153975606,0.126
-675,0092_002.4,Freeway,Transition,Utah,MD,Auto,7807.247323612,15096.1734802612,7288.9261566492005,0.934
-676,0092_002.4,Freeway,Transition,Utah,MD,Auto,6712.97256819,15096.1734802612,8383.200912071201,1.249
-301,0080_128.7,Freeway,Rural,Salt Lake,MD,Auto,19182.24643244,16808.0583321544,-2374.188100285599,-0.124
-304,0089_433.3,Principal Arterial,Suburban,Box Elder,MD,Auto,1049.524043276,3891.9547307228,2842.4306874468,2.708
-305,1826_015.6,Collector,Transition,Utah,MD,Auto,1531.0,746.4,-784.6,-0.512
-306,0015_267.0,Freeway,Suburban,Utah,MD,Auto,52356.832149546,39215.3176461414,-13141.5145034046,-0.251
-308,2826_000.0,Collector,Rural,Utah,MD,Auto,2397.0,44.3,-2352.7,-0.982
-309,0080_136.1,Freeway,Rural,Salt Lake,MD,Auto,5268.894145344,15960.202815089602,10691.308669745602,2.029
-310,0015_365.5,Freeway,Rural,Box Elder,MD,Auto,3375.7288220699998,5818.2831981912,2442.5543761212007,0.724
-312,0006_181.6,Expressway,Rural,Utah,MD,Auto,4058.08756542,3993.5381533649997,-64.54941205500018,-0.016
-313,0015_241.6,Freeway,Rural,Utah,MD,Auto,5432.909920124999,8110.5529342318,2677.6430141068004,0.493
-314,0006_221.1,,,Utah,MD,Auto,1731.6115700100002,0.0,-1731.6115700100002,-1.0
-315,0015_321.0,Freeway,Suburban,Davis,MD,Auto,44875.05669003,42208.9672695334,-2666.0894204965953,-0.059
-317,0210_003.9,,,Salt Lake,MD,Auto,1206.403287426,0.0,-1206.403287426,-1.0
-319,0189_013.1,Expressway,Rural,Utah,MD,Auto,5309.273745464,2974.3806749748,-2334.8930704892,-0.44
-320,0039_008.7,Minor Arterial,Suburban,Weber,MD,Auto,3222.161316736,2633.3002218688,-588.8610948672003,-0.183
-321,0006_146.9,Principal Arterial,Rural,Utah,MD,Auto,534.600680796,385.85381363100004,-148.74686716499997,-0.278
-322,0190_001.8,Minor Arterial,Transition,Salt Lake,MD,Auto,2007.713531539,611.4439824072001,-1396.2695491318,-0.695
-323,0080_101.5,Freeway,Rural,Salt Lake,MD,Auto,2798.5469941799997,5550.849957027599,2752.3029628475992,0.983
-324,0006_184.1,Expressway,Rural,Utah,MD,Auto,1186.24768569,3873.0459175290002,2686.7982318390004,2.265
-325,0089_377.3,Principal Arterial,Urban,Salt Lake,MD,Auto,8792.395067104,9687.4222727344,895.0272056304002,0.102
-327,0006_174.4,Expressway,Suburban,Utah,MD,Auto,10520.05834375,9852.09000765,-667.9683361000007,-0.063
-329,0089_412.2,Principal Arterial,Urban,Weber,MD,Auto,11178.883689323,2684.7297131241,-8494.1539761989,-0.76
-332,0186_006.0,Principal Arterial,Suburban,Salt Lake,MD,Auto,16794.955623960002,11384.3866387284,-5410.568985231603,-0.322
-333,0071_021.2,Principal Arterial,Urban,Salt Lake,MD,Auto,14781.601922249,12254.489003396198,-2527.112918852801,-0.171
-335,0173_007.7,Minor Arterial,Urban,Salt Lake,MD,Auto,9997.833024721,7835.237104709,-2162.5959200119996,-0.216
-340,0080_117.7,Freeway,Urban,Salt Lake,MD,Auto,25015.028804196,22383.0060406902,-2632.0227635058,-0.105
-341,0080_123.2,Freeway,Suburban,Salt Lake,MD,Auto,45514.053779320006,41210.8274897242,-4303.226289595805,-0.095
-348,0015_340.3,Freeway,Suburban,Weber,MD,Auto,36003.07477228,29464.179848459997,-6538.894923820004,-0.182
-349,0015_246.9,Freeway,Transition,Utah,MD,Auto,14231.934326335,11875.237594518101,-2356.696731816899,-0.166
-350,0189_004.0,Expressway,Suburban,Utah,MD,Auto,11904.616733711999,6707.962101784599,-5196.654631927399,-0.437
-351,0215_011.5,Freeway,Suburban,Salt Lake,MD,Auto,32550.51604123,37859.267149256,5308.751108025997,0.163
-353,0215_017.5,Freeway,Urban,Salt Lake,MD,Auto,35548.250637354,41158.6632385718,5610.412601217795,0.158
-354,0171_008.8,Principal Arterial,Urban,Salt Lake,MD,Auto,9159.856133792,12000.314420197601,2840.458286405601,0.31
-362,0089_433.3,Principal Arterial,Suburban,Box Elder,MD,Auto,922.419055336,3891.9547307228,2969.5356753868,3.219
-363,0091_006.6,Principal Arterial,Rural,Box Elder,MD,Auto,7200.724950107,4743.3475672568,-2457.3773828502,-0.341
-382,0006_155.9,Principal Arterial,Rural,Utah,MD,Auto,1045.176516078,698.7040030787999,-346.47251299920015,-0.331
-400,0015_241.6,Freeway,Rural,Utah,MD,Auto,13327.213976694,8110.5529342318,-5216.6610424622,-0.391
-401,0015_241.6,Freeway,Rural,Utah,MD,Auto,8343.424609966,8110.5529342318,-232.87167573419993,-0.028
-402,0141_000.0,Minor Arterial,Rural,Utah,MD,Auto,10152.913256486001,308.63169293880003,-9844.281563547202,-0.97
-403,0015_241.6,Freeway,Rural,Utah,MD,Auto,6644.544146521999,8110.5529342318,1466.0087877098003,0.221
-404,2865_019.4,Local,Rural,Utah,MD,Auto,2588.0,128.1,-2459.9,-0.951
-405,2823_000.0,Collector,Rural,Utah,MD,Auto,643.0,63.4,-579.6,-0.901
-406,0071_015.7,Principal Arterial,Urban,Salt Lake,MD,Auto,9536.135514624,8189.2277514432,-1346.9077631808004,-0.141
-407,0068_038.1,Principal Arterial,Transition,Salt Lake,MD,Auto,7855.581382992,5615.6850430752,-2239.8963399167997,-0.285
-409,2330_001.0,Minor Arterial,Urban,Salt Lake,MD,Auto,4322.0,9176.6,4854.6,1.123
-411,0089_297.1,Expressway,Rural,Utah,MD,Auto,1651.5027249900002,1049.2174091815,-602.2853158085002,-0.365
-412,1826_016.1,Collector,Suburban,Utah,MD,Auto,2459.0,1128.1,-1330.9,-0.541
-414,2820_000.0,Collector,Rural,Utah,MD,Auto,498.0,139.4,-358.6,-0.72
-415,0089_297.1,Expressway,Rural,Utah,MD,Auto,701.655395024,1049.2174091815,347.5620141575,0.495
-416,0089_297.1,Expressway,Rural,Utah,MD,Auto,1059.0144592450001,1049.2174091815,-9.797050063500137,-0.009
-418,0006_221.1,,,Utah,MD,Auto,1278.9923081460001,0.0,-1278.9923081460001,-1.0
-420,2865_004.4,,,Utah,MD,Auto,2228.0,0.0,-2228.0,-1.0
-421,0006_178.8,Expressway,Rural,Utah,MD,Auto,4487.605036829999,4155.845417136,-331.7596196939994,-0.074
-425,2824_000.0,,,Utah,MD,Auto,5222.0,0.0,-5222.0,-1.0
-427,3041_000.0,Collector,Transition,Utah,MD,Auto,1698.0,785.6,-912.4,-0.537
-430,0038_003.2,Minor Arterial,Rural,Box Elder,MD,Auto,183.623122432,714.2652551476,530.6421327155999,2.89
-431,0006_159.3,Principal Arterial,Suburban,Utah,MD,Auto,967.123846052,1803.9325602115998,836.8087141595998,0.865
-503,0089_297.1,Expressway,Rural,Utah,MD,Auto,2576.157640507,1049.2174091815,-1526.9402313255,-0.593
-504,0089_297.1,Expressway,Rural,Utah,MD,Auto,659.6680376090001,1049.2174091815,389.5493715724999,0.591
-507,0006_221.1,,,Utah,MD,Auto,2775.476988876,0.0,-2775.476988876,-1.0
-508,2851_001.3,Collector,Rural,Utah,MD,Auto,3093.0,131.5,-2961.5,-0.957
-511,1102_001.1,,,Box Elder,MD,Auto,2239.0,0.0,-2239.0,-1.0
-512,0190_015.7,,,Salt Lake,MD,Auto,243.46461188,0.0,-243.46461188,-1.0
-513,0015_241.6,Freeway,Rural,Utah,MD,Auto,6866.435625364999,8110.5529342318,1244.1173088668002,0.181
-601,0092_007.6,Collector,Transition,Utah,MD,Auto,965.109215136,98.9785303023,-866.1306848337,-0.897
-602,0092_018.8,Collector,Rural,Utah,MD,Auto,653.6292208379999,33.8408920323,-619.7883288057,-0.948
-606,0190_004.7,Minor Arterial,Transition,Salt Lake,MD,Auto,7720.436746009001,586.5758113366,-7133.860934672401,-0.924
-611,0015_257.6,Freeway,Suburban,Utah,MD,Auto,33946.822629327995,37659.3906882344,3712.568058906407,0.109
-612,0015_330.1,Freeway,Urban,Davis,MD,Auto,43614.769503159994,41951.920238688,-1662.8492644719954,-0.038
-613,0015_357.6,Freeway,Rural,Box Elder,MD,Auto,15177.840016639999,12330.963910257999,-2846.876106382,-0.188
-614,0084_081.0,,,Weber,MD,Auto,3280.6356932520002,0.0,-3280.6356932520002,-1.0
-615,0080_101.5,Freeway,Rural,Salt Lake,MD,Auto,13985.316142344,5550.849957027599,-8434.4661853164,-0.603
-616,0015_313.7,Freeway,Urban,Davis,MD,Auto,50210.682873936,54160.6171300896,3949.934256153603,0.079
-617,0215_003.7,Freeway,Suburban,Salt Lake,MD,Auto,19130.857981942,20845.6783610544,1714.8203791123997,0.09
-621,0015_241.6,Freeway,Rural,Utah,MD,Auto,20215.762498575998,8110.5529342318,-12105.209564344197,-0.599
-702,0141_000.9,Minor Arterial,Rural,Utah,MD,Auto,13737.047533440002,380.55537931180004,-13356.492154128202,-0.972
-703,2851_001.4,Collector,Rural,Utah,MD,Auto,12974.0,134.1,-12839.9,-0.99
-704,0006_157.3,Principal Arterial,Rural,Utah,MD,Auto,8157.513210372,890.3845510386,-7267.1286593334,-0.891
-711,0154_020.0,Expressway,Urban,Salt Lake,MD,Auto,13318.32763624,15933.569706186,2615.242069946,0.196
-622,1102_000.0,Principal Arterial,Rural,Box Elder,MD,Auto,9440.0,36.0,-9404.0,-0.996
-623,0006_157.6,Principal Arterial,Rural,Utah,MD,Auto,10212.845435958001,1040.0401311144,-9172.805304843601,-0.898
-624,0067_000.0,,,Davis,PM,Auto,9538.204443545,0.0,-9538.204443545,-1.0
-625,0067_007.3,,,Davis,PM,Auto,10121.727026412,0.0,-10121.727026412,-1.0
-302,0015_289.8,Freeway,Urban,Salt Lake,PM,Auto,8204.734921473999,47017.901979648595,38813.1670581746,4.731
-626,0073_034.6,Principal Arterial,Transition,Utah,PM,Auto,8719.240984888,7890.8101019243995,-828.4308829636002,-0.095
-627,0154_012.9,Expressway,Suburban,Salt Lake,PM,Auto,19119.188106018002,12620.4699764754,-6498.718129542602,-0.34
-723,0015_241.6,Freeway,Rural,Utah,PM,Auto,11344.678426894,5864.5689104103,-5480.109516483699,-0.483
-712,1822_000.0,,,Utah,PM,Auto,2570.0,0.0,-2570.0,-1.0
-713,1828_006.7,Collector,Rural,Utah,PM,Auto,2533.0,131.7,-2401.3,-0.948
-714,0006_149.9,Principal Arterial,Rural,Utah,PM,Auto,1313.448073724,293.6557818228,-1019.7922919012001,-0.776
-628,0215_027.4,Freeway,Suburban,Davis,PM,Auto,8167.388489708001,5283.4985682464,-2883.8899214616004,-0.353
-629,0015_303.4,Freeway,Urban,Salt Lake,PM,Auto,46237.00298544,47800.960667741994,1563.957682301996,0.034
-631,0266_001.7,Principal Arterial,Urban,Salt Lake,PM,Auto,4788.659946698001,5961.2764452157,1172.6164985176993,0.245
-632,0145_005.3,Expressway,Suburban,Utah,PM,Auto,11869.955854804999,9429.8474546655,-2440.1084001394993,-0.206
-634,0085_015.5,Expressway,Suburban,Salt Lake,PM,Auto,8078.950097375,8078.865739537499,-0.08435783750064729,-0.0
-720,0015_241.6,Freeway,Rural,Utah,PM,Auto,3765.2925172739997,5864.5689104103,2099.2763931363006,0.558
-733,0015_241.6,Freeway,Rural,Utah,PM,Auto,5595.325332474,5864.5689104103,269.2435779363004,0.048
-677,0080_136.1,Freeway,Rural,Salt Lake,PM,Auto,11799.738262556,11773.5806320472,-26.15763050880014,-0.002
-680,0015_295.6,Freeway,Urban,Salt Lake,PM,Auto,10198.83785998,56354.4725658431,46155.6347058631,4.526
-678,0080_136.1,Freeway,Rural,Salt Lake,PM,Auto,10575.156334272,11773.5806320472,1198.4242977752,0.113
-679,0091_006.6,Principal Arterial,Rural,Box Elder,PM,Auto,4381.799337149,3183.8665845152004,-1197.9327526337997,-0.273
-682,0091_004.9,Principal Arterial,Transition,Box Elder,PM,Auto,5139.058755141,3874.3138780158997,-1264.7448771251002,-0.246
-724,0068_000.0,Principal Arterial,Rural,Utah,PM,Auto,1301.775152158,261.8359230749,-1039.9392290831001,-0.799
-725,0006_150.6,Principal Arterial,Rural,Utah,PM,Auto,1582.089627076,367.0094035764,-1215.0802234996,-0.768
-726,0089_297.1,Expressway,Rural,Utah,PM,Auto,961.04395861,730.580019021,-230.463939589,-0.24
-727,0089_297.1,Expressway,Rural,Utah,PM,Auto,769.768219275,730.580019021,-39.18820025399998,-0.051
-728,0089_297.1,Expressway,Rural,Utah,PM,Auto,2016.3262083070001,730.580019021,-1285.7461892860001,-0.638
-730,2495_013.0,,,Utah,PM,Auto,942.0,0.0,-942.0,-1.0
-731,0096_013.6,,,Utah,PM,Auto,200.19168065800002,0.0,-200.19168065800002,-1.0
-732,1822_009.9,,,Utah,PM,Auto,459.0,0.0,-459.0,-1.0
-729,1328_000.0,,,Utah,PM,Auto,2765.0,0.0,-2765.0,-1.0
-636,0154_001.4,Freeway,Transition,Salt Lake,PM,Auto,14494.397959404,14382.0972517788,-112.30070762519972,-0.008
-734,0006_152.6,Minor Arterial,Rural,Utah,PM,Auto,1569.447324324,473.3562660002,-1096.0910583238,-0.698
-748,0006_152.9,Principal Arterial,Rural,Utah,PM,Auto,933.771840092,731.1298613112,-202.64197878080006,-0.217
-747,2871_000.3,Minor Arterial,Transition,Utah,PM,Auto,1119.0,770.0,-349.0,-0.312
-821,0089_433.3,Principal Arterial,Suburban,Box Elder,PM,Auto,529.301485493,2840.3425340735,2311.0410485804996,4.366
-818,0215_007.7,Freeway,Urban,Salt Lake,PM,Auto,17404.061011694,17200.0483934208,-204.01261827320195,-0.012
-816,0015_300.3,Freeway,Urban,Salt Lake,PM,Auto,12681.567401139,47457.3147312992,34775.7473301602,2.742
-820,0154_006.8,Expressway,Suburban,Salt Lake,PM,Auto,13413.095026871999,10267.0717799816,-3146.0232468903996,-0.235
-819,0154_008.3,Expressway,Urban,Salt Lake,PM,Auto,14787.086747318,11130.492764441,-3656.5939828770006,-0.247
-681,0065_002.4,Local,Rural,Salt Lake,PM,Auto,2277.29497359,70.904788555,-2206.3901850350003,-0.969
-815,0080_104.3,Freeway,Transition,Salt Lake,PM,Auto,6560.434076675,5204.003661215001,-1356.4304154599995,-0.207
-812,1112_002.2,Collector,Rural,Box Elder,PM,Auto,59.0,294.4,235.39999999999998,3.99
-824,0190_011.6,Minor Arterial,Rural,Salt Lake,PM,Auto,3609.3628711210004,236.4215284649,-3372.9413426561005,-0.934
-811,0080_136.1,Freeway,Rural,Salt Lake,PM,Auto,2808.0527751560003,11773.5806320472,8965.5278568912,3.193
-814,0201_000.0,,,Salt Lake,PM,Auto,2023.76127184,0.0,-2023.76127184,-1.0
-715,1826_014.6,Collector,Transition,Utah,PM,Auto,1866.0,404.8,-1461.2,-0.783
-717,0015_241.6,Freeway,Rural,Utah,PM,Auto,4268.551541454,5864.5689104103,1596.0173689563007,0.374
-718,0015_241.6,Freeway,Rural,Utah,PM,Auto,11292.82749713,5864.5689104103,-5428.258586719699,-0.481
-716,2851_000.0,,,Utah,PM,Auto,5426.0,0.0,-5426.0,-1.0
-721,0015_241.6,Freeway,Rural,Utah,PM,Auto,3658.540603054,5864.5689104103,2206.0283073563005,0.603
-722,1826_014.9,Collector,Transition,Utah,PM,Auto,1085.0,407.9,-677.1,-0.624
-638,0015_242.4,Freeway,Transition,Utah,PM,Auto,6383.543452991999,6725.628813851999,342.08536086000004,0.054
-639,0015_248.8,Freeway,Suburban,Utah,PM,Auto,11185.426847535,10119.700973709,-1065.7258738260007,-0.095
-641,0015_271.6,Freeway,Urban,Utah,PM,Auto,39960.2207802,38974.173581175,-986.0471990250007,-0.025
-642,0052_001.0,Principal Arterial,Urban,Utah,PM,Auto,9903.611035887001,6091.2917805525,-3812.3192553345007,-0.385
-643,2932_001.3,Collector,Transition,Utah,PM,Auto,3228.0,2400.8,-827.1999999999998,-0.256
-646,0077_007.4,Principal Arterial,Suburban,Utah,PM,Auto,7686.8713133480005,6059.2555237448005,-1627.6157896032,-0.212
-647,0089_344.0,Principal Arterial,Urban,Utah,PM,Auto,8276.767365066,4921.9382804151,-3354.8290846509,-0.405
-648,0194_000.8,Expressway,Suburban,Utah,PM,Auto,10045.585524341,10917.3392667854,871.7537424443999,0.087
-649,0114_000.0,Principal Arterial,Urban,Utah,PM,Auto,8176.84786071,7618.9934877318,-557.8543729781995,-0.068
-650,0006_159.8,Principal Arterial,Suburban,Utah,PM,Auto,3909.37099938,2355.6532794759996,-1553.7177199040002,-0.397
-651,0114_005.0,Principal Arterial,Urban,Utah,PM,Auto,6413.294966716,2366.4894030558,-4046.8055636602003,-0.631
-653,0156_001.0,Principal Arterial,Urban,Utah,PM,Auto,8184.770441542,6631.6698256402005,-1553.1006159017998,-0.19
-655,0015_253.6,Freeway,Rural,Utah,PM,Auto,15408.18943356,12995.436043635102,-2412.7533899248992,-0.157
-657,2889_000.0,Minor Arterial,Suburban,Utah,PM,Auto,5377.0,5601.2,224.19999999999982,0.042
-658,0089_349.3,Principal Arterial,Urban,Utah,PM,Auto,5827.016590005,3343.7302960414,-2483.2862939635997,-0.426
-659,0189_002.7,Principal Arterial,Urban,Utah,PM,Auto,8235.912015732001,7638.8877116684,-597.0243040636014,-0.072
-660,0089_329.8,Minor Arterial,Suburban,Utah,PM,Auto,5216.896837380001,4362.741744838,-854.1550925420006,-0.164
-661,0052_003.1,Principal Arterial,Urban,Utah,PM,Auto,6636.307424565,2753.2423607801998,-3883.0650637848,-0.585
-662,2878_004.4,Minor Arterial,Suburban,Utah,PM,Auto,3325.0,4192.3,867.3000000000002,0.261
-664,0089_326.5,Principal Arterial,Suburban,Utah,PM,Auto,0.0,3554.0583708057998,3554.0583708057998,inf
-665,0015_260.0,Freeway,Transition,Utah,PM,Auto,30088.897668192,28608.400555495202,-1480.4971126967976,-0.049
-667,0015_261.8,Freeway,Rural,Utah,PM,Auto,33238.391417882005,30679.153635486204,-2559.2377823958013,-0.077
-668,0015_264.2,Freeway,Suburban,Utah,PM,Auto,29964.368783677,25599.542255197,-4364.82652848,-0.146
-669,0015_269.6,Freeway,Urban,Utah,PM,Auto,38750.774994576,32110.2236849328,-6640.5513096432005,-0.171
-670,0015_272.7,Freeway,Suburban,Utah,PM,Auto,41480.091123469,40354.2740226509,-1125.8171008181016,-0.027
-671,0015_276.4,Freeway,Urban,Utah,PM,Auto,43787.77774443,40640.346596105,-3147.4311483249985,-0.072
-672,0015_278.5,Freeway,Urban,Utah,PM,Auto,37324.594054381996,36892.2452980652,-432.3487563167946,-0.012
-673,0015_279.6,Freeway,Suburban,Utah,PM,Auto,38400.674409834,36272.304102507,-2128.370307327001,-0.055
-674,0015_283.9,Freeway,Urban,Utah,PM,Auto,44373.742653996,47705.2883696916,3331.5457156956036,0.075
-675,0092_002.4,Freeway,Transition,Utah,PM,Auto,5527.894319092,9951.2289972538,4423.3346781618,0.8
-676,0092_002.4,Freeway,Transition,Utah,PM,Auto,4913.5808873860005,9951.2289972538,5037.6481098678,1.025
-301,0080_128.7,Freeway,Rural,Salt Lake,PM,Auto,12947.61096898,12372.7110980906,-574.8998708893996,-0.044
-304,0089_433.3,Principal Arterial,Suburban,Box Elder,PM,Auto,520.222557783,2840.3425340735,2320.1199762905,4.46
-305,1826_015.6,Collector,Transition,Utah,PM,Auto,1035.0,525.8,-509.20000000000005,-0.492
-306,0015_267.0,Freeway,Suburban,Utah,PM,Auto,36820.944784169995,27663.2261432868,-9157.718640883195,-0.249
-308,2826_000.0,Collector,Rural,Utah,PM,Auto,1224.0,30.6,-1193.4,-0.975
-309,0080_136.1,Freeway,Rural,Salt Lake,PM,Auto,2852.4273269120004,11773.5806320472,8921.1533051352,3.128
-310,0015_365.5,Freeway,Rural,Box Elder,PM,Auto,1963.26170733,4190.4993261516,2227.2376188216003,1.134
-312,0006_181.6,Expressway,Rural,Utah,PM,Auto,2272.62646971,2628.825552333,356.19908262299987,0.157
-313,0015_241.6,Freeway,Rural,Utah,PM,Auto,2963.128133278,5864.5689104103,2901.4407771323004,0.979
-314,0006_221.1,,,Utah,PM,Auto,904.2588283560001,0.0,-904.2588283560001,-1.0
-315,0015_321.0,Freeway,Suburban,Davis,PM,Auto,31106.974220686,28070.0226645608,-3036.9515561251974,-0.098
-317,0210_003.9,,,Salt Lake,PM,Auto,931.694171222,0.0,-931.694171222,-1.0
-319,0189_013.1,Expressway,Rural,Utah,PM,Auto,3993.372400588,2136.8228432684,-1856.5495573196,-0.465
-320,0039_008.7,Minor Arterial,Suburban,Weber,PM,Auto,2092.37530016,2039.1236239296002,-53.25167623039965,-0.025
-321,0006_146.9,Principal Arterial,Rural,Utah,PM,Auto,427.147720038,274.0494519828,-153.09826805519998,-0.358
-322,0190_001.8,Minor Arterial,Transition,Salt Lake,PM,Auto,1372.096991238,435.8886069123,-936.2083843257001,-0.682
-323,0080_101.5,Freeway,Rural,Salt Lake,PM,Auto,1537.3461396599998,5306.3583403932,3769.0122007332,2.452
-324,0006_184.1,Expressway,Rural,Utah,PM,Auto,618.70002498,2559.4044865379997,1940.7044615579998,3.137
-325,0089_377.3,Principal Arterial,Urban,Salt Lake,PM,Auto,5848.665834192,6059.5894917632,210.92365757120024,0.036
-327,0006_174.4,Expressway,Suburban,Utah,PM,Auto,7422.0672677,6871.037685400001,-551.0295822999997,-0.074
-329,0089_412.2,Principal Arterial,Urban,Weber,PM,Auto,7373.905086062,2321.7541832783,-5052.1509027837,-0.685
-332,0186_006.0,Principal Arterial,Suburban,Salt Lake,PM,Auto,10805.017616604,8561.835332848801,-2243.182283755199,-0.208
-333,0071_021.2,Principal Arterial,Urban,Salt Lake,PM,Auto,9552.471673618,8440.5116700316,-1111.9600035864005,-0.116
-335,0173_007.7,Minor Arterial,Urban,Salt Lake,PM,Auto,7759.1938519469995,5657.8962125151,-2101.2976394318994,-0.271
-340,0080_117.7,Freeway,Urban,Salt Lake,PM,Auto,17501.801742456002,16254.640240091401,-1247.161502364601,-0.071
-341,0080_123.2,Freeway,Suburban,Salt Lake,PM,Auto,31294.841621057003,27921.9812734506,-3372.860347606402,-0.108
-348,0015_340.3,Freeway,Suburban,Weber,PM,Auto,26296.371191159997,20207.692668772,-6088.678522387996,-0.232
-349,0015_246.9,Freeway,Transition,Utah,PM,Auto,9681.435096047,8913.1508765464,-768.2842195005996,-0.079
-350,0189_004.0,Expressway,Suburban,Utah,PM,Auto,8350.559290738,4882.663701123,-3467.895589615,-0.415
-351,0215_011.5,Freeway,Suburban,Salt Lake,PM,Auto,25806.098124484997,25620.705332248497,-185.3927922365001,-0.007
-353,0215_017.5,Freeway,Urban,Salt Lake,PM,Auto,32658.584019234,28563.997771151,-4094.586248083,-0.125
-354,0171_008.8,Principal Arterial,Urban,Salt Lake,PM,Auto,6469.790150936001,8276.002601748001,1806.2124508120005,0.279
-362,0089_433.3,Principal Arterial,Suburban,Box Elder,PM,Auto,480.275275859,2840.3425340735,2360.0672582145,4.914
-363,0091_006.6,Principal Arterial,Rural,Box Elder,PM,Auto,5145.166163264,3183.8665845152004,-1961.2995787487994,-0.381
-382,0006_155.9,Principal Arterial,Rural,Utah,PM,Auto,659.9476438080001,532.316259864,-127.63138394400005,-0.193
-400,0015_241.6,Freeway,Rural,Utah,PM,Auto,7094.427213591999,5864.5689104103,-1229.8583031816988,-0.173
-401,0015_241.6,Freeway,Rural,Utah,PM,Auto,5243.044015548,5864.5689104103,621.5248948623002,0.119
-402,0141_000.0,Minor Arterial,Rural,Utah,PM,Auto,6525.097578384,232.71643025400002,-6292.38114813,-0.964
-403,0015_241.6,Freeway,Rural,Utah,PM,Auto,3711.9165601639997,5864.5689104103,2152.6523502463006,0.58
-404,2865_019.4,Local,Rural,Utah,PM,Auto,1227.0,74.1,-1152.9,-0.94
-405,2823_000.0,Collector,Rural,Utah,PM,Auto,446.0,43.0,-403.0,-0.904
-406,0071_015.7,Principal Arterial,Urban,Salt Lake,PM,Auto,7407.278914896,5850.2513993112,-1557.0275155848003,-0.21
-407,0068_038.1,Principal Arterial,Transition,Salt Lake,PM,Auto,6503.829172224,4835.9964704352,-1667.8327017888005,-0.256
-409,2330_001.0,Minor Arterial,Urban,Salt Lake,PM,Auto,3124.0,5888.8,2764.8,0.885
-411,0089_297.1,Expressway,Rural,Utah,PM,Auto,850.010724557,730.580019021,-119.430705536,-0.141
-412,1826_016.1,Collector,Suburban,Utah,PM,Auto,1441.0,798.8,-642.2,-0.446
-414,2820_000.0,Collector,Rural,Utah,PM,Auto,249.0,81.6,-167.4,-0.672
-415,0089_297.1,Expressway,Rural,Utah,PM,Auto,367.622640478,730.580019021,362.957378543,0.987
-416,0089_297.1,Expressway,Rural,Utah,PM,Auto,765.10295734,730.580019021,-34.52293831899999,-0.045
-418,0006_221.1,,,Utah,PM,Auto,650.0278793220001,0.0,-650.0278793220001,-1.0
-420,2865_004.4,,,Utah,PM,Auto,1166.0,0.0,-1166.0,-1.0
-421,0006_178.8,Expressway,Rural,Utah,PM,Auto,2536.50771396,2745.014494032,208.5067800720003,0.082
-425,2824_000.0,,,Utah,PM,Auto,3302.0,0.0,-3302.0,-1.0
-427,3041_000.0,Collector,Transition,Utah,PM,Auto,1237.0,607.1,-629.9,-0.509
-430,0038_003.2,Minor Arterial,Rural,Box Elder,PM,Auto,91.094283394,520.4567876432001,429.3625042492001,4.713
-431,0006_159.3,Principal Arterial,Suburban,Utah,PM,Auto,548.343338816,1475.4280904635998,927.0847516475998,1.691
-503,0089_297.1,Expressway,Rural,Utah,PM,Auto,1500.348238296,730.580019021,-769.7682192750001,-0.513
-504,0089_297.1,Expressway,Rural,Utah,PM,Auto,338.698016481,730.580019021,391.88200254,1.157
-507,0006_221.1,,,Utah,PM,Auto,1637.0709666120001,0.0,-1637.0709666120001,-1.0
-508,2851_001.3,Collector,Rural,Utah,PM,Auto,1640.0,92.5,-1547.5,-0.944
-511,1102_001.1,,,Box Elder,PM,Auto,1771.0,0.0,-1771.0,-1.0
-512,0190_015.7,,,Salt Lake,PM,Auto,133.03602006300002,0.0,-133.03602006300002,-1.0
-513,0015_241.6,Freeway,Rural,Utah,PM,Auto,3940.6706620639998,5864.5689104103,1923.8982483463005,0.488
-601,0092_007.6,Collector,Transition,Utah,PM,Auto,752.163715963,67.9963310664,-684.1673848966,-0.91
-602,0092_018.8,Collector,Rural,Utah,PM,Auto,526.091811894,22.8987620604,-503.1930498336,-0.956
-606,0190_004.7,Minor Arterial,Transition,Salt Lake,PM,Auto,4824.9468975790005,417.36790608,-4407.578991499,-0.913
-611,0015_257.6,Freeway,Suburban,Utah,PM,Auto,24768.601602943,27016.798514293096,2248.1969113500963,0.091
-612,0015_330.1,Freeway,Urban,Davis,PM,Auto,30517.16806728,27586.9226426,-2930.2454246800007,-0.096
-613,0015_357.6,Freeway,Rural,Box Elder,PM,Auto,10017.90469266,8517.796746916001,-1500.1079457439992,-0.15
-614,0084_081.0,,,Weber,PM,Auto,1603.7199473260002,0.0,-1603.7199473260002,-1.0
-615,0080_101.5,Freeway,Rural,Salt Lake,PM,Auto,12016.853632151999,5306.3583403932,-6710.495291758799,-0.558
-616,0015_313.7,Freeway,Urban,Davis,PM,Auto,35290.465903862,35188.708170894206,-101.75773296779516,-0.003
-617,0215_003.7,Freeway,Suburban,Salt Lake,PM,Auto,15856.733630514,15649.648415213402,-207.08521530059807,-0.013
-621,0015_241.6,Freeway,Rural,Utah,PM,Auto,12292.482922432999,5864.5689104103,-6427.914012022698,-0.523
-702,0141_000.9,Minor Arterial,Rural,Utah,PM,Auto,8261.056710214001,285.6613009558,-7975.395409258201,-0.965
-703,2851_001.4,Collector,Rural,Utah,PM,Auto,7595.0,89.5,-7505.5,-0.988
-704,0006_157.3,Principal Arterial,Rural,Utah,PM,Auto,4651.541352642,688.9760012538,-3962.5653513882,-0.852
-711,0154_020.0,Expressway,Urban,Salt Lake,PM,Auto,8034.91553139,10900.90852752,2865.9929961299995,0.357
-622,1102_000.0,Principal Arterial,Rural,Box Elder,PM,Auto,6048.0,25.6,-6022.4,-0.996
-623,0006_157.6,Principal Arterial,Rural,Utah,PM,Auto,5916.181589892,800.7312862194001,-5115.4503036726,-0.865
-624,0067_000.0,,,Davis,EV,Auto,9066.548632595,0.0,-9066.548632595,-1.0
-625,0067_007.3,,,Davis,EV,Auto,9800.892033804,0.0,-9800.892033804,-1.0
-302,0015_289.8,Freeway,Urban,Salt Lake,EV,Auto,36235.966505309996,48083.65085171699,11847.684346406997,0.327
-626,0073_034.6,Principal Arterial,Transition,Utah,EV,Auto,10476.398581152,7454.451939606,-3021.9466415459992,-0.288
-627,0154_012.9,Expressway,Suburban,Salt Lake,EV,Auto,20974.501201221,11969.677886553,-9004.823314668,-0.429
-723,0015_241.6,Freeway,Rural,Utah,EV,Auto,12525.049592697998,5859.155063331999,-6665.894529365999,-0.532
-712,1822_000.0,,,Utah,EV,Auto,2499.0,0.0,-2499.0,-1.0
-713,1828_006.7,Collector,Rural,Utah,EV,Auto,2359.0,134.0,-2225.0,-0.943
-714,0006_149.9,Principal Arterial,Rural,Utah,EV,Auto,1187.974773356,294.7013926592,-893.2733806968,-0.752
-628,0215_027.4,Freeway,Suburban,Davis,EV,Auto,8456.335098116,4147.7356276532,-4308.5994704628,-0.51
-629,0015_303.4,Freeway,Urban,Salt Lake,EV,Auto,59944.562294639996,53134.497160074,-6810.0651345659935,-0.114
-631,0266_001.7,Principal Arterial,Urban,Salt Lake,EV,Auto,5313.724832274,6449.177647332101,1135.452815058101,0.214
-632,0145_005.3,Expressway,Suburban,Utah,EV,Auto,13072.16819155,9049.606646752,-4022.561544798,-0.308
-634,0085_015.5,Expressway,Suburban,Salt Lake,EV,Auto,9047.378071875,7085.1304137874995,-1962.247658087501,-0.217
-720,0015_241.6,Freeway,Rural,Utah,EV,Auto,5062.328275047,5859.155063331999,796.8267882849996,0.157
-733,0015_241.6,Freeway,Rural,Utah,EV,Auto,6982.337703660999,5859.155063331999,-1123.1826403289997,-0.161
-677,0080_136.1,Freeway,Rural,Salt Lake,EV,Auto,11095.194940816,11228.3964461748,133.2015053588002,0.012
-680,0015_295.6,Freeway,Urban,Salt Lake,EV,Auto,11662.362907624,59438.7615658584,47776.39865823441,4.097
-678,0080_136.1,Freeway,Rural,Salt Lake,EV,Auto,9121.695139036001,11228.3964461748,2106.701307138799,0.231
-679,0091_006.6,Principal Arterial,Rural,Box Elder,EV,Auto,4369.998497325,3139.0233931840003,-1230.975104141,-0.282
-682,0091_004.9,Principal Arterial,Transition,Box Elder,EV,Auto,5140.595784827,3688.3332860099,-1452.2624988171,-0.283
-724,0068_000.0,Principal Arterial,Rural,Utah,EV,Auto,1229.846080912,280.45285916209997,-949.3932217499,-0.772
-725,0006_150.6,Principal Arterial,Rural,Utah,EV,Auto,1412.378945168,336.3649629096,-1076.0139822584,-0.762
-726,0089_297.1,Expressway,Rural,Utah,EV,Auto,690.45876638,655.8425228223,-34.616243557700045,-0.05
-727,0089_297.1,Expressway,Rural,Utah,EV,Auto,644.739199417,655.8425228223,11.103323405299989,0.017
-728,0089_297.1,Expressway,Rural,Utah,EV,Auto,1931.41844109,655.8425228223,-1275.5759182677,-0.66
-730,2495_013.0,,,Utah,EV,Auto,531.0,0.0,-531.0,-1.0
-731,0096_013.6,,,Utah,EV,Auto,276.85151460800006,0.0,-276.85151460800006,-1.0
-732,1822_009.9,,,Utah,EV,Auto,465.0,0.0,-465.0,-1.0
-729,1328_000.0,,,Utah,EV,Auto,2693.0,0.0,-2693.0,-1.0
-636,0154_001.4,Freeway,Transition,Salt Lake,EV,Auto,14567.193028439999,11282.581362880801,-3284.6116655591977,-0.225
-734,0006_152.6,Minor Arterial,Rural,Utah,EV,Auto,1449.108617638,366.6367303104,-1082.4718873276,-0.747
-748,0006_152.9,Principal Arterial,Rural,Utah,EV,Auto,616.019624844,583.6448708376,-32.37475400639994,-0.053
-747,2871_000.3,Minor Arterial,Transition,Utah,EV,Auto,812.0,655.9,-156.10000000000002,-0.192
-821,0089_433.3,Principal Arterial,Suburban,Box Elder,EV,Auto,359.525537316,2277.2674374993003,1917.7419001833002,5.334
-818,0215_007.7,Freeway,Urban,Salt Lake,EV,Auto,18802.054853892,11720.7523781176,-7081.302475774401,-0.377
-816,0015_300.3,Freeway,Urban,Salt Lake,EV,Auto,48323.098750199,53361.5476773379,5038.448927138896,0.104
-820,0154_006.8,Expressway,Suburban,Salt Lake,EV,Auto,16340.566246167999,8422.361586284,-7918.204659883999,-0.485
-819,0154_008.3,Expressway,Urban,Salt Lake,EV,Auto,17846.513172501,9679.1049283969,-8167.408244104099,-0.458
-681,0065_002.4,Local,Rural,Salt Lake,EV,Auto,2476.662555527,65.065570674,-2411.5969848530003,-0.974
-815,0080_104.3,Freeway,Transition,Salt Lake,EV,Auto,7685.1490253,3943.1941725700003,-3741.95485273,-0.487
-812,1112_002.2,Collector,Rural,Box Elder,EV,Auto,66.0,240.5,174.5,2.644
-824,0190_011.6,Minor Arterial,Rural,Salt Lake,EV,Auto,2892.011782546,193.90217303300003,-2698.109609513,-0.933
-811,0080_136.1,Freeway,Rural,Salt Lake,EV,Auto,4309.00252578,11228.3964461748,6919.3939203948,1.606
-814,0201_000.0,,,Salt Lake,EV,Auto,2313.84509664,0.0,-2313.84509664,-1.0
-715,1826_014.6,Collector,Transition,Utah,EV,Auto,1487.0,346.1,-1140.9,-0.767
-717,0015_241.6,Freeway,Rural,Utah,EV,Auto,6089.434192578,5859.155063331999,-230.2791292460006,-0.038
-718,0015_241.6,Freeway,Rural,Utah,EV,Auto,12698.902710142,5859.155063331999,-6839.74764681,-0.539
-716,2851_000.0,,,Utah,EV,Auto,4790.0,0.0,-4790.0,-1.0
-721,0015_241.6,Freeway,Rural,Utah,EV,Auto,4841.961823549999,5859.155063331999,1017.1932397820001,0.21
-722,1826_014.9,Collector,Transition,Utah,EV,Auto,1456.0,349.2,-1106.8,-0.76
-638,0015_242.4,Freeway,Transition,Utah,EV,Auto,7888.719040776,6533.446026852,-1355.2730139240002,-0.172
-639,0015_248.8,Freeway,Suburban,Utah,EV,Auto,12726.895255345,9496.697346146399,-3230.1979091986013,-0.254
-641,0015_271.6,Freeway,Urban,Utah,EV,Auto,48444.681114479994,34551.417811848,-13893.263302631996,-0.287
-642,0052_001.0,Principal Arterial,Urban,Utah,EV,Auto,10754.683072554,5067.3379217457,-5687.3451508083,-0.529
-643,2932_001.3,Collector,Transition,Utah,EV,Auto,3052.0,1732.5,-1319.5,-0.432
-646,0077_007.4,Principal Arterial,Suburban,Utah,EV,Auto,9187.567933280001,5274.8623721288,-3912.7055611512005,-0.426
-647,0089_344.0,Principal Arterial,Urban,Utah,EV,Auto,7923.79025607,3267.5855157006004,-4656.2047403694,-0.588
-648,0194_000.8,Expressway,Suburban,Utah,EV,Auto,13003.386542986002,14145.8542769674,1142.4677339813989,0.088
-649,0114_000.0,Principal Arterial,Urban,Utah,EV,Auto,10664.666918622,6939.986517446399,-3724.680401175601,-0.349
-650,0006_159.8,Principal Arterial,Suburban,Utah,EV,Auto,4315.7864759799995,1850.1416036879998,-2465.6448722919995,-0.571
-651,0114_005.0,Principal Arterial,Urban,Utah,EV,Auto,7448.993698168,1444.863662396,-6004.130035772,-0.806
-653,0156_001.0,Principal Arterial,Urban,Utah,EV,Auto,8424.225562956,6066.6971148206,-2357.5284481354,-0.28
-655,0015_253.6,Freeway,Rural,Utah,EV,Auto,16574.171470406,11866.379429707002,-4707.792040698998,-0.284
-657,2889_000.0,Minor Arterial,Suburban,Utah,EV,Auto,6638.0,5245.3,-1392.6999999999998,-0.21
-658,0089_349.3,Principal Arterial,Urban,Utah,EV,Auto,5772.905694436,2525.2020473969,-3247.7036470391,-0.563
-659,0189_002.7,Principal Arterial,Urban,Utah,EV,Auto,12344.536602778,6464.2484588468,-5880.2881439312005,-0.476
-660,0089_329.8,Minor Arterial,Suburban,Utah,EV,Auto,4859.250184660001,3238.983116891,-1620.2670677690007,-0.333
-661,0052_003.1,Principal Arterial,Urban,Utah,EV,Auto,6386.82218304,2240.4542335841998,-4146.3679494558,-0.649
-662,2878_004.4,Minor Arterial,Suburban,Utah,EV,Auto,3920.0,5984.6,2064.6000000000004,0.527
-664,0089_326.5,Principal Arterial,Suburban,Utah,EV,Auto,96.575220478,2954.7504605497998,2858.1752400717996,29.595
-665,0015_260.0,Freeway,Transition,Utah,EV,Auto,32386.079372526,25562.933029299602,-6823.146343226399,-0.211
-667,0015_261.8,Freeway,Rural,Utah,EV,Auto,35563.315880464004,27212.127618644,-8351.188261820003,-0.235
-668,0015_264.2,Freeway,Suburban,Utah,EV,Auto,32158.355451591,22218.9510420216,-9939.4044095694,-0.309
-669,0015_269.6,Freeway,Urban,Utah,EV,Auto,46230.600681456,29029.8055054176,-17200.795176038402,-0.372
-670,0015_272.7,Freeway,Suburban,Utah,EV,Auto,49423.052583266,35501.2934310438,-13921.7591522222,-0.282
-671,0015_276.4,Freeway,Urban,Utah,EV,Auto,50986.30434434,35467.742168521996,-15518.562175818006,-0.304
-672,0015_278.5,Freeway,Urban,Utah,EV,Auto,43396.501334976,31690.338873494202,-11706.162461481796,-0.27
-673,0015_279.6,Freeway,Suburban,Utah,EV,Auto,43757.900928456,32137.839699404998,-11620.061229051003,-0.266
-674,0015_283.9,Freeway,Urban,Utah,EV,Auto,51123.437194896,45759.2198899824,-5364.217304913604,-0.105
-675,0092_002.4,Freeway,Transition,Utah,EV,Auto,5832.73461929,10534.7804290614,4702.0458097714,0.806
-676,0092_002.4,Freeway,Transition,Utah,EV,Auto,4407.675708334,10534.7804290614,6127.1047207274005,1.39
-301,0080_128.7,Freeway,Rural,Salt Lake,EV,Auto,11844.99663474,11809.9724147112,-35.02422002880121,-0.003
-304,0089_433.3,Principal Arterial,Suburban,Box Elder,EV,Auto,358.617644545,2277.2674374993003,1918.6497929543002,5.35
-305,1826_015.6,Collector,Transition,Utah,EV,Auto,899.0,440.6,-458.4,-0.51
-306,0015_267.0,Freeway,Suburban,Utah,EV,Auto,45189.15367278,23904.2613888432,-21284.8922839368,-0.471
-308,2826_000.0,Collector,Rural,Utah,EV,Auto,1333.0,21.4,-1311.6,-0.984
-309,0080_136.1,Freeway,Rural,Salt Lake,EV,Auto,4372.061099328001,11228.3964461748,6856.335346846799,1.568
-310,0015_365.5,Freeway,Rural,Box Elder,EV,Auto,2346.452546592,4375.4716942398,2029.0191476477999,0.865
-312,0006_181.6,Expressway,Rural,Utah,EV,Auto,2686.71703761,2715.2974062179997,28.580368607999844,0.011
-313,0015_241.6,Freeway,Rural,Utah,EV,Auto,3897.9698963759997,5859.155063331999,1961.1851669559996,0.503
-314,0006_221.1,,,Utah,EV,Auto,1109.015161104,0.0,-1109.015161104,-1.0
-315,0015_321.0,Freeway,Suburban,Davis,EV,Auto,33817.278348349995,25948.865154477997,-7868.413193871998,-0.233
-317,0210_003.9,,,Salt Lake,EV,Auto,546.10848402,0.0,-546.10848402,-1.0
-319,0189_013.1,Expressway,Rural,Utah,EV,Auto,3460.357329312,1929.2274997188,-1531.1298295932,-0.442
-320,0039_008.7,Minor Arterial,Suburban,Weber,EV,Auto,1707.726168768,1796.9299748672,89.20380609919994,0.052
-321,0006_146.9,Principal Arterial,Rural,Utah,EV,Auto,440.468335008,254.77896232619997,-185.68937268180002,-0.422
-322,0190_001.8,Minor Arterial,Transition,Salt Lake,EV,Auto,1025.159919309,322.3297557997,-702.8301635093001,-0.686
-323,0080_101.5,Freeway,Rural,Salt Lake,EV,Auto,2418.5381092559996,4024.3847659164003,1605.8466566604006,0.664
-324,0006_184.1,Expressway,Rural,Utah,EV,Auto,751.0466182499999,2645.3891750489997,1894.3425567989998,2.522
-325,0089_377.3,Principal Arterial,Urban,Salt Lake,EV,Auto,6315.981722224,4377.6131565376,-1938.3685656864,-0.307
-327,0006_174.4,Expressway,Suburban,Utah,EV,Auto,8807.614320300001,6860.318299635,-1947.2960206650014,-0.221
-329,0089_412.2,Principal Arterial,Urban,Weber,EV,Auto,7520.075822193,1307.0932224087,-6212.9825997843,-0.826
-332,0186_006.0,Principal Arterial,Suburban,Salt Lake,EV,Auto,10781.362749528002,6673.0380021396,-4108.324747388401,-0.381
-333,0071_021.2,Principal Arterial,Urban,Salt Lake,EV,Auto,10958.528801534,5232.4464211025,-5726.0823804315,-0.523
-335,0173_007.7,Minor Arterial,Urban,Salt Lake,EV,Auto,7561.666866114,4258.0512119756,-3303.6156541384,-0.437
-340,0080_117.7,Freeway,Urban,Salt Lake,EV,Auto,21144.733908228,13792.199302416,-7352.534605812001,-0.348
-341,0080_123.2,Freeway,Suburban,Salt Lake,EV,Auto,32838.756568905,24928.113622318204,-7910.642946586799,-0.241
-348,0015_340.3,Freeway,Suburban,Weber,EV,Auto,28288.8081469,18705.257576502,-9583.550570397998,-0.339
-349,0015_246.9,Freeway,Transition,Utah,EV,Auto,11336.725687991,8356.6601583465,-2980.0655296445,-0.263
-350,0189_004.0,Expressway,Suburban,Utah,EV,Auto,8795.173495363999,3806.354582644,-4988.8189127199985,-0.567
-351,0215_011.5,Freeway,Suburban,Salt Lake,EV,Auto,26387.205408089998,18939.673202660997,-7447.532205429001,-0.282
-353,0215_017.5,Freeway,Urban,Salt Lake,EV,Auto,30867.70421393,21919.9942305075,-8947.709983422501,-0.29
-354,0171_008.8,Principal Arterial,Urban,Salt Lake,EV,Auto,6531.752842216,7438.798124424801,907.0452822088009,0.139
-362,0089_433.3,Principal Arterial,Suburban,Box Elder,EV,Auto,341.367681896,2277.2674374993003,1935.8997556033003,5.671
-363,0091_006.6,Principal Arterial,Rural,Box Elder,EV,Auto,5139.265743352,3139.0233931840003,-2000.2423501679996,-0.389
-382,0006_155.9,Principal Arterial,Rural,Utah,EV,Auto,631.930998552,424.529999643,-207.400998909,-0.328
-400,0015_241.6,Freeway,Rural,Utah,EV,Auto,8517.277727409999,5859.155063331999,-2658.1226640779996,-0.312
-401,0015_241.6,Freeway,Rural,Utah,EV,Auto,6610.231031236999,5859.155063331999,-751.0759679049997,-0.114
-402,0141_000.0,Minor Arterial,Rural,Utah,EV,Auto,5723.016677994,188.13127597880003,-5534.8854020152,-0.967
-403,0015_241.6,Freeway,Rural,Utah,EV,Auto,5022.6775640509995,5859.155063331999,836.4774992809998,0.167
-404,2865_019.4,Local,Rural,Utah,EV,Auto,1474.0,69.2,-1404.8,-0.953
-405,2823_000.0,Collector,Rural,Utah,EV,Auto,415.0,44.6,-370.4,-0.893
-406,0071_015.7,Principal Arterial,Urban,Salt Lake,EV,Auto,6758.6289786,4220.5072815144,-2538.1216970855994,-0.376
-407,0068_038.1,Principal Arterial,Transition,Salt Lake,EV,Auto,6635.237358624,3183.3195128111997,-3451.9178458128004,-0.52
-409,2330_001.0,Minor Arterial,Urban,Salt Lake,EV,Auto,3616.0,4581.7,965.6999999999998,0.267
-411,0089_297.1,Expressway,Rural,Utah,EV,Auto,758.571590631,655.8425228223,-102.72906780870005,-0.135
-412,1826_016.1,Collector,Suburban,Utah,EV,Auto,1282.0,650.6,-631.4,-0.493
-414,2820_000.0,Collector,Rural,Utah,EV,Auto,204.0,78.4,-125.6,-0.616
-415,0089_297.1,Expressway,Rural,Utah,EV,Auto,296.710659066,655.8425228223,359.1318637563,1.21
-416,0089_297.1,Expressway,Rural,Utah,EV,Auto,807.090314755,655.8425228223,-151.2477919327,-0.187
-418,0006_221.1,,,Utah,EV,Auto,764.652237846,0.0,-764.652237846,-1.0
-420,2865_004.4,,,Utah,EV,Auto,1296.0,0.0,-1296.0,-1.0
-421,0006_178.8,Expressway,Rural,Utah,EV,Auto,2274.25035429,2807.7776330489996,533.5272787589997,0.235
-425,2824_000.0,,,Utah,EV,Auto,3091.0,0.0,-3091.0,-1.0
-427,3041_000.0,Collector,Transition,Utah,EV,Auto,1247.0,522.4,-724.6,-0.581
-430,0038_003.2,Minor Arterial,Rural,Box Elder,EV,Auto,91.094283394,503.95939773720005,412.86511434320005,4.532
-431,0006_159.3,Principal Arterial,Suburban,Utah,EV,Auto,544.999781872,1112.150628498,567.1508466260001,1.041
-503,0089_297.1,Expressway,Rural,Utah,EV,Auto,1533.938124228,655.8425228223,-878.0956014057001,-0.572
-504,0089_297.1,Expressway,Rural,Utah,EV,Auto,275.250454165,655.8425228223,380.5920686573,1.383
-507,0006_221.1,,,Utah,EV,Auto,1796.7613122480002,0.0,-1796.7613122480002,-1.0
-508,2851_001.3,Collector,Rural,Utah,EV,Auto,2003.0,82.9,-1920.1,-0.959
-511,1102_001.1,,,Box Elder,EV,Auto,1270.0,0.0,-1270.0,-1.0
-512,0190_015.7,,,Salt Lake,EV,Auto,95.64681181,0.0,-95.64681181,-1.0
-513,0015_241.6,Freeway,Rural,Utah,EV,Auto,5281.932212871,5859.155063331999,577.2228504609993,0.109
-601,0092_007.6,Collector,Transition,Utah,EV,Auto,796.032316651,57.851717157299994,-738.1805994937,-0.927
-602,0092_018.8,Collector,Rural,Utah,EV,Auto,407.97477974699996,25.290088478099996,-382.68469126889994,-0.938
-606,0190_004.7,Minor Arterial,Transition,Salt Lake,EV,Auto,3145.9105920780003,307.3740724985,-2838.5365195795002,-0.902
-611,0015_257.6,Freeway,Suburban,Utah,EV,Auto,26855.336582646996,24345.485207330898,-2509.8513753160987,-0.093
-612,0015_330.1,Freeway,Urban,Davis,EV,Auto,34124.39833528,25912.245018412,-8212.153316868,-0.241
-613,0015_357.6,Freeway,Rural,Box Elder,EV,Auto,11919.55370872,8522.142110663,-3397.4115980569986,-0.285
-614,0084_081.0,,,Weber,EV,Auto,2512.811765938,0.0,-2512.811765938,-1.0
-615,0080_101.5,Freeway,Rural,Salt Lake,EV,Auto,13575.631943196,4024.3847659164003,-9551.2471772796,-0.704
-616,0015_313.7,Freeway,Urban,Davis,EV,Auto,38728.296080318,33782.547217660795,-4945.7488626572085,-0.128
-617,0215_003.7,Freeway,Suburban,Salt Lake,EV,Auto,14061.275114544,10183.714705493001,-3877.5604090509987,-0.276
-621,0015_241.6,Freeway,Rural,Utah,EV,Auto,13754.221633574,5859.155063331999,-7895.066570242,-0.574
-702,0141_000.9,Minor Arterial,Rural,Utah,EV,Auto,8181.978311584001,228.197664618,-7953.780646966001,-0.972
-703,2851_001.4,Collector,Rural,Utah,EV,Auto,7212.0,70.7,-7141.3,-0.99
-704,0006_157.3,Principal Arterial,Rural,Utah,EV,Auto,4112.99917161,528.2694111047999,-3584.7297605052004,-0.872
-711,0154_020.0,Expressway,Urban,Salt Lake,EV,Auto,13297.68197615,10037.169184482,-3260.5127916679994,-0.245
-622,1102_000.0,Principal Arterial,Rural,Box Elder,EV,Auto,6965.0,25.2,-6939.8,-0.996
-623,0006_157.6,Principal Arterial,Rural,Utah,EV,Auto,5614.224413244,626.1720214716,-4988.0523917724,-0.888
-624,0067_000.0,,,Davis,AM,SUT,689.081464724,0.0,-689.081464724,-1.0
-625,0067_007.3,,,Davis,AM,SUT,1431.6821478959998,0.0,-1431.6821478959998,-1.0
-302,0015_289.8,Freeway,Urban,Salt Lake,AM,SUT,896.065165464,4993.574509296,4097.509343832,4.573
-626,0073_034.6,Principal Arterial,Transition,Utah,AM,SUT,1196.9521397600001,1158.788053556,-38.164086204000114,-0.032
-627,0154_012.9,Expressway,Suburban,Salt Lake,AM,SUT,1972.99248121,1412.8287907560002,-560.1636904539998,-0.284
-723,0015_241.6,Freeway,Rural,Utah,AM,SUT,850.624840476,646.7695585704,-203.8552819056,-0.24
-712,1822_000.0,,,Utah,AM,SUT,0.0,0.0,0.0,nan
-713,1828_006.7,Collector,Rural,Utah,AM,SUT,0.0,0.0,0.0,nan
-714,0006_149.9,Principal Arterial,Rural,Utah,AM,SUT,111.22962303599999,34.057405065599994,-77.1722179704,-0.694
-628,0215_027.4,Freeway,Suburban,Davis,AM,SUT,639.792729044,519.719464166,-120.07326487800003,-0.188
-629,0015_303.4,Freeway,Urban,Salt Lake,AM,SUT,2371.400259147,2409.7820421066,38.38178295960006,0.016
-631,0266_001.7,Principal Arterial,Urban,Salt Lake,AM,SUT,505.931176058,816.5606325646,310.62945650660004,0.614
-632,0145_005.3,Expressway,Suburban,Utah,AM,SUT,836.218409919,757.7882055888999,-78.43020433010008,-0.094
-634,0085_015.5,Expressway,Suburban,Salt Lake,AM,SUT,980.396018056,1048.3799475422,67.98392948619994,0.069
-720,0015_241.6,Freeway,Rural,Utah,AM,SUT,168.037652784,646.7695585704,478.73190578640003,2.849
-733,0015_241.6,Freeway,Rural,Utah,AM,SUT,327.480477816,646.7695585704,319.2890807544,0.975
-677,0080_136.1,Freeway,Rural,Salt Lake,AM,SUT,1228.94727148,1761.1277390685,532.1804675885,0.433
-680,0015_295.6,Freeway,Urban,Salt Lake,AM,SUT,1444.9657586639998,7840.448657688,6395.482899024,4.426
-678,0080_136.1,Freeway,Rural,Salt Lake,AM,SUT,1090.0501585,1761.1277390685,671.0775805685,0.616
-679,0091_006.6,Principal Arterial,Rural,Box Elder,AM,SUT,441.16536877,504.65787053500003,63.49250176500004,0.144
-682,0091_004.9,Principal Arterial,Transition,Box Elder,AM,SUT,365.0454348,420.62397576,55.57854096,0.152
-724,0068_000.0,Principal Arterial,Rural,Utah,AM,SUT,172.954885103,49.634981819500005,-123.3199032835,-0.713
-725,0006_150.6,Principal Arterial,Rural,Utah,AM,SUT,118.890599688,42.639638403599996,-76.2509612844,-0.641
-726,0089_297.1,Expressway,Rural,Utah,AM,SUT,10.496691876,20.6549658172,10.158273941200001,0.968
-727,0089_297.1,Expressway,Rural,Utah,AM,SUT,14.741255804,20.6549658172,5.913710013200001,0.401
-728,0089_297.1,Expressway,Rural,Utah,AM,SUT,35.447844696000004,20.6549658172,-14.792878878800003,-0.417
-730,2495_013.0,,,Utah,AM,SUT,0.0,0.0,0.0,nan
-731,0096_013.6,,,Utah,AM,SUT,98.453754612,0.0,-98.453754612,-1.0
-732,1822_009.9,,,Utah,AM,SUT,0.0,0.0,0.0,nan
-729,1328_000.0,,,Utah,AM,SUT,0.0,0.0,0.0,nan
-636,0154_001.4,Freeway,Transition,Salt Lake,AM,SUT,2190.730092093,2322.8457995021,132.11570740909974,0.06
-734,0006_152.6,Minor Arterial,Rural,Utah,AM,SUT,221.74572977800003,97.12740339060001,-124.61832638740002,-0.562
-748,0006_152.9,Principal Arterial,Rural,Utah,AM,SUT,127.11495671700001,130.74681262320001,3.631855906200002,0.029
-747,2871_000.3,Minor Arterial,Transition,Utah,AM,SUT,0.0,0.0,0.0,nan
-821,0089_433.3,Principal Arterial,Suburban,Box Elder,AM,SUT,24.804854811000002,217.23952750830003,192.43467269730002,7.758
-818,0215_007.7,Freeway,Urban,Salt Lake,AM,SUT,1714.950913048,1771.961392253,57.01047920499991,0.033
-816,0015_300.3,Freeway,Urban,Salt Lake,AM,SUT,1665.4948432959998,3314.457832484,1648.9629891880002,0.99
-820,0154_006.8,Expressway,Suburban,Salt Lake,AM,SUT,1556.039001956,1440.5242697184,-115.5147322375999,-0.074
-819,0154_008.3,Expressway,Urban,Salt Lake,AM,SUT,1824.54471654,1466.993423259,-357.55129328099997,-0.196
-681,0065_002.4,Local,Rural,Salt Lake,AM,SUT,234.661433168,9.2922954,-225.369137768,-0.96
-815,0080_104.3,Freeway,Transition,Salt Lake,AM,SUT,800.0617971390001,635.8567162746001,-164.20508086439997,-0.205
-812,1112_002.2,Collector,Rural,Box Elder,AM,SUT,0.0,0.0,0.0,nan
-824,0190_011.6,Minor Arterial,Rural,Salt Lake,AM,SUT,253.44456746999998,26.987795951599995,-226.4567715184,-0.894
-811,0080_136.1,Freeway,Rural,Salt Lake,AM,SUT,246.665989475,1761.1277390685,1514.4617495935,6.14
-814,0201_000.0,,,Salt Lake,AM,SUT,419.583980387,0.0,-419.583980387,-1.0
-715,1826_014.6,Collector,Transition,Utah,AM,SUT,0.0,0.0,0.0,nan
-717,0015_241.6,Freeway,Rural,Utah,AM,SUT,248.109874596,646.7695585704,398.6596839744,1.607
-718,0015_241.6,Freeway,Rural,Utah,AM,SUT,834.750719832,646.7695585704,-187.98116126159994,-0.225
-716,2851_000.0,,,Utah,AM,SUT,0.0,0.0,0.0,nan
-721,0015_241.6,Freeway,Rural,Utah,AM,SUT,160.407550596,646.7695585704,486.36200797440006,3.032
-722,1826_014.9,Collector,Transition,Utah,AM,SUT,0.0,0.0,0.0,nan
-638,0015_242.4,Freeway,Transition,Utah,AM,SUT,507.04505238,781.7799127838,274.7348604038,0.542
-639,0015_248.8,Freeway,Suburban,Utah,AM,SUT,1004.5544741010001,1211.4852835581,206.93080945709994,0.206
-641,0015_271.6,Freeway,Urban,Utah,AM,SUT,4227.528178302,4807.875051213,580.346872911,0.137
-642,0052_001.0,Principal Arterial,Urban,Utah,AM,SUT,1014.3030939480001,891.6680279288001,-122.63506601919994,-0.121
-643,2932_001.3,Collector,Transition,Utah,AM,SUT,0.0,0.0,0.0,nan
-646,0077_007.4,Principal Arterial,Suburban,Utah,AM,SUT,435.26146175200006,427.03169768480006,-8.229764067199994,-0.019
-647,0089_344.0,Principal Arterial,Urban,Utah,AM,SUT,354.515046432,384.331925472,29.816879040000003,0.084
-648,0194_000.8,Expressway,Suburban,Utah,AM,SUT,596.05118781,664.9260741213999,68.8748863113999,0.116
-649,0114_000.0,Principal Arterial,Urban,Utah,AM,SUT,250.086229492,282.4737217566,32.38749226460001,0.13
-650,0006_159.8,Principal Arterial,Suburban,Utah,AM,SUT,263.80190251199997,243.0682752096,-20.73362730239998,-0.079
-651,0114_005.0,Principal Arterial,Urban,Utah,AM,SUT,262.222717992,168.7493029592,-93.4734150328,-0.356
-653,0156_001.0,Principal Arterial,Urban,Utah,AM,SUT,572.0193519119999,627.5077992792,55.488447367200024,0.097
-655,0015_253.6,Freeway,Rural,Utah,AM,SUT,1325.145636192,1477.2909193728,152.1452831808001,0.115
-657,2889_000.0,Minor Arterial,Suburban,Utah,AM,SUT,0.0,0.0,0.0,nan
-658,0089_349.3,Principal Arterial,Urban,Utah,AM,SUT,322.82743447499996,439.3716858747,116.54425139970004,0.361
-659,0189_002.7,Principal Arterial,Urban,Utah,AM,SUT,239.37217295000002,360.22675636,120.85458341,0.505
-660,0089_329.8,Minor Arterial,Suburban,Utah,AM,SUT,228.55608954000002,302.7434760135,74.1873864735,0.325
-661,0052_003.1,Principal Arterial,Urban,Utah,AM,SUT,1155.281958858,708.0766865241,-447.2052723339001,-0.387
-662,2878_004.4,Minor Arterial,Suburban,Utah,AM,SUT,0.0,0.0,0.0,nan
-664,0089_326.5,Principal Arterial,Suburban,Utah,AM,SUT,0.0,268.3638525565,268.3638525565,inf
-665,0015_260.0,Freeway,Transition,Utah,AM,SUT,2476.3951700499997,2971.7731663025,495.37799625250045,0.2
-667,0015_261.8,Freeway,Rural,Utah,AM,SUT,2616.9506786919997,3094.9196102705996,477.96893157859995,0.183
-668,0015_264.2,Freeway,Suburban,Utah,AM,SUT,2535.5433776,2666.3622152,130.81883759999982,0.052
-669,0015_269.6,Freeway,Urban,Utah,AM,SUT,3548.607214863,3546.0516636404004,-2.555551222599661,-0.001
-670,0015_272.7,Freeway,Suburban,Utah,AM,SUT,4285.3192416540005,4748.253978754,462.93473709999944,0.108
-671,0015_276.4,Freeway,Urban,Utah,AM,SUT,3986.418142161,4180.394982582,193.9768404209999,0.049
-672,0015_278.5,Freeway,Urban,Utah,AM,SUT,3199.7794202699997,3553.4528531424,353.6734328724001,0.111
-673,0015_279.6,Freeway,Suburban,Utah,AM,SUT,2991.770130336,3245.754702879,253.984572543,0.085
-674,0015_283.9,Freeway,Urban,Utah,AM,SUT,3255.462313851,3813.6099645864,558.1476507354,0.171
-675,0092_002.4,Freeway,Transition,Utah,AM,SUT,265.477175208,517.9886294631999,252.5114542551999,0.951
-676,0092_002.4,Freeway,Transition,Utah,AM,SUT,168.967217216,517.9886294631999,349.0214122471999,2.066
-301,0080_128.7,Freeway,Rural,Salt Lake,AM,SUT,1184.968510096,1478.5328484774,293.5643383813999,0.248
-304,0089_433.3,Principal Arterial,Suburban,Box Elder,AM,SUT,21.327538716000003,217.23952750830003,195.91198879230004,9.186
-305,1826_015.6,Collector,Transition,Utah,AM,SUT,0.0,0.0,0.0,nan
-306,0015_267.0,Freeway,Suburban,Utah,AM,SUT,3556.4026085110004,2969.0523265181005,-587.3502819928999,-0.165
-308,2826_000.0,Collector,Rural,Utah,AM,SUT,0.0,0.0,0.0,nan
-309,0080_136.1,Freeway,Rural,Salt Lake,AM,SUT,237.00162724499998,1761.1277390685,1524.1261118235,6.431
-310,0015_365.5,Freeway,Rural,Box Elder,AM,SUT,226.459185213,959.4620475962,733.0028623832,3.237
-312,0006_181.6,Expressway,Rural,Utah,AM,SUT,118.238859417,252.0789764147,133.84011699770002,1.132
-313,0015_241.6,Freeway,Rural,Utah,AM,SUT,138.306564948,646.7695585704,508.46299362240006,3.676
-314,0006_221.1,,,Utah,AM,SUT,203.147884514,0.0,-203.147884514,-1.0
-315,0015_321.0,Freeway,Suburban,Davis,AM,SUT,3431.592957962,3449.1597962939,17.566838331899817,0.005
-317,0210_003.9,,,Salt Lake,AM,SUT,82.42181474,0.0,-82.42181474,-1.0
-319,0189_013.1,Expressway,Rural,Utah,AM,SUT,1107.618079779,840.2601343365999,-267.35794544240014,-0.241
-320,0039_008.7,Minor Arterial,Suburban,Weber,AM,SUT,28.187460819,39.578147392,11.390686573,0.404
-321,0006_146.9,Principal Arterial,Rural,Utah,AM,SUT,12.872090702,12.589143816599998,-0.28294688540000124,-0.022
-322,0190_001.8,Minor Arterial,Transition,Salt Lake,AM,SUT,76.959195145,48.316487177499994,-28.6427079675,-0.372
-323,0080_101.5,Freeway,Rural,Salt Lake,AM,SUT,79.874917095,510.0991112835,430.2241941885,5.386
-324,0006_184.1,Expressway,Rural,Utah,AM,SUT,28.651007526,246.74076630599998,218.08975877999998,7.612
-325,0089_377.3,Principal Arterial,Urban,Salt Lake,AM,SUT,247.89038528199998,523.3937737571,275.5033884751,1.111
-327,0006_174.4,Expressway,Suburban,Utah,AM,SUT,323.081581104,402.5178923728,79.43631126880001,0.246
-329,0089_412.2,Principal Arterial,Urban,Weber,AM,SUT,353.836231089,177.37403032140003,-176.4622007676,-0.499
-332,0186_006.0,Principal Arterial,Suburban,Salt Lake,AM,SUT,1004.921124814,987.4735832005999,-17.447541613400062,-0.017
-333,0071_021.2,Principal Arterial,Urban,Salt Lake,AM,SUT,313.155289031,387.40739671660003,74.25210768560004,0.237
-335,0173_007.7,Minor Arterial,Urban,Salt Lake,AM,SUT,333.94479609399997,307.4987264916,-26.446069602399973,-0.079
-340,0080_117.7,Freeway,Urban,Salt Lake,AM,SUT,1741.338197192,1921.3876767791003,180.04947958710022,0.103
-341,0080_123.2,Freeway,Suburban,Salt Lake,AM,SUT,2039.7928823799998,2241.3369225224997,201.54404014249985,0.099
-348,0015_340.3,Freeway,Suburban,Weber,AM,SUT,2288.973009792,2339.2491461567997,50.27613636479964,0.022
-349,0015_246.9,Freeway,Transition,Utah,AM,SUT,857.784483017,1103.2643531181,245.4798701011,0.286
-350,0189_004.0,Expressway,Suburban,Utah,AM,SUT,179.902327904,163.9147060862,-15.987621817800004,-0.089
-351,0215_011.5,Freeway,Suburban,Salt Lake,AM,SUT,2670.3046483,3066.6977383164,396.39309001640004,0.148
-353,0215_017.5,Freeway,Urban,Salt Lake,AM,SUT,1942.678367946,2111.8105989972,169.13223105120005,0.087
-354,0171_008.8,Principal Arterial,Urban,Salt Lake,AM,SUT,440.400846005,780.2715686160001,339.8707226110001,0.772
-362,0089_433.3,Principal Arterial,Suburban,Box Elder,AM,SUT,22.100275626000002,217.23952750830003,195.13925188230002,8.83
-363,0091_006.6,Principal Arterial,Rural,Box Elder,AM,SUT,514.617478655,504.65787053500003,-9.959608119999984,-0.019
-382,0006_155.9,Principal Arterial,Rural,Utah,AM,SUT,48.39842006800001,89.82061010440002,41.42219003640001,0.856
-400,0015_241.6,Freeway,Rural,Utah,AM,SUT,470.52296825999997,646.7695585704,176.24659031040005,0.375
-401,0015_241.6,Freeway,Rural,Utah,AM,SUT,313.009594356,646.7695585704,333.75996421440004,1.066
-402,0141_000.0,Minor Arterial,Rural,Utah,AM,SUT,1114.39532968,46.836363646399995,-1067.5589660336,-0.958
-403,0015_241.6,Freeway,Rural,Utah,AM,SUT,163.12632263999998,646.7695585704,483.6432359304,2.965
-404,2865_019.4,Local,Rural,Utah,AM,SUT,0.0,0.0,0.0,nan
-405,2823_000.0,Collector,Rural,Utah,AM,SUT,0.0,0.0,0.0,nan
-406,0071_015.7,Principal Arterial,Urban,Salt Lake,AM,SUT,437.395873212,501.57301605120006,64.17714283920003,0.147
-407,0068_038.1,Principal Arterial,Transition,Salt Lake,AM,SUT,658.1679872349999,471.62601521749997,-186.54197201749997,-0.283
-409,2330_001.0,Minor Arterial,Urban,Salt Lake,AM,SUT,0.0,0.0,0.0,nan
-411,0089_297.1,Expressway,Rural,Utah,AM,SUT,8.89064066,20.6549658172,11.7643251572,1.323
-412,1826_016.1,Collector,Suburban,Utah,AM,SUT,0.0,0.0,0.0,nan
-414,2820_000.0,Collector,Rural,Utah,AM,SUT,0.0,0.0,0.0,nan
-415,0089_297.1,Expressway,Rural,Utah,AM,SUT,5.1909869660000005,20.6549658172,15.4639788512,2.979
-416,0089_297.1,Expressway,Rural,Utah,AM,SUT,16.146550618,20.6549658172,4.508415199200002,0.279
-418,0006_221.1,,,Utah,AM,SUT,117.36527731199999,0.0,-117.36527731199999,-1.0
-420,2865_004.4,,,Utah,AM,SUT,0.0,0.0,0.0,nan
-421,0006_178.8,Expressway,Rural,Utah,AM,SUT,116.813436157,260.8025667659,143.98913060889998,1.233
-425,2824_000.0,,,Utah,AM,SUT,0.0,0.0,0.0,nan
-427,3041_000.0,Collector,Transition,Utah,AM,SUT,0.0,0.0,0.0,nan
-430,0038_003.2,Minor Arterial,Rural,Box Elder,AM,SUT,10.28308904,109.000743824,98.71765478399999,9.6
-431,0006_159.3,Principal Arterial,Suburban,Utah,AM,SUT,45.506619575,176.609545753,131.102926178,2.881
-503,0089_297.1,Expressway,Rural,Utah,AM,SUT,25.696819456,20.6549658172,-5.041853638799999,-0.196
-504,0089_297.1,Expressway,Rural,Utah,AM,SUT,4.617397246,20.6549658172,16.0375685712,3.473
-507,0006_221.1,,,Utah,AM,SUT,411.185988916,0.0,-411.185988916,-1.0
-508,2851_001.3,Collector,Rural,Utah,AM,SUT,0.0,0.0,0.0,nan
-511,1102_001.1,,,Box Elder,AM,SUT,0.0,0.0,0.0,nan
-512,0190_015.7,,,Salt Lake,AM,SUT,8.10096791,0.0,-8.10096791,-1.0
-513,0015_241.6,Freeway,Rural,Utah,AM,SUT,187.770675684,646.7695585704,458.9988828864,2.444
-601,0092_007.6,Collector,Transition,Utah,AM,SUT,13.205960186,4.6403263416,-8.5656338444,-0.649
-602,0092_018.8,Collector,Rural,Utah,AM,SUT,13.306823478,7.869380091299999,-5.437443386700001,-0.409
-606,0190_004.7,Minor Arterial,Transition,Salt Lake,AM,SUT,409.33033568099995,46.615283916399996,-362.71505176459993,-0.886
-611,0015_257.6,Freeway,Suburban,Utah,AM,SUT,2070.34545185,2826.27640165,755.9309498000002,0.365
-612,0015_330.1,Freeway,Urban,Davis,AM,SUT,2306.220475776,2385.1841748573997,78.96369908139968,0.034
-613,0015_357.6,Freeway,Rural,Box Elder,AM,SUT,1107.238468476,1453.6598311431,346.4213626671001,0.313
-614,0084_081.0,,,Weber,AM,SUT,108.352743036,0.0,-108.352743036,-1.0
-615,0080_101.5,Freeway,Rural,Salt Lake,AM,SUT,958.4990051400001,510.0991112835,-448.3998938565001,-0.468
-616,0015_313.7,Freeway,Urban,Davis,AM,SUT,2694.4804207419998,2888.7502555648,194.26983482280048,0.072
-617,0215_003.7,Freeway,Suburban,Salt Lake,AM,SUT,854.6743472640001,1335.198421278,480.524074014,0.562
-621,0015_241.6,Freeway,Rural,Utah,AM,SUT,930.9601692599999,646.7695585704,-284.1906106895999,-0.305
-702,0141_000.9,Minor Arterial,Rural,Utah,AM,SUT,1239.56630552,57.9336113552,-1181.6326941648001,-0.953
-703,2851_001.4,Collector,Rural,Utah,AM,SUT,0.0,0.0,0.0,nan
-704,0006_157.3,Principal Arterial,Rural,Utah,AM,SUT,291.44552684,108.21728476240001,-183.2282420776,-0.629
-711,0154_020.0,Expressway,Urban,Salt Lake,AM,SUT,355.046265759,390.7022731632,35.65600740420001,0.1
-622,1102_000.0,Principal Arterial,Rural,Box Elder,AM,SUT,0.0,0.0,0.0,nan
-623,0006_157.6,Principal Arterial,Rural,Utah,AM,SUT,631.948852768,123.33025190080002,-508.61860086720003,-0.805
-624,0067_000.0,,,Davis,MD,SUT,841.885483719,0.0,-841.885483719,-1.0
-625,0067_007.3,,,Davis,MD,SUT,1816.4984477639998,0.0,-1816.4984477639998,-1.0
-302,0015_289.8,Freeway,Urban,Salt Lake,MD,SUT,2089.23711123,8827.6148503308,6738.377739100799,3.225
-626,0073_034.6,Principal Arterial,Transition,Utah,MD,SUT,2021.5252228400002,1806.0656655020002,-215.45955733799997,-0.107
-627,0154_012.9,Expressway,Suburban,Salt Lake,MD,SUT,2690.434405945,2428.1118856095004,-262.3225203354996,-0.098
-723,0015_241.6,Freeway,Rural,Utah,MD,SUT,2100.558362124,932.8545394584,-1167.7038226655998,-0.556
-712,1822_000.0,,,Utah,MD,SUT,0.0,0.0,0.0,nan
-713,1828_006.7,Collector,Rural,Utah,MD,SUT,0.0,0.0,0.0,nan
-714,0006_149.9,Principal Arterial,Rural,Utah,MD,SUT,248.35140766799998,50.18424579,-198.16716187799997,-0.798
-628,0215_027.4,Freeway,Suburban,Davis,MD,SUT,1006.7188568639999,767.341206072,-239.37765079199994,-0.238
-629,0015_303.4,Freeway,Urban,Salt Lake,MD,SUT,4528.592702969,4543.2333414773,14.640638508300071,0.003
-631,0266_001.7,Principal Arterial,Urban,Salt Lake,MD,SUT,1086.490794774,1419.4172956194,332.9265008453999,0.306
-632,0145_005.3,Expressway,Suburban,Utah,MD,SUT,1500.847422821,1275.5005356414,-225.34688717960012,-0.15
-634,0085_015.5,Expressway,Suburban,Salt Lake,MD,SUT,1174.980274468,1696.9579675048,521.9776930368,0.444
-720,0015_241.6,Freeway,Rural,Utah,MD,SUT,770.289511692,932.8545394584,162.56502776640002,0.211
-733,0015_241.6,Freeway,Rural,Utah,MD,SUT,1036.027553412,932.8545394584,-103.17301395360005,-0.1
-677,0080_136.1,Freeway,Rural,Salt Lake,MD,SUT,2404.62817439,2303.849104066,-100.7790703239998,-0.042
-680,0015_295.6,Freeway,Urban,Salt Lake,MD,SUT,2543.845981864,14051.8876397792,11508.041657915199,4.524
-678,0080_136.1,Freeway,Rural,Salt Lake,MD,SUT,2296.185040065,2303.849104066,7.6640640010000425,0.003
-679,0091_006.6,Principal Arterial,Rural,Box Elder,MD,SUT,945.596884575,727.866269788,-217.73061478700004,-0.23
-682,0091_004.9,Principal Arterial,Transition,Box Elder,MD,SUT,772.1731877999999,610.9240367799999,-161.24915102,-0.209
-724,0068_000.0,Principal Arterial,Rural,Utah,MD,SUT,403.658865401,78.02706862170001,-325.6317967793,-0.807
-725,0006_150.6,Principal Arterial,Rural,Utah,MD,SUT,282.098494692,61.8405672276,-220.25792746439998,-0.781
-726,0089_297.1,Expressway,Rural,Utah,MD,SUT,58.936343730000004,32.250082007,-26.686261723,-0.453
-727,0089_297.1,Expressway,Rural,Utah,MD,SUT,33.98519091,32.250082007,-1.7351089029999969,-0.051
-728,0089_297.1,Expressway,Rural,Utah,MD,SUT,91.975111602,32.250082007,-59.725029594999995,-0.649
-730,2495_013.0,,,Utah,MD,SUT,0.0,0.0,0.0,nan
-731,0096_013.6,,,Utah,MD,SUT,224.55964400699997,0.0,-224.55964400699997,-1.0
-732,1822_009.9,,,Utah,MD,SUT,0.0,0.0,0.0,nan
-729,1328_000.0,,,Utah,MD,SUT,0.0,0.0,0.0,nan
-636,0154_001.4,Freeway,Transition,Salt Lake,MD,SUT,3293.369075941,3711.7929743411005,418.42389840010037,0.127
-734,0006_152.6,Minor Arterial,Rural,Utah,MD,SUT,469.22567559000004,135.92905367420002,-333.2966219158,-0.71
-748,0006_152.9,Principal Arterial,Rural,Utah,MD,SUT,232.49597257800002,184.26664198110004,-48.229330596899985,-0.207
-747,2871_000.3,Minor Arterial,Transition,Utah,MD,SUT,0.0,0.0,0.0,nan
-821,0089_433.3,Principal Arterial,Suburban,Box Elder,MD,SUT,81.832838769,331.25685857880006,249.42401980980006,3.048
-818,0215_007.7,Freeway,Urban,Salt Lake,MD,SUT,2950.540684764,2615.1298206346,-335.4108641294001,-0.114
-816,0015_300.3,Freeway,Urban,Salt Lake,MD,SUT,3563.938539932,6304.4046724688,2740.4661325367997,0.769
-820,0154_006.8,Expressway,Suburban,Salt Lake,MD,SUT,2551.2246196720002,2284.0161622416003,-267.2084574303999,-0.105
-819,0154_008.3,Expressway,Urban,Salt Lake,MD,SUT,2811.66432638,2391.325211366,-420.3391150140001,-0.149
-681,0065_002.4,Local,Rural,Salt Lake,MD,SUT,528.545762352,14.991569912000001,-513.55419244,-0.972
-815,0080_104.3,Freeway,Transition,Salt Lake,MD,SUT,996.411075684,667.3513373946,-329.0597382894,-0.33
-812,1112_002.2,Collector,Rural,Box Elder,MD,SUT,0.0,0.0,0.0,nan
-824,0190_011.6,Minor Arterial,Rural,Salt Lake,MD,SUT,889.1390921789999,45.8630511819,-843.2760409970999,-0.948
-811,0080_136.1,Freeway,Rural,Salt Lake,MD,SUT,763.147487255,2303.849104066,1540.7016168110001,2.019
-814,0201_000.0,,,Salt Lake,MD,SUT,590.944454789,0.0,-590.944454789,-1.0
-715,1826_014.6,Collector,Transition,Utah,MD,SUT,0.0,0.0,0.0,nan
-717,0015_241.6,Freeway,Rural,Utah,MD,SUT,933.328132008,932.8545394584,-0.4735925495999709,-0.001
-718,0015_241.6,Freeway,Rural,Utah,MD,SUT,2298.327102744,932.8545394584,-1365.4725632856,-0.594
-716,2851_000.0,,,Utah,MD,SUT,0.0,0.0,0.0,nan
-721,0015_241.6,Freeway,Rural,Utah,MD,SUT,758.537400276,932.8545394584,174.31713918240007,0.23
-722,1826_014.9,Collector,Transition,Utah,MD,SUT,0.0,0.0,0.0,nan
-638,0015_242.4,Freeway,Transition,Utah,MD,SUT,1285.368703009,1113.410165582,-171.958537427,-0.134
-639,0015_248.8,Freeway,Suburban,Utah,MD,SUT,2068.306444881,1754.7299929296003,-313.5764519513998,-0.152
-641,0015_271.6,Freeway,Urban,Utah,MD,SUT,7885.286626256,7557.642185766401,-327.6444404895992,-0.042
-642,0052_001.0,Principal Arterial,Urban,Utah,MD,SUT,2363.903063739,1425.3388738046,-938.5641899344,-0.397
-643,2932_001.3,Collector,Transition,Utah,MD,SUT,0.0,0.0,0.0,nan
-646,0077_007.4,Principal Arterial,Suburban,Utah,MD,SUT,900.9119816320001,710.5296215368,-190.38236009520006,-0.211
-647,0089_344.0,Principal Arterial,Urban,Utah,MD,SUT,983.95700832,520.1669228832,-463.79008543680004,-0.471
-648,0194_000.8,Expressway,Suburban,Utah,MD,SUT,1039.767484002,1260.277535712,220.51005170999997,0.212
-649,0114_000.0,Principal Arterial,Urban,Utah,MD,SUT,525.438157402,497.03131809959996,-28.406839302400044,-0.054
-650,0006_159.8,Principal Arterial,Suburban,Utah,MD,SUT,563.375224752,345.6130117632,-217.7622129888,-0.387
-651,0114_005.0,Principal Arterial,Urban,Utah,MD,SUT,601.9909486720001,210.7238513776,-391.26709729440006,-0.65
-653,0156_001.0,Principal Arterial,Urban,Utah,MD,SUT,1339.566703296,1037.0599473456,-302.5067559504,-0.226
-655,0015_253.6,Freeway,Rural,Utah,MD,SUT,2536.619509088,2131.4080188128005,-405.2114902751996,-0.16
-657,2889_000.0,Minor Arterial,Suburban,Utah,MD,SUT,0.0,0.0,0.0,nan
-658,0089_349.3,Principal Arterial,Urban,Utah,MD,SUT,1668.7695074399999,840.7135904574001,-828.0559169825998,-0.496
-659,0189_002.7,Principal Arterial,Urban,Utah,MD,SUT,661.87351285,532.209141345,-129.66437150499996,-0.196
-660,0089_329.8,Minor Arterial,Suburban,Utah,MD,SUT,467.11317483,392.45907522150003,-74.65409960849996,-0.16
-661,0052_003.1,Principal Arterial,Urban,Utah,MD,SUT,2514.614239383,992.4028525361999,-1522.2113868468,-0.605
-662,2878_004.4,Minor Arterial,Suburban,Utah,MD,SUT,0.0,0.0,0.0,nan
-664,0089_326.5,Principal Arterial,Suburban,Utah,MD,SUT,0.0,389.9627687315,389.9627687315,inf
-665,0015_260.0,Freeway,Transition,Utah,MD,SUT,4544.796003975,4440.084954842499,-104.7110491325002,-0.023
-667,0015_261.8,Freeway,Rural,Utah,MD,SUT,4840.004735944,4638.6778422446,-201.3268936994,-0.042
-668,0015_264.2,Freeway,Suburban,Utah,MD,SUT,4498.0537696,3971.71641088,-526.3373587200003,-0.117
-669,0015_269.6,Freeway,Urban,Utah,MD,SUT,6464.471651825001,5655.6201818475,-808.8514699775005,-0.125
-670,0015_272.7,Freeway,Suburban,Utah,MD,SUT,7740.580895146,7481.597518065,-258.98337708100007,-0.033
-671,0015_276.4,Freeway,Urban,Utah,MD,SUT,7355.120870097,6672.0080906388,-683.1127794581998,-0.093
-672,0015_278.5,Freeway,Urban,Utah,MD,SUT,5847.295003542,5673.4170025145995,-173.8780010274004,-0.03
-673,0015_279.6,Freeway,Suburban,Utah,MD,SUT,5588.255009857,5391.5124969433,-196.7425129137,-0.035
-674,0015_283.9,Freeway,Urban,Utah,MD,SUT,5750.825105553,6473.0316239919,722.2065184389003,0.126
-675,0092_002.4,Freeway,Transition,Utah,MD,SUT,504.14935278400003,974.8283580784,470.6790052944,0.934
-676,0092_002.4,Freeway,Transition,Utah,MD,SUT,433.48707108,974.8283580784,541.3412869983999,1.249
-301,0080_128.7,Freeway,Rural,Salt Lake,MD,SUT,2215.26192706,1941.0787898155997,-274.1831372444001,-0.124
-304,0089_433.3,Principal Arterial,Suburban,Box Elder,MD,SUT,89.328386796,331.25685857880006,241.92847178280005,2.708
-305,1826_015.6,Collector,Transition,Utah,MD,SUT,0.0,0.0,0.0,nan
-306,0015_267.0,Freeway,Suburban,Utah,MD,SUT,5981.990127279,4480.5163598761,-1501.4737674029002,-0.251
-308,2826_000.0,Collector,Rural,Utah,MD,SUT,0.0,0.0,0.0,nan
-309,0080_136.1,Freeway,Rural,Salt Lake,MD,SUT,760.5628322399999,2303.849104066,1543.2862718260003,2.029
-310,0015_365.5,Freeway,Rural,Box Elder,MD,SUT,712.768513005,1228.5018382708001,515.7333252658001,0.724
-312,0006_181.6,Expressway,Rural,Utah,MD,SUT,356.213272674,350.5472152155,-5.666057458500006,-0.016
-313,0015_241.6,Freeway,Rural,Utah,MD,SUT,624.8790585,932.8545394584,307.9754809584,0.493
-314,0006_221.1,,,Utah,MD,SUT,720.28863767,0.0,-720.28863767,-1.0
-315,0015_321.0,Freeway,Suburban,Davis,MD,SUT,6195.963191145,5827.8524157581005,-368.11077538689915,-0.059
-317,0210_003.9,,,Salt Lake,MD,SUT,226.737746964,0.0,-226.737746964,-1.0
-319,0189_013.1,Expressway,Rural,Utah,MD,SUT,2191.538033854,1227.7514192853,-963.7866145686999,-0.44
-320,0039_008.7,Minor Arterial,Suburban,Weber,MD,SUT,66.50884244199999,54.35412207609999,-12.154720365899998,-0.183
-321,0006_146.9,Principal Arterial,Rural,Utah,MD,SUT,23.990707748,17.315552352999998,-6.675155395000001,-0.278
-322,0190_001.8,Minor Arterial,Transition,Salt Lake,MD,SUT,267.216212917,81.3800090616,-185.83620385540002,-0.695
-323,0080_101.5,Freeway,Rural,Salt Lake,MD,SUT,268.756534725,533.0720557245,264.31552099950005,0.983
-324,0006_184.1,Expressway,Rural,Utah,MD,SUT,104.127169143,339.9705746263,235.8434054833,2.265
-325,0089_377.3,Principal Arterial,Urban,Salt Lake,MD,SUT,793.151574182,873.8909212727,80.7393470907,0.102
-327,0006_174.4,Expressway,Suburban,Utah,MD,SUT,675.57559,632.680095696,-42.89549430400007,-0.063
-329,0089_412.2,Principal Arterial,Urban,Weber,MD,SUT,951.4709572830001,228.50603165610002,-722.9649256269,-0.76
-332,0186_006.0,Principal Arterial,Suburban,Salt Lake,MD,SUT,1960.54731963,1328.9483586576998,-631.5989609723001,-0.322
-333,0071_021.2,Principal Arterial,Urban,Salt Lake,MD,SUT,703.2583365730001,583.0269004273999,-120.23143614560013,-0.171
-335,0173_007.7,Minor Arterial,Urban,Salt Lake,MD,SUT,648.578426714,508.286719906,-140.29170680800001,-0.216
-340,0080_117.7,Freeway,Urban,Salt Lake,MD,SUT,3032.008786234,2712.9879205383004,-319.02086569569974,-0.105
-341,0080_123.2,Freeway,Suburban,Salt Lake,MD,SUT,3788.80987276,3430.5885126105995,-358.2213601494004,-0.095
-348,0015_340.3,Freeway,Suburban,Weber,MD,SUT,4362.312571584,3570.027365088,-792.2852064959998,-0.182
-349,0015_246.9,Freeway,Transition,Utah,MD,SUT,1876.946506685,1566.1388823191,-310.8076243659,-0.166
-350,0189_004.0,Expressway,Suburban,Utah,MD,SUT,415.95760135200004,234.38199550910002,-181.57560584290002,-0.437
-351,0215_011.5,Freeway,Suburban,Salt Lake,MD,SUT,4131.871192504,4805.749165548799,673.8779730447995,0.163
-353,0215_017.5,Freeway,Urban,Salt Lake,MD,SUT,2698.235857044,3124.0856859948,425.84982895079975,0.158
-354,0171_008.8,Principal Arterial,Urban,Salt Lake,MD,SUT,962.87089678,1261.4557847465,298.5848879665001,0.31
-362,0089_433.3,Principal Arterial,Suburban,Box Elder,MD,SUT,78.510070056,331.25685857880006,252.74678852280005,3.219
-363,0091_006.6,Principal Arterial,Rural,Box Elder,MD,SUT,1104.950614495,727.866269788,-377.0843447070001,-0.341
-382,0006_155.9,Principal Arterial,Rural,Utah,MD,SUT,177.10920477200003,118.39809683120001,-58.71110794080002,-0.331
-400,0015_241.6,Freeway,Rural,Utah,MD,SUT,1532.8612188719999,932.8545394584,-600.0066794135998,-0.391
-401,0015_241.6,Freeway,Rural,Utah,MD,SUT,959.638829208,932.8545394584,-26.784289749599907,-0.028
-402,0141_000.0,Minor Arterial,Rural,Utah,MD,SUT,2518.552127312,76.5597998496,-2441.9923274623998,-0.97
-403,0015_241.6,Freeway,Rural,Utah,MD,SUT,764.238051336,932.8545394584,168.61648812240003,0.221
-404,2865_019.4,Local,Rural,Utah,MD,SUT,0.0,0.0,0.0,nan
-405,2823_000.0,Collector,Rural,Utah,MD,SUT,0.0,0.0,0.0,nan
-406,0071_015.7,Principal Arterial,Urban,Salt Lake,MD,SUT,859.9865880960001,738.5199195528,-121.46666854320006,-0.141
-407,0068_038.1,Principal Arterial,Transition,Salt Lake,MD,SUT,887.621047005,634.529768653,-253.09127835200002,-0.285
-409,2330_001.0,Minor Arterial,Urban,Salt Lake,MD,SUT,0.0,0.0,0.0,nan
-411,0089_297.1,Expressway,Rural,Utah,MD,SUT,50.76269022,32.250082007,-18.512608213,-0.365
-412,1826_016.1,Collector,Suburban,Utah,MD,SUT,0.0,0.0,0.0,nan
-414,2820_000.0,Collector,Rural,Utah,MD,SUT,0.0,0.0,0.0,nan
-415,0089_297.1,Expressway,Rural,Utah,MD,SUT,21.566973472,32.250082007,10.683108535000002,0.495
-416,0089_297.1,Expressway,Rural,Utah,MD,SUT,32.55121661,32.250082007,-0.30113460299999417,-0.009
-418,0006_221.1,,,Utah,MD,SUT,532.015171982,0.0,-532.015171982,-1.0
-420,2865_004.4,,,Utah,MD,SUT,0.0,0.0,0.0,nan
-421,0006_178.8,Expressway,Rural,Utah,MD,SUT,393.915717901,364.79432069919994,-29.12139720180005,-0.074
-425,2824_000.0,,,Utah,MD,SUT,0.0,0.0,0.0,nan
-427,3041_000.0,Collector,Transition,Utah,MD,SUT,0.0,0.0,0.0,nan
-430,0038_003.2,Minor Arterial,Rural,Box Elder,MD,SUT,37.606725632,146.2842866576,108.6775610256,2.89
-431,0006_159.3,Principal Arterial,Suburban,Utah,MD,SUT,126.870262285,236.64538724049999,109.77512495549999,0.865
-503,0089_297.1,Expressway,Rural,Utah,MD,SUT,79.18406084600001,32.250082007,-46.933978839000005,-0.593
-504,0089_297.1,Expressway,Rural,Utah,MD,SUT,20.276396602000002,32.250082007,11.973685405000001,0.591
-507,0006_221.1,,,Utah,MD,SUT,1154.499411892,0.0,-1154.499411892,-1.0
-508,2851_001.3,Collector,Rural,Utah,MD,SUT,0.0,0.0,0.0,nan
-511,1102_001.1,,,Box Elder,MD,SUT,0.0,0.0,0.0,nan
-512,0190_015.7,,,Salt Lake,MD,SUT,32.40387164,0.0,-32.40387164,-1.0
-513,0015_241.6,Freeway,Rural,Utah,MD,SUT,789.75942762,932.8545394584,143.09511183840004,0.181
-601,0092_007.6,Collector,Transition,Utah,MD,SUT,77.046927936,7.9016877798,-69.1452401562,-0.897
-602,0092_018.8,Collector,Rural,Utah,MD,SUT,206.944047882,10.714287179700001,-196.2297607023,-0.948
-606,0190_004.7,Minor Arterial,Transition,Salt Lake,MD,SUT,1027.549915327,78.0701850298,-949.4797302972,-0.924
-611,0015_257.6,Freeway,Suburban,Utah,MD,SUT,3843.6917427999997,4264.05412394,420.36238114000025,0.109
-612,0015_330.1,Freeway,Urban,Davis,MD,SUT,4277.351197063,4114.273634738401,-163.07756232459906,-0.038
-613,0015_357.6,Freeway,Rural,Box Elder,MD,SUT,2445.131842944,1986.5035128917998,-458.6283300522,-0.188
-614,0084_081.0,,,Weber,MD,SUT,400.690589346,0.0,-400.690589346,-1.0
-615,0080_101.5,Freeway,Rural,Salt Lake,MD,SUT,1343.07021153,533.0720557245,-809.9981558055,-0.603
-616,0015_313.7,Freeway,Urban,Davis,MD,SUT,4631.611174608,4995.9670963488,364.3559217408001,0.079
-617,0215_003.7,Freeway,Suburban,Salt Lake,MD,SUT,1631.448688918,1777.6858028976003,146.23711397960028,0.09
-621,0015_241.6,Freeway,Rural,Utah,MD,SUT,2325.1640138879998,932.8545394584,-1392.3094744295997,-0.599
-702,0141_000.9,Minor Arterial,Rural,Utah,MD,SUT,3407.63970048,94.4013344656,-3313.2383660144,-0.972
-703,2851_001.4,Collector,Rural,Utah,MD,SUT,0.0,0.0,0.0,nan
-704,0006_157.3,Principal Arterial,Rural,Utah,MD,SUT,1382.322177528,150.8791073564,-1231.4430701716,-0.891
-711,0154_020.0,Expressway,Urban,Salt Lake,MD,SUT,550.870952624,659.0422583436,108.17130571960001,0.196
-622,1102_000.0,Principal Arterial,Rural,Box Elder,MD,SUT,0.0,0.0,0.0,nan
-623,0006_157.6,Principal Arterial,Rural,Utah,MD,SUT,1730.6061758920002,176.23882446560003,-1554.3673514264,-0.898
-624,0067_000.0,,,Davis,PM,SUT,784.575468577,0.0,-784.575468577,-1.0
-625,0067_007.3,,,Davis,PM,SUT,1645.5943693279999,0.0,-1645.5943693279999,-1.0
-302,0015_289.8,Freeway,Urban,Salt Lake,PM,SUT,984.399665214,5641.1824892346,4656.7828240206,4.731
-626,0073_034.6,Principal Arterial,Transition,Utah,PM,SUT,1499.05043812,1356.622940106,-142.4274980140001,-0.095
-627,0154_012.9,Expressway,Suburban,Salt Lake,PM,SUT,2394.95317061,1580.895298333,-814.0578722770001,-0.34
-723,0015_241.6,Freeway,Rural,Utah,PM,SUT,1304.835176472,674.5273441164001,-630.3078323556,-0.483
-712,1822_000.0,,,Utah,PM,SUT,0.0,0.0,0.0,nan
-713,1828_006.7,Collector,Rural,Utah,PM,SUT,0.0,0.0,0.0,nan
-714,0006_149.9,Principal Arterial,Rural,Utah,PM,SUT,158.359175604,35.4053490588,-122.9538265452,-0.776
-628,0215_027.4,Freeway,Suburban,Davis,PM,SUT,825.8614383319999,534.2512765856,-291.61016174639997,-0.353
-629,0015_303.4,Freeway,Urban,Salt Lake,PM,SUT,2696.304287112,2787.5062580741,91.20197096209995,0.034
-631,0266_001.7,Principal Arterial,Urban,Salt Lake,PM,SUT,734.2602291640001,914.0611898726,179.80096070859997,0.245
-632,0145_005.3,Expressway,Suburban,Utah,PM,SUT,1106.249863127,878.8379319717,-227.41193115530007,-0.206
-634,0085_015.5,Expressway,Suburban,Salt Lake,PM,SUT,1154.605590866,1154.5935348402,-0.012056025800120551,-0.0
-720,0015_241.6,Freeway,Rural,Utah,PM,SUT,433.074075912,674.5273441164001,241.45326820440005,0.558
-733,0015_241.6,Freeway,Rural,Utah,PM,SUT,643.559653512,674.5273441164001,30.967690604400104,0.048
-677,0080_136.1,Freeway,Rural,Salt Lake,PM,SUT,1703.287654885,1699.511811037,-3.7758438480000223,-0.002
-680,0015_295.6,Freeway,Urban,Salt Lake,PM,SUT,1538.4323124799998,8500.727508205598,6962.295195725599,4.526
-678,0080_136.1,Freeway,Rural,Salt Lake,PM,SUT,1526.51972712,1699.511811037,172.99208391699995,0.113
-679,0091_006.6,Principal Arterial,Rural,Box Elder,PM,SUT,672.386725465,488.564049232,-183.82267623300004,-0.273
-682,0091_004.9,Principal Arterial,Transition,Box Elder,PM,SUT,555.0383862,418.44100738,-136.59737882000002,-0.246
-724,0068_000.0,Principal Arterial,Rural,Utah,PM,SUT,269.885644886,54.284149483300006,-215.6014954027,-0.799
-725,0006_150.6,Principal Arterial,Rural,Utah,PM,SUT,190.748621196,44.249413244399996,-146.4992079516,-0.768
-726,0089_297.1,Expressway,Rural,Utah,PM,SUT,29.539870580000002,22.456037538,-7.083833042000002,-0.24
-727,0089_297.1,Expressway,Rural,Utah,PM,SUT,23.660575950000002,22.456037538,-1.2045384120000016,-0.051
-728,0089_297.1,Expressway,Rural,Utah,PM,SUT,61.976369246000004,22.456037538,-39.520331708,-0.638
-730,2495_013.0,,,Utah,PM,SUT,0.0,0.0,0.0,nan
-731,0096_013.6,,,Utah,PM,SUT,138.868413141,0.0,-138.868413141,-1.0
-732,1822_009.9,,,Utah,PM,SUT,0.0,0.0,0.0,nan
-729,1328_000.0,,,Utah,PM,SUT,0.0,0.0,0.0,nan
-636,0154_001.4,Freeway,Transition,Salt Lake,PM,SUT,2657.761892379,2637.1698993863,-20.591992992699943,-0.008
-734,0006_152.6,Minor Arterial,Rural,Utah,PM,SUT,335.623488156,101.22638630380001,-234.3971018522,-0.698
-748,0006_152.9,Principal Arterial,Rural,Utah,PM,SUT,178.161120438,139.49758354680003,-38.66353689119998,-0.217
-747,2871_000.3,Minor Arterial,Transition,Utah,PM,SUT,0.0,0.0,0.0,nan
-821,0089_433.3,Principal Arterial,Suburban,Box Elder,PM,SUT,45.050561853000005,241.75074229350002,196.70018044050002,4.366
-818,0215_007.7,Freeway,Urban,Salt Lake,PM,SUT,1882.4339805880002,1860.3678498816,-22.066130706400145,-0.012
-816,0015_300.3,Freeway,Urban,Salt Lake,PM,SUT,1017.0310767479999,3805.9620214143997,2788.9309446663997,2.742
-820,0154_006.8,Expressway,Suburban,Salt Lake,PM,SUT,2101.6203222120002,1608.6881259836,-492.93219622840024,-0.235
-819,0154_008.3,Expressway,Urban,Salt Lake,PM,SUT,2221.52742266,1672.18163567,-549.3457869899999,-0.247
-681,0065_002.4,Local,Rural,Salt Lake,PM,SUT,338.23955256,10.53126812,-327.70828444,-0.969
-815,0080_104.3,Freeway,Transition,Salt Lake,PM,SUT,800.8491626670001,635.2661921286001,-165.5829705384,-0.207
-812,1112_002.2,Collector,Rural,Box Elder,PM,SUT,0.0,0.0,0.0,nan
-824,0190_011.6,Minor Arterial,Rural,Salt Lake,PM,SUT,480.387397063,31.466473924699997,-448.9209231383,-0.934
-811,0080_136.1,Freeway,Rural,Salt Lake,PM,SUT,405.34133213499996,1699.511811037,1294.170478902,3.193
-814,0201_000.0,,,Salt Lake,PM,SUT,568.326405595,0.0,-568.326405595,-1.0
-715,1826_014.6,Collector,Transition,Utah,PM,SUT,0.0,0.0,0.0,nan
-717,0015_241.6,Freeway,Rural,Utah,PM,SUT,490.957609752,674.5273441164001,183.56973436440006,0.374
-718,0015_241.6,Freeway,Rural,Utah,PM,SUT,1298.87141844,674.5273441164001,-624.3440743236,-0.481
-716,2851_000.0,,,Utah,PM,SUT,0.0,0.0,0.0,nan
-721,0015_241.6,Freeway,Rural,Utah,PM,SUT,420.795750552,674.5273441164001,253.73159356440004,0.603
-722,1826_014.9,Collector,Transition,Utah,PM,SUT,0.0,0.0,0.0,nan
-638,0015_242.4,Freeway,Transition,Utah,PM,SUT,788.483542128,830.737296493,42.25375436500008,0.054
-639,0015_248.8,Freeway,Suburban,Utah,PM,SUT,1431.858231855,1295.433544077,-136.4246877779999,-0.095
-641,0015_271.6,Freeway,Urban,Utah,PM,SUT,5298.2356757200005,5167.497898355,-130.7377773650005,-0.025
-642,0052_001.0,Principal Arterial,Urban,Utah,PM,SUT,1586.4843416530002,975.7793389975001,-610.7050026555002,-0.385
-643,2932_001.3,Collector,Transition,Utah,PM,SUT,0.0,0.0,0.0,nan
-646,0077_007.4,Principal Arterial,Suburban,Utah,PM,SUT,615.560179832,485.22165492320005,-130.33852490879997,-0.212
-647,0089_344.0,Principal Arterial,Urban,Utah,PM,SUT,695.574270528,413.6365658208,-281.93770470720006,-0.405
-648,0194_000.8,Expressway,Suburban,Utah,PM,SUT,707.4938223859999,768.8899835084,61.39616112240003,0.087
-649,0114_000.0,Principal Arterial,Urban,Utah,PM,SUT,344.84264057,321.31621837060004,-23.526422199399974,-0.068
-650,0006_159.8,Principal Arterial,Suburban,Utah,PM,SUT,445.51677297599997,268.4531725152,-177.0636004608,-0.397
-651,0114_005.0,Principal Arterial,Urban,Utah,PM,SUT,474.32455583200004,175.0245452316,-299.3000106004,-0.631
-653,0156_001.0,Principal Arterial,Urban,Utah,PM,SUT,881.779872984,714.4577869704,-167.32208601360003,-0.19
-655,0015_253.6,Freeway,Rural,Utah,PM,SUT,1856.4145958400002,1565.7204407264,-290.6941551136001,-0.157
-657,2889_000.0,Minor Arterial,Suburban,Utah,PM,SUT,0.0,0.0,0.0,nan
-658,0089_349.3,Principal Arterial,Urban,Utah,PM,SUT,1023.824149335,587.5033600938,-436.32078924120003,-0.426
-659,0189_002.7,Principal Arterial,Urban,Utah,PM,SUT,427.9316991,396.91077217000003,-31.020926929999973,-0.072
-660,0089_329.8,Minor Arterial,Suburban,Utah,PM,SUT,381.23795799,318.81840984900003,-62.41954814099995,-0.164
-661,0052_003.1,Principal Arterial,Urban,Utah,PM,SUT,1734.5280538949999,719.6134549566,-1014.9145989383999,-0.585
-662,2878_004.4,Minor Arterial,Suburban,Utah,PM,SUT,0.0,0.0,0.0,nan
-664,0089_326.5,Principal Arterial,Suburban,Utah,PM,SUT,0.0,300.20065970049995,300.20065970049995,inf
-665,0015_260.0,Freeway,Transition,Utah,PM,SUT,3300.6606844,3138.25464789,-162.40603650999992,-0.049
-667,0015_261.8,Freeway,Rural,Utah,PM,SUT,3530.913933127,3259.0461333157,-271.86779981129985,-0.077
-668,0015_264.2,Freeway,Suburban,Utah,PM,SUT,3303.2326064,2822.0598704,-481.172736,-0.146
-669,0015_269.6,Freeway,Urban,Utah,PM,SUT,4583.312839647,3797.8905072141,-785.4223324329,-0.171
-670,0015_272.7,Freeway,Suburban,Utah,PM,SUT,5289.835606022,5146.263419354201,-143.57218666779954,-0.027
-671,0015_276.4,Freeway,Urban,Utah,PM,SUT,4981.768313067,4623.6827108745,-358.0856021925001,-0.072
-672,0015_278.5,Freeway,Urban,Utah,PM,SUT,3951.4000756259998,3905.6291047236,-45.77097090239977,-0.012
-673,0015_279.6,Freeway,Suburban,Utah,PM,SUT,3840.168613879,3627.3259756045,-212.84263827450013,-0.055
-674,0015_283.9,Freeway,Urban,Utah,PM,SUT,3972.5489909489997,4270.8048463179,298.2558553689005,0.075
-675,0092_002.4,Freeway,Transition,Utah,PM,SUT,356.961196144,642.5959689016,285.63477275760005,0.8
-676,0092_002.4,Freeway,Transition,Utah,PM,SUT,317.292192952,642.5959689016,325.30377594960004,1.025
-301,0080_128.7,Freeway,Rural,Salt Lake,PM,SUT,1495.25498627,1428.8626687519,-66.39231751810007,-0.044
-304,0089_433.3,Principal Arterial,Suburban,Box Elder,PM,SUT,44.277824943000006,241.75074229350002,197.4729173505,4.46
-305,1826_015.6,Collector,Transition,Utah,PM,SUT,0.0,0.0,0.0,nan
-306,0015_267.0,Freeway,Suburban,Utah,PM,SUT,4206.949105455,3160.6409112982005,-1046.3081941567993,-0.249
-308,2826_000.0,Collector,Rural,Utah,PM,SUT,0.0,0.0,0.0,nan
-309,0080_136.1,Freeway,Rural,Salt Lake,PM,SUT,411.74678151999996,1699.511811037,1287.765029517,3.128
-310,0015_365.5,Freeway,Rural,Box Elder,PM,SUT,414.533039095,884.8032916394001,470.2702525444001,1.134
-312,0006_181.6,Expressway,Rural,Utah,PM,SUT,199.487985237,230.75464444509998,31.26665920809998,0.157
-313,0015_241.6,Freeway,Rural,Utah,PM,SUT,340.81123106399997,674.5273441164001,333.7161130524001,0.979
-314,0006_221.1,,,Utah,PM,SUT,376.139413052,0.0,-376.139413052,-1.0
-315,0015_321.0,Freeway,Suburban,Davis,PM,SUT,4294.984373849,3875.6681335372004,-419.31624031179945,-0.098
-317,0210_003.9,,,Salt Lake,PM,SUT,175.107478108,0.0,-175.107478108,-1.0
-319,0189_013.1,Expressway,Rural,Utah,PM,SUT,1648.3662208429998,882.0280808899,-766.3381399530998,-0.465
-320,0039_008.7,Minor Arterial,Suburban,Weber,PM,SUT,43.188855395,42.0896840637,-1.099171331299999,-0.025
-321,0006_146.9,Principal Arterial,Rural,Utah,PM,SUT,19.168655194,12.2982265964,-6.8704285976,-0.358
-322,0190_001.8,Minor Arterial,Transition,Salt Lake,PM,SUT,182.618962314,58.014503046899996,-124.6044592671,-0.682
-323,0080_101.5,Freeway,Rural,Salt Lake,PM,SUT,147.637978575,509.5924715715001,361.9544929965001,2.452
-324,0006_184.1,Expressway,Rural,Utah,PM,SUT,54.308626206,224.66096000859997,170.35233380259996,3.137
-325,0089_377.3,Principal Arterial,Urban,Salt Lake,PM,SUT,527.6012369609999,546.6284109856,19.027174024600072,0.036
-327,0006_174.4,Expressway,Suburban,Utah,PM,SUT,476.629245728,441.24330745599997,-35.38593827200003,-0.074
-329,0089_412.2,Principal Arterial,Urban,Weber,PM,SUT,627.616918302,197.61200999430002,-430.0049083077,-0.685
-332,0186_006.0,Principal Arterial,Suburban,Salt Lake,PM,SUT,1261.316123787,999.4598192914,-261.85630449559994,-0.208
-333,0071_021.2,Principal Arterial,Urban,Salt Lake,PM,SUT,454.474107386,401.5708329932,-52.90327439280003,-0.116
-335,0173_007.7,Minor Arterial,Urban,Salt Lake,PM,SUT,503.353649598,367.0384787334,-136.31517086460002,-0.271
-340,0080_117.7,Freeway,Urban,Salt Lake,PM,SUT,2121.349412524,1970.1841005581002,-151.16531196589972,-0.071
-341,0080_123.2,Freeway,Suburban,Salt Lake,PM,SUT,2605.133910401,2324.3607090858,-280.7732013151999,-0.108
-348,0015_340.3,Freeway,Suburban,Weber,PM,SUT,3186.199827648,2448.4650916416,-737.7347360064,-0.232
-349,0015_246.9,Freeway,Transition,Utah,PM,SUT,1276.814195917,1175.4907672904,-101.32342862659993,-0.079
-350,0189_004.0,Expressway,Suburban,Utah,PM,SUT,291.77576147300005,170.60449124550001,-121.17127022750003,-0.415
-351,0215_011.5,Freeway,Suburban,Salt Lake,PM,SUT,3275.753702228,3252.2204612627997,-23.533240965200093,-0.007
-353,0215_017.5,Freeway,Urban,Salt Lake,PM,SUT,2478.900110724,2168.106773886,-310.79333683799996,-0.125
-354,0171_008.8,Principal Arterial,Urban,Salt Lake,PM,SUT,680.095031365,869.9614852575,189.8664538925001,0.279
-362,0089_433.3,Principal Arterial,Suburban,Box Elder,PM,SUT,40.877782539,241.75074229350002,200.87295975450002,4.914
-363,0091_006.6,Principal Arterial,Rural,Box Elder,PM,SUT,789.52529824,488.564049232,-300.961249008,-0.381
-382,0006_155.9,Principal Arterial,Rural,Utah,PM,SUT,111.83068179200001,90.20304993600001,-21.627631855999994,-0.193
-400,0015_241.6,Freeway,Rural,Utah,PM,SUT,815.982422496,674.5273441164001,-141.45507837959997,-0.173
-401,0015_241.6,Freeway,Rural,Utah,PM,SUT,603.041179824,674.5273441164001,71.48616429240008,0.119
-402,0141_000.0,Minor Arterial,Rural,Utah,PM,SUT,1618.628857728,57.728106767999996,-1560.9007509599999,-0.964
-403,0015_241.6,Freeway,Rural,Utah,PM,SUT,426.934913232,674.5273441164001,247.59243088440007,0.58
-404,2865_019.4,Local,Rural,Utah,PM,SUT,0.0,0.0,0.0,nan
-405,2823_000.0,Collector,Rural,Utah,PM,SUT,0.0,0.0,0.0,nan
-406,0071_015.7,Principal Arterial,Urban,Salt Lake,PM,SUT,668.0023067340001,527.5866447873,-140.41566194670008,-0.21
-407,0068_038.1,Principal Arterial,Transition,Salt Lake,PM,SUT,734.88331136,546.430880303,-188.452431057,-0.256
-409,2330_001.0,Minor Arterial,Urban,Salt Lake,PM,SUT,0.0,0.0,0.0,nan
-411,0089_297.1,Expressway,Rural,Utah,PM,SUT,26.127011746,22.456037538,-3.6709742080000005,-0.141
-412,1826_016.1,Collector,Suburban,Utah,PM,SUT,0.0,0.0,0.0,nan
-414,2820_000.0,Collector,Rural,Utah,PM,SUT,0.0,0.0,0.0,nan
-415,0089_297.1,Expressway,Rural,Utah,PM,SUT,11.299717484,22.456037538,11.156320054,0.987
-416,0089_297.1,Expressway,Rural,Utah,PM,SUT,23.51717852,22.456037538,-1.0611409820000013,-0.045
-418,0006_221.1,,,Utah,PM,SUT,270.388407974,0.0,-270.388407974,-1.0
-420,2865_004.4,,,Utah,PM,SUT,0.0,0.0,0.0,nan
-421,0006_178.8,Expressway,Rural,Utah,PM,SUT,222.65111321199998,240.9535478704,18.302434658400017,0.082
-425,2824_000.0,,,Utah,PM,SUT,0.0,0.0,0.0,nan
-427,3041_000.0,Collector,Transition,Utah,PM,SUT,0.0,0.0,0.0,nan
-430,0038_003.2,Minor Arterial,Rural,Box Elder,PM,SUT,18.656461544,106.5915629632,87.93510141920001,4.713
-431,0006_159.3,Principal Arterial,Suburban,Utah,PM,SUT,71.93335528,193.55116677549998,121.61781149549998,1.691
-503,0089_297.1,Expressway,Rural,Utah,PM,SUT,46.116613488,22.456037538,-23.66057595,-0.513
-504,0089_297.1,Expressway,Rural,Utah,PM,SUT,10.410653418,22.456037538,12.04538412,1.157
-507,0006_221.1,,,Utah,PM,SUT,680.9631194039999,0.0,-680.9631194039999,-1.0
-508,2851_001.3,Collector,Rural,Utah,PM,SUT,0.0,0.0,0.0,nan
-511,1102_001.1,,,Box Elder,PM,SUT,0.0,0.0,0.0,nan
-512,0190_015.7,,,Salt Lake,PM,SUT,17.706401289,0.0,-17.706401289,-1.0
-513,0015_241.6,Freeway,Rural,Utah,PM,SUT,453.245610432,674.5273441164001,221.28173368440008,0.488
-601,0092_007.6,Collector,Transition,Utah,PM,SUT,60.046990238,5.428306286400001,-54.6186839516,-0.91
-602,0092_018.8,Collector,Rural,Utah,PM,SUT,166.564721466,7.2499245156,-159.31479695040002,-0.956
-606,0190_004.7,Minor Arterial,Transition,Salt Lake,PM,SUT,642.175299037,55.549494239999994,-586.625804797,-0.913
-611,0015_257.6,Freeway,Suburban,Utah,PM,SUT,2804.4707011749997,3059.0269522474996,254.5562510724999,0.091
-612,0015_330.1,Freeway,Urban,Davis,PM,SUT,2992.854183354,2705.481604805,-287.3725785489996,-0.096
-613,0015_357.6,Freeway,Rural,Box Elder,PM,SUT,1613.872444086,1372.2068512236,-241.6655928624,-0.15
-614,0084_081.0,,,Weber,PM,SUT,195.875297023,0.0,-195.875297023,-1.0
-615,0080_101.5,Freeway,Rural,Salt Lake,PM,SUT,1154.0302689900002,509.5924715715001,-644.4377974185002,-0.558
-616,0015_313.7,Freeway,Urban,Davis,PM,SUT,3255.3175316859997,3245.9310380926,-9.386493593399791,-0.003
-617,0215_003.7,Freeway,Suburban,Salt Lake,PM,SUT,1352.2366491060002,1334.5767562086003,-17.659892897399914,-0.013
-621,0015_241.6,Freeway,Rural,Utah,PM,SUT,1413.849165204,674.5273441164001,-739.3218210875999,-0.523
-702,0141_000.9,Minor Arterial,Rural,Utah,PM,SUT,2049.254379088,70.8617181136,-1978.3926609743999,-0.965
-703,2851_001.4,Collector,Rural,Utah,PM,SUT,0.0,0.0,0.0,nan
-704,0006_157.3,Principal Arterial,Rural,Utah,PM,SUT,788.2216805080001,116.7496492812,-671.4720312268,-0.852
-711,0154_020.0,Expressway,Urban,Salt Lake,PM,SUT,332.339141514,450.881974752,118.54283323800001,0.357
-622,1102_000.0,Principal Arterial,Rural,Box Elder,PM,SUT,0.0,0.0,0.0,nan
-623,0006_157.6,Principal Arterial,Rural,Utah,PM,SUT,1002.5198620080001,135.68701473560003,-866.8328472724002,-0.865
-624,0067_000.0,,,Davis,EV,SUT,745.778902507,0.0,-745.778902507,-1.0
-625,0067_007.3,,,Davis,EV,SUT,1593.432889776,0.0,-1593.432889776,-1.0
-302,0015_289.8,Freeway,Urban,Salt Lake,EV,SUT,4347.57169341,5769.050463387,1421.4787699769995,0.327
-626,0073_034.6,Principal Arterial,Transition,Utah,EV,SUT,1801.14873648,1281.6023166900002,-519.5464197899998,-0.288
-627,0154_012.9,Expressway,Suburban,Salt Lake,EV,SUT,2627.357808045,1499.374233185,-1127.98357486,-0.429
-723,0015_241.6,Freeway,Rural,Utah,EV,SUT,1440.598374024,673.904657616,-766.6937164079999,-0.532
-712,1822_000.0,,,Utah,EV,SUT,0.0,0.0,0.0,nan
-713,1828_006.7,Collector,Rural,Utah,EV,SUT,0.0,0.0,0.0,nan
-714,0006_149.9,Principal Arterial,Rural,Utah,EV,SUT,143.23117107599998,35.531415763199995,-107.6997553128,-0.752
-628,0215_027.4,Freeway,Suburban,Davis,EV,SUT,855.0788389639999,419.4063886628,-435.67245030119994,-0.51
-629,0015_303.4,Freeway,Urban,Salt Lake,EV,SUT,3495.658668772,3098.5306839927002,-397.1279847792998,-0.114
-631,0266_001.7,Principal Arterial,Urban,Salt Lake,EV,SUT,814.770072732,988.8726094478001,174.10253671580006,0.214
-632,0145_005.3,Expressway,Suburban,Utah,EV,SUT,1218.2930121699999,843.4004504128,-374.8925617571999,-0.308
-634,0085_015.5,Expressway,Suburban,Salt Lake,EV,SUT,1293.00876705,1012.5735509162,-280.43521613379994,-0.217
-720,0015_241.6,Freeway,Rural,Utah,EV,SUT,582.2557290359999,673.904657616,91.64892858000007,0.157
-733,0015_241.6,Freeway,Rural,Utah,EV,SUT,803.090180868,673.904657616,-129.18552325199994,-0.161
-677,0080_136.1,Freeway,Rural,Salt Lake,EV,SUT,1601.58709886,1620.8146846455,19.22758578549997,0.012
-680,0015_295.6,Freeway,Urban,Salt Lake,EV,SUT,1759.1961146239998,8965.9736395584,7206.7775249344,4.097
-678,0080_136.1,Freeway,Rural,Salt Lake,EV,SUT,1316.713165685,1620.8146846455,304.1015189605,0.231
-679,0091_006.6,Principal Arterial,Rural,Box Elder,EV,SUT,670.5758876250001,481.68286544,-188.89302218500006,-0.282
-682,0091_004.9,Principal Arterial,Transition,Box Elder,EV,SUT,555.2043914,398.35437817999997,-156.85001322,-0.283
-724,0068_000.0,Principal Arterial,Rural,Utah,EV,SUT,254.97322030400002,58.1438358457,-196.8293844583,-0.772
-725,0006_150.6,Principal Arterial,Rural,Utah,EV,SUT,170.287025328,40.554689061599994,-129.7323362664,-0.762
-726,0089_297.1,Expressway,Rural,Utah,EV,SUT,21.22281964,20.1588107094,-1.0640089306,-0.05
-727,0089_297.1,Expressway,Rural,Utah,EV,SUT,19.817524826,20.1588107094,0.3412858834000012,0.017
-728,0089_297.1,Expressway,Rural,Utah,EV,SUT,59.36653602,20.1588107094,-39.2077253106,-0.66
-730,2495_013.0,,,Utah,EV,SUT,0.0,0.0,0.0,nan
-731,0096_013.6,,,Utah,EV,SUT,192.045595416,0.0,-192.045595416,-1.0
-732,1822_009.9,,,Utah,EV,SUT,0.0,0.0,0.0,nan
-729,1328_000.0,,,Utah,EV,SUT,0.0,0.0,0.0,nan
-636,0154_001.4,Freeway,Transition,Salt Lake,EV,SUT,2671.10994319,2068.8278932258004,-602.2820499641998,-0.225
-734,0006_152.6,Minor Arterial,Rural,Utah,EV,SUT,309.889272122,78.4046054976,-231.4846666244,-0.747
-748,0006_152.9,Principal Arterial,Rural,Utah,EV,SUT,117.53486436600001,111.3578495964,-6.177014769600007,-0.053
-747,2871_000.3,Minor Arterial,Transition,Utah,EV,SUT,0.0,0.0,0.0,nan
-821,0089_433.3,Principal Arterial,Suburban,Box Elder,EV,SUT,30.600381636,193.82559913530002,163.22521749930002,5.334
-818,0215_007.7,Freeway,Urban,Salt Lake,EV,SUT,2033.641857384,1267.7238111152,-765.9180462688,-0.377
-816,0015_300.3,Freeway,Urban,Salt Lake,EV,SUT,3875.3958086679995,4279.4672436428,404.07143497480047,0.104
-820,0154_006.8,Expressway,Suburban,Salt Lake,EV,SUT,2560.308864628,1319.651149514,-1240.6577151139998,-0.485
-819,0154_008.3,Expressway,Urban,Salt Lake,EV,SUT,2681.1581678700004,1454.1334201030002,-1227.0247477670002,-0.458
-681,0065_002.4,Local,Rural,Salt Lake,EV,SUT,367.851000568,9.663987216,-358.187013352,-0.974
-815,0080_104.3,Freeway,Transition,Salt Lake,EV,SUT,938.146026612,481.35591554280006,-456.79011106919995,-0.487
-812,1112_002.2,Collector,Rural,Box Elder,EV,SUT,0.0,0.0,0.0,nan
-824,0190_011.6,Minor Arterial,Rural,Salt Lake,EV,SUT,384.911703838,25.807369199,-359.104334639,-0.933
-811,0080_136.1,Freeway,Rural,Salt Lake,EV,SUT,622.0028481749999,1620.8146846455,998.8118364705,1.606
-814,0201_000.0,,,Salt Lake,EV,SUT,649.7897183700001,0.0,-649.7897183700001,-1.0
-715,1826_014.6,Collector,Transition,Utah,EV,SUT,0.0,0.0,0.0,nan
-717,0015_241.6,Freeway,Rural,Utah,EV,SUT,700.390759464,673.904657616,-26.486101847999976,-0.038
-718,0015_241.6,Freeway,Rural,Utah,EV,SUT,1460.5945038959999,673.904657616,-786.6898462799999,-0.539
-716,2851_000.0,,,Utah,EV,SUT,0.0,0.0,0.0,nan
-721,0015_241.6,Freeway,Rural,Utah,EV,SUT,556.9097574,673.904657616,116.99490021600002,0.21
-722,1826_014.9,Collector,Transition,Utah,EV,SUT,0.0,0.0,0.0,nan
-638,0015_242.4,Freeway,Transition,Utah,EV,SUT,974.4000613339999,806.9992322429999,-167.400829091,-0.172
-639,0015_248.8,Freeway,Suburban,Utah,EV,SUT,1629.183220785,1215.6821957592,-413.5010250257999,-0.254
-641,0015_271.6,Freeway,Urban,Utah,EV,SUT,6423.171162928001,4581.0946717328,-1842.076491195201,-0.287
-642,0052_001.0,Principal Arterial,Urban,Utah,EV,SUT,1722.819710126,811.7495969483001,-911.0701131776999,-0.529
-643,2932_001.3,Collector,Transition,Utah,EV,SUT,0.0,0.0,0.0,nan
-646,0077_007.4,Principal Arterial,Suburban,Utah,EV,SUT,735.7350915200001,422.40790797920005,-313.32718354080004,-0.426
-647,0089_344.0,Principal Arterial,Urban,Utah,EV,SUT,665.91029856,274.6058106048,-391.3044879552,-0.588
-648,0194_000.8,Expressway,Suburban,Utah,EV,SUT,915.806811556,996.2689072803998,80.46209572439989,0.088
-649,0114_000.0,Principal Arterial,Urban,Utah,EV,SUT,449.761566274,292.6804212288,-157.0811450452,-0.349
-650,0006_159.8,Principal Arterial,Suburban,Utah,EV,SUT,491.832385296,210.8444342976,-280.9879509984,-0.571
-651,0114_005.0,Principal Arterial,Urban,Utah,EV,SUT,550.924391536,106.86149919200001,-444.06289234400003,-0.806
-653,0156_001.0,Principal Arterial,Urban,Utah,EV,SUT,907.577384112,653.5908917111999,-253.9864924008001,-0.28
-655,0015_253.6,Freeway,Rural,Utah,EV,SUT,1996.894830784,1429.689066848,-567.205763936,-0.284
-657,2889_000.0,Minor Arterial,Suburban,Utah,EV,SUT,0.0,0.0,0.0,nan
-658,0089_349.3,Principal Arterial,Urban,Utah,EV,SUT,1014.316704012,443.6855118123,-570.6311921997,-0.563
-659,0189_002.7,Principal Arterial,Urban,Utah,EV,SUT,641.41269515,335.87741359,-305.53528156,-0.476
-660,0089_329.8,Minor Arterial,Suburban,Utah,EV,SUT,355.10202243000003,236.6969000805,-118.40512234950003,-0.333
-661,0052_003.1,Principal Arterial,Urban,Utah,EV,SUT,1669.32023232,585.5863016886,-1083.7339306314002,-0.649
-662,2878_004.4,Minor Arterial,Suburban,Utah,EV,SUT,0.0,0.0,0.0,nan
-664,0089_326.5,Principal Arterial,Suburban,Utah,EV,SUT,8.157419455,249.57891654049996,241.42149708549996,29.595
-665,0015_260.0,Freeway,Transition,Utah,EV,SUT,3552.6545400749997,2804.176110345,-748.4784297299998,-0.211
-667,0015_261.8,Freeway,Rural,Utah,EV,SUT,3777.890631704,2890.743999934,-887.1466317700001,-0.235
-668,0015_264.2,Freeway,Suburban,Utah,EV,SUT,3545.0948111999996,2449.3879411199996,-1095.70687008,-0.309
-669,0015_269.6,Freeway,Urban,Utah,EV,SUT,5468.001755257001,3433.5488857722003,-2034.4528694848004,-0.372
-670,0015_272.7,Freeway,Suburban,Utah,EV,SUT,6302.778422908,4527.3768925044005,-1775.4015304035993,-0.282
-671,0015_276.4,Freeway,Urban,Utah,EV,SUT,5800.7500829460005,4035.1916259018,-1765.5584570442006,-0.304
-672,0015_278.5,Freeway,Urban,Utah,EV,SUT,4594.207733568,3354.9248315706,-1239.2829019973997,-0.27
-673,0015_279.6,Freeway,Suburban,Utah,EV,SUT,4375.905380236,3213.8686423675,-1162.0367378685005,-0.266
-674,0015_283.9,Freeway,Urban,Utah,EV,SUT,4576.813824924,4096.5835182756,-480.2303066484001,-0.105
-675,0092_002.4,Freeway,Transition,Utah,EV,SUT,376.64611628,680.2785303048,303.6324140248,0.806
-676,0092_002.4,Freeway,Transition,Utah,EV,SUT,284.623602088,680.2785303048,395.65492821680004,1.39
-301,0080_128.7,Freeway,Rural,Salt Lake,EV,SUT,1367.91955851,1363.8747860987999,-4.044772411200029,-0.003
-304,0089_433.3,Principal Arterial,Suburban,Box Elder,EV,SUT,30.523107945000003,193.82559913530002,163.30249119030003,5.35
-305,1826_015.6,Collector,Transition,Utah,EV,SUT,0.0,0.0,0.0,nan
-306,0015_267.0,Freeway,Suburban,Utah,EV,SUT,5163.05246197,2731.1632456968,-2431.8892162732,-0.471
-308,2826_000.0,Collector,Rural,Utah,EV,SUT,0.0,0.0,0.0,nan
-309,0080_136.1,Freeway,Rural,Salt Lake,EV,SUT,631.10532888,1620.8146846455,989.7093557654999,1.568
-310,0015_365.5,Freeway,Rural,Box Elder,EV,SUT,495.441897328,923.8592960457,428.41739871770005,0.865
-312,0006_181.6,Expressway,Rural,Utah,EV,SUT,235.836278367,238.34502330459998,2.508744937599971,0.011
-313,0015_241.6,Freeway,Rural,Utah,EV,SUT,448.334280288,673.904657616,225.570377328,0.503
-314,0006_221.1,,,Utah,EV,SUT,461.310742768,0.0,-461.310742768,-1.0
-315,0015_321.0,Freeway,Suburban,Davis,EV,SUT,4669.199937025,3582.796885577,-1086.4030514479996,-0.233
-317,0210_003.9,,,Salt Lake,EV,SUT,102.63848628000001,0.0,-102.63848628000001,-1.0
-319,0189_013.1,Expressway,Rural,Utah,EV,SUT,1428.350667432,796.3378127192999,-632.0128547127,-0.442
-320,0039_008.7,Minor Arterial,Suburban,Weber,EV,SUT,35.249287521,37.0905491159,1.841261594899997,0.052
-321,0006_146.9,Principal Arterial,Rural,Utah,EV,SUT,19.766430304,11.433445270599998,-8.332985033400002,-0.422
-322,0190_001.8,Minor Arterial,Transition,Salt Lake,EV,SUT,136.44344522699998,42.900411489099994,-93.54303373789999,-0.686
-323,0080_101.5,Freeway,Rural,Salt Lake,EV,SUT,232.26264297000003,386.4790215555001,154.21637858550005,0.664
-324,0006_184.1,Expressway,Rural,Utah,EV,SUT,65.92582577499999,232.20857617029998,166.28275039529998,2.522
-325,0089_377.3,Principal Arterial,Urban,Salt Lake,EV,SUT,569.757251267,394.89931239079993,-174.85793887620008,-0.307
-327,0006_174.4,Expressway,Suburban,Utah,EV,SUT,565.606106592,440.5549314864,-125.05117510559995,-0.221
-329,0089_412.2,Principal Arterial,Urban,Weber,EV,SUT,640.0579825530001,111.25093293270001,-528.8070496203001,-0.826
-332,0186_006.0,Principal Arterial,Suburban,Salt Lake,EV,SUT,1258.554789534,778.9723927713,-479.5823967627001,-0.381
-333,0071_021.2,Principal Arterial,Urban,Salt Lake,EV,SUT,521.369522518,248.9420013925,-272.42752112550005,-0.523
-335,0173_007.7,Minor Arterial,Urban,Salt Lake,EV,SUT,490.539698676,276.2278734904,-214.31182518560001,-0.437
-340,0080_117.7,Freeway,Urban,Salt Lake,EV,SUT,2562.9000667620003,1671.7178218640001,-891.1822448980001,-0.348
-341,0080_123.2,Freeway,Suburban,Salt Lake,EV,SUT,2733.6568546649996,2075.1366920525998,-658.5201626123999,-0.241
-348,0015_340.3,Freeway,Suburban,Weber,EV,SUT,3427.61345232,2266.4225429856,-1161.1909093343997,-0.339
-349,0015_246.9,Freeway,Transition,Utah,EV,SUT,1495.118456101,1102.0992461115,-393.01920998950004,-0.263
-350,0189_004.0,Expressway,Suburban,Utah,EV,SUT,307.310966194,132.99732007400002,-174.31364612,-0.567
-351,0215_011.5,Freeway,Suburban,Salt Lake,EV,SUT,3349.517830632,2404.1489849928,-945.3688456392001,-0.282
-353,0215_017.5,Freeway,Urban,Salt Lake,EV,SUT,2342.96610498,1663.8037978950001,-679.1623070850001,-0.29
-354,0171_008.8,Principal Arterial,Urban,Salt Lake,EV,SUT,686.608460315,781.9557552445001,95.3472949295001,0.139
-362,0089_433.3,Principal Arterial,Suburban,Box Elder,EV,SUT,29.054907816000004,193.82559913530002,164.77069131930003,5.671
-363,0091_006.6,Principal Arterial,Rural,Box Elder,EV,SUT,788.61987932,481.68286544,-306.93701388,-0.389
-382,0006_155.9,Principal Arterial,Rural,Utah,EV,SUT,107.08315284800001,71.93825108200001,-35.144901766000004,-0.328
-400,0015_241.6,Freeway,Rural,Utah,EV,SUT,979.6349590799999,673.904657616,-305.7303014639999,-0.312
-401,0015_241.6,Freeway,Rural,Utah,EV,SUT,760.291446756,673.904657616,-86.38678914000002,-0.114
-402,0141_000.0,Minor Arterial,Rural,Utah,EV,SUT,1419.663052848,46.6682235296,-1372.9948293184,-0.967
-403,0015_241.6,Freeway,Rural,Utah,EV,SUT,577.695208188,673.904657616,96.20944942799997,0.167
-404,2865_019.4,Local,Rural,Utah,EV,SUT,0.0,0.0,0.0,nan
-405,2823_000.0,Collector,Rural,Utah,EV,SUT,0.0,0.0,0.0,nan
-406,0071_015.7,Principal Arterial,Urban,Salt Lake,EV,SUT,609.505838775,380.61326325510004,-228.8925755199,-0.376
-407,0068_038.1,Principal Arterial,Transition,Salt Lake,EV,SUT,749.7314386099999,359.6909332555,-390.04050535449994,-0.52
-409,2330_001.0,Minor Arterial,Urban,Salt Lake,EV,SUT,0.0,0.0,0.0,nan
-411,0089_297.1,Expressway,Rural,Utah,EV,SUT,23.316422118000002,20.1588107094,-3.157611408600001,-0.135
-412,1826_016.1,Collector,Suburban,Utah,EV,SUT,0.0,0.0,0.0,nan
-414,2820_000.0,Collector,Rural,Utah,EV,SUT,0.0,0.0,0.0,nan
-415,0089_297.1,Expressway,Rural,Utah,EV,SUT,9.120076548,20.1588107094,11.0387341614,1.21
-416,0089_297.1,Expressway,Rural,Utah,EV,SUT,24.80775539,20.1588107094,-4.6489446806,-0.187
-418,0006_221.1,,,Utah,EV,SUT,318.06805188199996,0.0,-318.06805188199996,-1.0
-420,2865_004.4,,,Utah,EV,SUT,0.0,0.0,0.0,nan
-421,0006_178.8,Expressway,Rural,Utah,EV,SUT,199.630527563,246.4628087703,46.832281207300014,0.235
-425,2824_000.0,,,Utah,EV,SUT,0.0,0.0,0.0,nan
-427,3041_000.0,Collector,Transition,Utah,EV,SUT,0.0,0.0,0.0,nan
-430,0038_003.2,Minor Arterial,Rural,Box Elder,EV,SUT,18.656461544,103.2128337072,84.55637216320001,4.532
-431,0006_159.3,Principal Arterial,Suburban,Utah,EV,SUT,71.49473726,145.8953189025,74.40058164250001,1.041
-503,0089_297.1,Expressway,Rural,Utah,EV,SUT,47.149074984,20.1588107094,-26.9902642746,-0.572
-504,0089_297.1,Expressway,Rural,Utah,EV,SUT,8.46044837,20.1588107094,11.698362339400001,1.383
-507,0006_221.1,,,Utah,EV,SUT,747.388606216,0.0,-747.388606216,-1.0
-508,2851_001.3,Collector,Rural,Utah,EV,SUT,0.0,0.0,0.0,nan
-511,1102_001.1,,,Box Elder,EV,SUT,0.0,0.0,0.0,nan
-512,0190_015.7,,,Salt Lake,EV,SUT,12.73009243,0.0,-12.73009243,-1.0
-513,0015_241.6,Freeway,Rural,Utah,EV,SUT,607.513998348,673.904657616,66.39065926800004,0.109
-601,0092_007.6,Collector,Transition,Utah,EV,SUT,63.549123326,4.618438009799999,-58.9306853162,-0.927
-602,0092_018.8,Collector,Rural,Utah,EV,SUT,129.167958933,8.0070368859,-121.1609220471,-0.938
-606,0190_004.7,Minor Arterial,Transition,Salt Lake,EV,SUT,418.70431283399995,40.909887945499996,-377.7944248885,-0.902
-611,0015_257.6,Freeway,Suburban,Utah,EV,SUT,3040.745126575,2756.5625651524997,-284.1825614225004,-0.093
-612,0015_330.1,Freeway,Urban,Davis,EV,SUT,3346.619453254,2541.2440214791,-805.3754317748999,-0.241
-613,0015_357.6,Freeway,Rural,Box Elder,EV,SUT,1920.225822312,1372.9068841173,-547.3189381947,-0.285
-614,0084_081.0,,,Weber,EV,SUT,306.910038649,0.0,-306.910038649,-1.0
-615,0080_101.5,Freeway,Rural,Salt Lake,EV,SUT,1303.726471395,386.4790215555001,-917.2474498395,-0.704
-616,0015_313.7,Freeway,Urban,Davis,EV,SUT,3572.4351598539997,3116.2217728223995,-456.2133870316002,-0.128
-617,0215_003.7,Freeway,Suburban,Salt Lake,EV,SUT,1199.1228449760001,868.450752197,-330.6720927790001,-0.276
-621,0015_241.6,Freeway,Rural,Utah,EV,SUT,1581.9745203119999,673.904657616,-908.0698626959999,-0.574
-702,0141_000.9,Minor Arterial,Rural,Utah,EV,SUT,2029.638032128,56.607172655999996,-1973.030859472,-0.972
-703,2851_001.4,Collector,Rural,Utah,EV,SUT,0.0,0.0,0.0,nan
-704,0006_157.3,Principal Arterial,Rural,Utah,EV,SUT,696.9636241400001,89.51729575520001,-607.4463283848,-0.872
-711,0154_020.0,Expressway,Urban,Salt Lake,EV,SUT,550.01700949,415.1560992732,-134.86091021679994,-0.245
-622,1102_000.0,Principal Arterial,Rural,Box Elder,EV,SUT,0.0,0.0,0.0,nan
-623,0006_157.6,Principal Arterial,Rural,Utah,EV,SUT,951.352050056,106.10727189840001,-845.2447781576001,-0.888
-624,0067_000.0,,,Davis,AM,CUT,1057.649359736,0.0,-1057.649359736,-1.0
-625,0067_007.3,,,Davis,AM,CUT,1180.32279057,0.0,-1180.32279057,-1.0
-302,0015_289.8,Freeway,Urban,Salt Lake,AM,CUT,511.446765312,2850.1805767680003,2338.7338114560002,4.573
-626,0073_034.6,Principal Arterial,Transition,Utah,AM,CUT,628.964471616,608.9103244895999,-20.05414712640004,-0.032
-627,0154_012.9,Expressway,Suburban,Salt Lake,AM,CUT,418.380390492,299.59559745120004,-118.78479304079997,-0.284
-723,0015_241.6,Freeway,Rural,Utah,AM,CUT,1452.755045097,1104.5971085238,-348.1579365732,-0.24
-712,1822_000.0,,,Utah,AM,CUT,0.0,0.0,0.0,nan
-713,1828_006.7,Collector,Rural,Utah,AM,CUT,0.0,0.0,0.0,nan
-714,0006_149.9,Principal Arterial,Rural,Utah,AM,CUT,113.219892848,34.6668059008,-78.5530869472,-0.694
-628,0215_027.4,Freeway,Suburban,Davis,AM,CUT,521.95244532,423.99488598,-97.95755934000005,-0.188
-629,0015_303.4,Freeway,Urban,Salt Lake,AM,CUT,1522.144663713,1546.7810050013998,24.636341288399763,0.016
-631,0266_001.7,Principal Arterial,Urban,Salt Lake,AM,CUT,65.513349811,105.7369557257,40.2236059147,0.614
-632,0145_005.3,Expressway,Suburban,Utah,AM,CUT,274.23755499600003,248.51639504759999,-25.721159948400043,-0.094
-634,0085_015.5,Expressway,Suburban,Salt Lake,AM,CUT,291.624636444,311.84686129529996,20.222224851299984,0.069
-720,0015_241.6,Freeway,Rural,Utah,AM,CUT,286.986149748,1104.5971085238,817.6109587758,2.849
-733,0015_241.6,Freeway,Rural,Utah,AM,CUT,559.293467202,1104.5971085238,545.3036413218,0.975
-677,0080_136.1,Freeway,Rural,Salt Lake,AM,CUT,1193.366798632,1710.1395810279,516.7727823959001,0.433
-680,0015_295.6,Freeway,Urban,Salt Lake,AM,CUT,678.820800297,3683.3119404990002,3004.491140202,4.426
-678,0080_136.1,Freeway,Rural,Salt Lake,AM,CUT,1058.4910339,1710.1395810279,651.6485471279,0.616
-679,0091_006.6,Principal Arterial,Rural,Box Elder,AM,CUT,581.8550291079999,665.595581014,83.74055190600006,0.144
-682,0091_004.9,Principal Arterial,Transition,Box Elder,AM,CUT,653.0262856859999,752.4502058532,99.4239201672001,0.152
-724,0068_000.0,Principal Arterial,Rural,Utah,AM,CUT,175.808925838,50.454040847,-125.35488499099999,-0.713
-725,0006_150.6,Principal Arterial,Rural,Utah,AM,CUT,121.017949984,43.402604084800004,-77.6153458992,-0.641
-726,0089_297.1,Expressway,Rural,Utah,AM,CUT,14.006134482,27.5607050654,13.5545705834,0.968
-727,0089_297.1,Expressway,Rural,Utah,AM,CUT,19.669817278,27.5607050654,7.8908877874000005,0.401
-728,0089_297.1,Expressway,Rural,Utah,AM,CUT,47.299404972,27.5607050654,-19.738699906599997,-0.417
-730,2495_013.0,,,Utah,AM,CUT,0.0,0.0,0.0,nan
-731,0096_013.6,,,Utah,AM,CUT,83.616038532,0.0,-83.616038532,-1.0
-732,1822_009.9,,,Utah,AM,CUT,0.0,0.0,0.0,nan
-729,1328_000.0,,,Utah,AM,CUT,0.0,0.0,0.0,nan
-636,0154_001.4,Freeway,Transition,Salt Lake,AM,CUT,468.88144263900006,497.15813619830004,28.276693559299986,0.06
-734,0006_152.6,Minor Arterial,Rural,Utah,AM,CUT,180.32373776,78.984052752,-101.339685008,-0.562
-748,0006_152.9,Principal Arterial,Rural,Utah,AM,CUT,95.654573105,98.387560908,2.7329878030000003,0.029
-747,2871_000.3,Minor Arterial,Transition,Utah,AM,CUT,0.0,0.0,0.0,nan
-821,0089_433.3,Principal Arterial,Suburban,Box Elder,AM,CUT,4.761565698,41.7015253794,36.939959681400005,7.758
-818,0215_007.7,Freeway,Urban,Salt Lake,AM,CUT,553.454346028,571.8529469704999,18.39860094249991,0.033
-816,0015_300.3,Freeway,Urban,Salt Lake,AM,CUT,839.111126776,1669.893159779,830.7820330029999,0.99
-820,0154_006.8,Expressway,Suburban,Salt Lake,AM,CUT,331.90980950799997,307.2700204512,-24.63978905679994,-0.074
-819,0154_008.3,Expressway,Urban,Salt Lake,AM,CUT,388.792686618,312.6019927653,-76.19069385270001,-0.196
-681,0065_002.4,Local,Rural,Salt Lake,AM,CUT,79.41304303000001,3.144655875,-76.26838715500001,-0.96
-815,0080_104.3,Freeway,Transition,Salt Lake,AM,CUT,774.9541043859999,615.9021388604,-159.05196552559994,-0.205
-812,1112_002.2,Collector,Rural,Box Elder,AM,CUT,0.0,0.0,0.0,nan
-824,0190_011.6,Minor Arterial,Rural,Salt Lake,AM,CUT,32.31436104,3.4409630112,-28.8733980288,-0.894
-811,0080_136.1,Freeway,Rural,Salt Lake,AM,CUT,239.524517465,1710.1395810279,1470.6150635629,6.14
-814,0201_000.0,,,Salt Lake,AM,CUT,275.313684349,0.0,-275.313684349,-1.0
-715,1826_014.6,Collector,Transition,Utah,AM,CUT,0.0,0.0,0.0,nan
-717,0015_241.6,Freeway,Rural,Utah,AM,CUT,423.73894448699997,1104.5971085238,680.8581640368,1.607
-718,0015_241.6,Freeway,Rural,Utah,AM,CUT,1425.644140554,1104.5971085238,-321.04703203019994,-0.225
-716,2851_000.0,,,Utah,AM,CUT,0.0,0.0,0.0,nan
-721,0015_241.6,Freeway,Rural,Utah,AM,CUT,273.954941487,1104.5971085238,830.6421670368,3.032
-722,1826_014.9,Collector,Transition,Utah,AM,CUT,0.0,0.0,0.0,nan
-638,0015_242.4,Freeway,Transition,Utah,AM,CUT,727.9306173000001,1122.349053273,394.4184359729999,0.542
-639,0015_248.8,Freeway,Suburban,Utah,AM,CUT,1177.041128982,1419.5029166342,242.46178765219997,0.206
-641,0015_271.6,Freeway,Urban,Utah,AM,CUT,3256.7143856280004,3703.789823082,447.0754374539997,0.137
-642,0052_001.0,Principal Arterial,Urban,Utah,AM,CUT,249.92100936,219.70412481600002,-30.21688454399998,-0.121
-643,2932_001.3,Collector,Transition,Utah,AM,CUT,0.0,0.0,0.0,nan
-646,0077_007.4,Principal Arterial,Suburban,Utah,AM,CUT,116.36608602,114.165878748,-2.200207272,-0.019
-647,0089_344.0,Principal Arterial,Urban,Utah,AM,CUT,64.044607139,69.431149469,5.386542330000012,0.084
-648,0194_000.8,Expressway,Suburban,Utah,AM,CUT,225.718470705,251.80068365269997,26.082212947699986,0.116
-649,0114_000.0,Principal Arterial,Urban,Utah,AM,CUT,45.913213632,51.859218153600004,5.946004521600003,0.13
-650,0006_159.8,Principal Arterial,Suburban,Utah,AM,CUT,98.359308428,90.62871504239999,-7.730593385600017,-0.079
-651,0114_005.0,Principal Arterial,Urban,Utah,AM,CUT,74.29009021200001,47.8082182812,-26.48187193080001,-0.356
-653,0156_001.0,Principal Arterial,Urban,Utah,AM,CUT,127.438859982,139.8010020162,12.36214203419999,0.097
-655,0015_253.6,Freeway,Rural,Utah,AM,CUT,1467.1824964050002,1635.635600952,168.45310454699984,0.115
-657,2889_000.0,Minor Arterial,Suburban,Utah,AM,CUT,0.0,0.0,0.0,nan
-658,0089_349.3,Principal Arterial,Urban,Utah,AM,CUT,114.82499209999999,156.2780760612,41.45308396120002,0.361
-659,0189_002.7,Principal Arterial,Urban,Utah,AM,CUT,90.705368216,136.5008312128,45.7954629968,0.505
-660,0089_329.8,Minor Arterial,Suburban,Utah,AM,CUT,71.86042698,95.1857178495,23.325290869499995,0.325
-661,0052_003.1,Principal Arterial,Urban,Utah,AM,CUT,182.607208216,111.9206492732,-70.6865589428,-0.387
-662,2878_004.4,Minor Arterial,Suburban,Utah,AM,CUT,0.0,0.0,0.0,nan
-664,0089_326.5,Principal Arterial,Suburban,Utah,AM,CUT,0.0,74.59190814809999,74.59190814809999,inf
-665,0015_260.0,Freeway,Transition,Utah,AM,CUT,2474.730287466,2969.7752406693003,495.04495320330034,0.2
-667,0015_261.8,Freeway,Rural,Utah,AM,CUT,2512.285453636,2971.1379661698,458.8525125338001,0.183
-668,0015_264.2,Freeway,Suburban,Utah,AM,CUT,2286.970163707,2404.9641136765003,117.99394996950014,0.052
-669,0015_269.6,Freeway,Urban,Utah,AM,CUT,2829.797601633,2827.7597055564,-2.0378960765997363,-0.001
-670,0015_272.7,Freeway,Suburban,Utah,AM,CUT,3304.475313813,3661.451381263,356.97606744999985,0.108
-671,0015_276.4,Freeway,Urban,Utah,AM,CUT,3083.5393661489998,3233.582638638,150.04327248900017,0.049
-672,0015_278.5,Freeway,Urban,Utah,AM,CUT,2480.37226284,2754.5292148608,274.15695202079996,0.111
-673,0015_279.6,Freeway,Suburban,Utah,AM,CUT,2323.316776608,2520.5533932870003,197.23661667900024,0.085
-674,0015_283.9,Freeway,Urban,Utah,AM,CUT,2537.720080945,2972.811126348,435.09104540299995,0.171
-675,0092_002.4,Freeway,Transition,Utah,AM,CUT,60.348320298000004,117.7492705242,57.400950226199996,0.951
-676,0092_002.4,Freeway,Transition,Utah,AM,CUT,38.409658896,117.7492705242,79.3396116282,2.066
-301,0080_128.7,Freeway,Rural,Salt Lake,AM,CUT,1210.2322148,1510.055388495,299.8231736949999,0.248
-304,0089_433.3,Principal Arterial,Suburban,Box Elder,AM,CUT,4.094056488,41.7015253794,37.6074688914,9.186
-305,1826_015.6,Collector,Transition,Utah,AM,CUT,0.0,0.0,0.0,nan
-306,0015_267.0,Freeway,Suburban,Utah,AM,CUT,3015.502483575,2517.4834376325,-498.0190459424998,-0.165
-308,2826_000.0,Collector,Rural,Utah,AM,CUT,0.0,0.0,0.0,nan
-309,0080_136.1,Freeway,Rural,Salt Lake,AM,CUT,230.139957783,1710.1395810279,1479.9996232449,6.431
-310,0015_365.5,Freeway,Rural,Box Elder,AM,CUT,288.011957805,1220.248772457,932.236814652,3.237
-312,0006_181.6,Expressway,Rural,Utah,AM,CUT,193.748881473,413.06233808430005,219.31345661130004,1.132
-313,0015_241.6,Freeway,Rural,Utah,AM,CUT,236.209372731,1104.5971085238,868.3877357928,3.676
-314,0006_221.1,,,Utah,AM,CUT,305.473972544,0.0,-305.473972544,-1.0
-315,0015_321.0,Freeway,Suburban,Davis,AM,CUT,2012.6556921699998,2022.9587781115,10.303085941500058,0.005
-317,0210_003.9,,,Salt Lake,AM,CUT,9.03652385,0.0,-9.03652385,-1.0
-319,0189_013.1,Expressway,Rural,Utah,AM,CUT,322.039217457,244.30507325779996,-77.73414419920005,-0.241
-320,0039_008.7,Minor Arterial,Suburban,Weber,AM,CUT,19.211477229,26.974926271999998,7.763449042999998,0.404
-321,0006_146.9,Principal Arterial,Rural,Utah,AM,CUT,23.290666943999998,22.7787049152,-0.5119620287999993,-0.022
-322,0190_001.8,Minor Arterial,Transition,Salt Lake,AM,CUT,9.812351640000001,6.16038618,-3.6519654600000013,-0.372
-323,0080_101.5,Freeway,Rural,Salt Lake,AM,CUT,97.391970349,621.9669369057,524.5749665567,5.386
-324,0006_184.1,Expressway,Rural,Utah,AM,CUT,46.948191894000004,404.315025714,357.36683382,7.612
-325,0089_377.3,Principal Arterial,Urban,Salt Lake,AM,CUT,50.147848414,105.8817654317,55.7339170177,1.111
-327,0006_174.4,Expressway,Suburban,Utah,AM,CUT,324.894306546,404.7763139822,79.88200743620001,0.246
-329,0089_412.2,Principal Arterial,Urban,Weber,AM,CUT,67.922770502,34.0489031252,-33.87386737680001,-0.499
-332,0186_006.0,Principal Arterial,Suburban,Salt Lake,AM,CUT,212.459471898,208.7707291842,-3.6887427137999964,-0.017
-333,0071_021.2,Principal Arterial,Urban,Salt Lake,AM,CUT,51.716093965999995,63.978473407600006,12.262379441600011,0.237
-335,0173_007.7,Minor Arterial,Urban,Salt Lake,AM,CUT,69.297934615,63.810027561,-5.487907054000004,-0.079
-340,0080_117.7,Freeway,Urban,Salt Lake,AM,CUT,700.07244516,772.4579700555,72.3855248955,0.103
-341,0080_123.2,Freeway,Suburban,Salt Lake,AM,CUT,1516.67010596,1666.526409195,149.85630323500004,0.099
-348,0015_340.3,Freeway,Suburban,Weber,AM,CUT,2703.6557115680002,2763.0401440872,59.38443251919989,0.022
-349,0015_246.9,Freeway,Transition,Utah,AM,CUT,1031.070414836,1326.1410724548,295.07065761879994,0.286
-350,0189_004.0,Expressway,Suburban,Utah,AM,CUT,79.331893472,72.28179953659999,-7.050093935400014,-0.089
-351,0215_011.5,Freeway,Suburban,Salt Lake,AM,CUT,1018.271358825,1169.4285425781,151.15718375309996,0.148
-353,0215_017.5,Freeway,Urban,Salt Lake,AM,CUT,1160.258996193,1261.2727285026,101.01373230960007,0.087
-354,0171_008.8,Principal Arterial,Urban,Salt Lake,AM,CUT,103.036042163,182.55208856160002,79.51604639860001,0.772
-362,0089_433.3,Principal Arterial,Suburban,Box Elder,AM,CUT,4.242391868,41.7015253794,37.459133511400005,8.83
-363,0091_006.6,Principal Arterial,Rural,Box Elder,AM,CUT,678.731353862,665.595581014,-13.135772847999988,-0.019
-382,0006_155.9,Principal Arterial,Rural,Utah,AM,CUT,32.98744635,61.220026454999996,28.232580104999997,0.856
-400,0015_241.6,Freeway,Rural,Utah,AM,CUT,803.591176095,1104.5971085238,301.00593242879995,0.375
-401,0015_241.6,Freeway,Rural,Utah,AM,CUT,534.579106707,1104.5971085238,570.0180018167999,1.066
-402,0141_000.0,Minor Arterial,Rural,Utah,AM,CUT,358.19850053,15.054545529399999,-343.1439550006,-0.958
-403,0015_241.6,Freeway,Rural,Utah,AM,CUT,278.59824558,1104.5971085238,825.9988629438,2.965
-404,2865_019.4,Local,Rural,Utah,AM,CUT,0.0,0.0,0.0,nan
-405,2823_000.0,Collector,Rural,Utah,AM,CUT,0.0,0.0,0.0,nan
-406,0071_015.7,Principal Arterial,Urban,Salt Lake,AM,CUT,148.45137066,170.232977216,21.781606555999986,0.147
-407,0068_038.1,Principal Arterial,Transition,Salt Lake,AM,CUT,165.94513694100002,118.9119574305,-47.03317951050002,-0.283
-409,2330_001.0,Minor Arterial,Urban,Salt Lake,AM,CUT,0.0,0.0,0.0,nan
-411,0089_297.1,Expressway,Rural,Utah,AM,CUT,11.86311937,27.5607050654,15.6975856954,1.323
-412,1826_016.1,Collector,Suburban,Utah,AM,CUT,0.0,0.0,0.0,nan
-414,2820_000.0,Collector,Rural,Utah,AM,CUT,0.0,0.0,0.0,nan
-415,0089_297.1,Expressway,Rural,Utah,AM,CUT,6.926530987,27.5607050654,20.6341740784,2.979
-416,0089_297.1,Expressway,Rural,Utah,AM,CUT,21.544955501,27.5607050654,6.0157495644,0.279
-418,0006_221.1,,,Utah,AM,CUT,176.482455552,0.0,-176.482455552,-1.0
-420,2865_004.4,,,Utah,AM,CUT,0.0,0.0,0.0,nan
-421,0006_178.8,Expressway,Rural,Utah,AM,CUT,191.41315053300002,427.3570114371,235.9438609041,1.233
-425,2824_000.0,,,Utah,AM,CUT,0.0,0.0,0.0,nan
-427,3041_000.0,Collector,Transition,Utah,AM,CUT,0.0,0.0,0.0,nan
-430,0038_003.2,Minor Arterial,Rural,Box Elder,AM,CUT,9.507463419999999,100.77911225199999,91.271648832,9.6
-431,0006_159.3,Principal Arterial,Suburban,Utah,AM,CUT,22.599347485,87.70725074539999,65.1079032604,2.881
-503,0089_297.1,Expressway,Rural,Utah,AM,CUT,34.288241792,27.5607050654,-6.7275367266,-0.196
-504,0089_297.1,Expressway,Rural,Utah,AM,CUT,6.161168447,27.5607050654,21.3995366184,3.473
-507,0006_221.1,,,Utah,AM,CUT,618.301380736,0.0,-618.301380736,-1.0
-508,2851_001.3,Collector,Rural,Utah,AM,CUT,0.0,0.0,0.0,nan
-511,1102_001.1,,,Box Elder,AM,CUT,0.0,0.0,0.0,nan
-512,0190_015.7,,,Salt Lake,AM,CUT,1.03287912,0.0,-1.03287912,-1.0
-513,0015_241.6,Freeway,Rural,Utah,AM,CUT,320.687550423,1104.5971085238,783.9095581008,2.444
-601,0092_007.6,Collector,Transition,Utah,AM,CUT,2.372858053,0.8337777468,-1.5390803061999998,-0.649
-602,0092_018.8,Collector,Rural,Utah,AM,CUT,2.66380312,1.5753180519999999,-1.088485068,-0.409
-606,0190_004.7,Minor Arterial,Transition,Salt Lake,AM,CUT,52.189906392000005,5.9434815648,-46.2464248272,-0.886
-611,0015_257.6,Freeway,Suburban,Utah,AM,CUT,2146.720547644,2930.537809196,783.8172615520002,0.365
-612,0015_330.1,Freeway,Urban,Davis,AM,CUT,2209.993739904,2285.6626893745997,75.66894947059973,0.034
-613,0015_357.6,Freeway,Rural,Box Elder,AM,CUT,1351.721787964,1774.6345723959,422.91278443190004,0.313
-614,0084_081.0,,,Weber,AM,CUT,216.514177932,0.0,-216.514177932,-1.0
-615,0080_101.5,Freeway,Rural,Salt Lake,AM,CUT,1168.703644188,621.9669369057,-546.7367072823,-0.468
-616,0015_313.7,Freeway,Urban,Davis,AM,CUT,2456.0144622440002,2633.0910964736004,177.07663422960013,0.072
-617,0215_003.7,Freeway,Suburban,Salt Lake,AM,CUT,259.15721472,404.86333194,145.70611722,0.562
-621,0015_241.6,Freeway,Rural,Utah,AM,CUT,1589.957191845,1104.5971085238,-485.3600833211999,-0.305
-702,0141_000.9,Minor Arterial,Rural,Utah,AM,CUT,398.43202866999997,18.6215180242,-379.8105106458,-0.953
-703,2851_001.4,Collector,Rural,Utah,AM,CUT,0.0,0.0,0.0,nan
-704,0006_157.3,Principal Arterial,Rural,Utah,AM,CUT,198.64375049999998,73.75885142999999,-124.88489906999999,-0.629
-711,0154_020.0,Expressway,Urban,Salt Lake,AM,CUT,208.05133227599998,228.9451722048,20.89383992880002,0.1
-622,1102_000.0,Principal Arterial,Rural,Box Elder,AM,CUT,0.0,0.0,0.0,nan
-623,0006_157.6,Principal Arterial,Rural,Utah,AM,CUT,430.7243676,84.05956356,-346.66480404,-0.805
-624,0067_000.0,,,Davis,MD,CUT,1292.183418666,0.0,-1292.183418666,-1.0
-625,0067_007.3,,,Davis,MD,CUT,1497.577182255,0.0,-1497.577182255,-1.0
-302,0015_289.8,Freeway,Urban,Salt Lake,MD,CUT,1192.47305184,5038.5342881664,3846.0612363264,3.225
-626,0073_034.6,Principal Arterial,Transition,Utah,MD,CUT,1062.254288544,949.0363894032,-113.2178991408,-0.107
-627,0154_012.9,Expressway,Suburban,Salt Lake,MD,CUT,570.516617814,514.8901521594,-55.6264656546,-0.098
-723,0015_241.6,Freeway,Rural,Utah,MD,CUT,3587.476655853,1593.1925263098,-1994.2841295432,-0.556
-712,1822_000.0,,,Utah,MD,CUT,0.0,0.0,0.0,nan
-713,1828_006.7,Collector,Rural,Utah,MD,CUT,0.0,0.0,0.0,nan
-714,0006_149.9,Principal Arterial,Rural,Utah,MD,CUT,252.79524462400002,51.08220972,-201.713034904,-0.798
-628,0215_027.4,Freeway,Suburban,Davis,MD,CUT,821.29624992,626.00839416,-195.28785576000007,-0.238
-629,0015_303.4,Freeway,Urban,Salt Lake,MD,CUT,2906.794494251,2916.1919671967,9.397472945699974,0.003
-631,0266_001.7,Principal Arterial,Urban,Salt Lake,MD,CUT,140.690384133,183.80124850229998,43.110864369299975,0.306
-632,0145_005.3,Expressway,Suburban,Utah,MD,CUT,492.20242316400004,418.2999849576,-73.90243820640006,-0.15
-634,0085_015.5,Expressway,Suburban,Salt Lake,MD,CUT,349.504882782,504.7702573452,155.2653745632,0.444
-720,0015_241.6,Freeway,Rural,Utah,MD,CUT,1315.552898349,1593.1925263098,277.6396279608,0.211
-733,0015_241.6,Freeway,Rural,Utah,MD,CUT,1769.398427439,1593.1925263098,-176.2059011291999,-0.1
-677,0080_136.1,Freeway,Rural,Salt Lake,MD,CUT,2335.009396226,2237.1480808444003,-97.86131538159952,-0.042
-680,0015_295.6,Freeway,Urban,Salt Lake,MD,CUT,1195.056391397,6601.3423197916,5406.2859283946,4.524
-678,0080_136.1,Freeway,Rural,Salt Lake,MD,CUT,2229.705906771,2237.1480808444003,7.4421740734001105,0.003
-679,0091_006.6,Principal Arterial,Rural,Box Elder,MD,CUT,1247.1520698299998,959.9861629551999,-287.16590687479993,-0.23
-682,0091_004.9,Principal Arterial,Transition,Box Elder,MD,CUT,1381.3332277709999,1092.8761642871,-288.4570634838999,-0.209
-724,0068_000.0,Principal Arterial,Rural,Utah,MD,CUT,410.319902146,79.31464388820001,-331.0052582578,-0.807
-725,0006_150.6,Principal Arterial,Rural,Utah,MD,CUT,287.146179856,62.947101716800006,-224.1990781392,-0.781
-726,0089_297.1,Expressway,Rural,Utah,MD,CUT,78.64100098499999,43.0325088115,-35.60849217349999,-0.453
-727,0089_297.1,Expressway,Rural,Utah,MD,CUT,45.347730495,43.0325088115,-2.315221683499999,-0.051
-728,0089_297.1,Expressway,Rural,Utah,MD,CUT,122.725883289,43.0325088115,-79.69337447749999,-0.649
-730,2495_013.0,,,Utah,MD,CUT,0.0,0.0,0.0,nan
-731,0096_013.6,,,Utah,MD,CUT,190.716828627,0.0,-190.716828627,-1.0
-732,1822_009.9,,,Utah,MD,CUT,0.0,0.0,0.0,nan
-729,1328_000.0,,,Utah,MD,CUT,0.0,0.0,0.0,nan
-636,0154_001.4,Freeway,Transition,Salt Lake,MD,CUT,704.8790031430001,794.4341709953001,89.55516785229997,0.127
-734,0006_152.6,Minor Arterial,Rural,Utah,MD,CUT,381.57455280000005,110.53757406400001,-271.03697873600004,-0.71
-748,0006_152.9,Principal Arterial,Rural,Utah,MD,CUT,174.95425857,138.6614717215,-36.292786848500015,-0.207
-747,2871_000.3,Minor Arterial,Transition,Utah,MD,CUT,0.0,0.0,0.0,nan
-821,0089_433.3,Principal Arterial,Suburban,Box Elder,MD,CUT,15.708716742,63.588410698400004,47.879693956400004,3.048
-818,0215_007.7,Freeway,Urban,Salt Lake,MD,CUT,952.2077586539999,843.9629109181,-108.24484773589995,-0.114
-816,0015_300.3,Freeway,Urban,Salt Lake,MD,CUT,1795.5867567169998,3176.2908961628,1380.7041394458001,0.769
-820,0154_006.8,Expressway,Suburban,Salt Lake,MD,CUT,544.1871806959999,487.1904678288,-56.9967128671999,-0.105
-819,0154_008.3,Expressway,Urban,Salt Lake,MD,CUT,599.138249346,509.5680829722,-89.57016637379996,-0.149
-681,0065_002.4,Local,Rural,Salt Lake,MD,CUT,178.86802617,5.073378145,-173.79464802500001,-0.972
-815,0080_104.3,Freeway,Transition,Salt Lake,MD,CUT,965.1415122159999,646.4083897404,-318.7331224755999,-0.33
-812,1112_002.2,Collector,Rural,Box Elder,MD,CUT,0.0,0.0,0.0,nan
-824,0190_011.6,Minor Arterial,Rural,Salt Lake,MD,CUT,113.365861128,5.8475713608,-107.5182897672,-0.948
-811,0080_136.1,Freeway,Rural,Salt Lake,MD,CUT,741.052846517,2237.1480808444003,1496.0952343274002,2.019
-814,0201_000.0,,,Salt Lake,MD,CUT,387.75335260300005,0.0,-387.75335260300005,-1.0
-715,1826_014.6,Collector,Transition,Utah,MD,CUT,0.0,0.0,0.0,nan
-717,0015_241.6,Freeway,Rural,Utah,MD,CUT,1594.001359926,1593.1925263098,-0.8088336161999905,-0.001
-718,0015_241.6,Freeway,Rural,Utah,MD,CUT,3925.239582618,1593.1925263098,-2332.0470563082,-0.594
-716,2851_000.0,,,Utah,MD,CUT,0.0,0.0,0.0,nan
-721,0015_241.6,Freeway,Rural,Utah,MD,CUT,1295.481841947,1593.1925263098,297.71068436280007,0.23
-722,1826_014.9,Collector,Transition,Utah,MD,CUT,0.0,0.0,0.0,nan
-638,0015_242.4,Freeway,Transition,Utah,MD,CUT,1845.3177465150002,1598.4483929700002,-246.86935354499997,-0.134
-639,0015_248.8,Freeway,Suburban,Utah,MD,CUT,2423.444238942,2056.0252581472,-367.41898079480006,-0.152
-641,0015_271.6,Freeway,Urban,Utah,MD,CUT,6074.501530784,5822.0976868096,-252.40384397439993,-0.042
-642,0052_001.0,Principal Arterial,Urban,Utah,MD,CUT,582.45808698,351.19889917200004,-231.25918780799992,-0.397
-643,2932_001.3,Collector,Transition,Utah,MD,CUT,0.0,0.0,0.0,nan
-646,0077_007.4,Principal Arterial,Suburban,Utah,MD,CUT,240.85661231999998,189.95835451799996,-50.89825780200002,-0.211
-647,0089_344.0,Principal Arterial,Urban,Utah,MD,CUT,177.75589689,93.9703026939,-83.7855941961,-0.471
-648,0194_000.8,Expressway,Suburban,Utah,MD,CUT,393.749280561,477.25417521599996,83.50489465499999,0.212
-649,0114_000.0,Principal Arterial,Urban,Utah,MD,CUT,96.464944992,91.2497466816,-5.215198310399998,-0.054
-650,0006_159.8,Principal Arterial,Suburban,Utah,MD,CUT,210.05609498799998,128.8628190208,-81.19327596719998,-0.387
-651,0114_005.0,Principal Arterial,Urban,Utah,MD,CUT,170.54953219200002,59.699991093600005,-110.84954109840001,-0.65
-653,0156_001.0,Principal Arterial,Urban,Utah,MD,CUT,298.43894785599997,231.0441718116,-67.39477604439998,-0.226
-655,0015_253.6,Freeway,Rural,Utah,MD,CUT,2808.509225045,2359.8647971145,-448.6444279305001,-0.16
-657,2889_000.0,Minor Arterial,Suburban,Utah,MD,CUT,0.0,0.0,0.0,nan
-658,0089_349.3,Principal Arterial,Urban,Utah,MD,CUT,593.5568822399999,299.0295156904,-294.52736654959995,-0.496
-659,0189_002.7,Principal Arterial,Urban,Utah,MD,CUT,250.80392576799997,201.6701671656,-49.13375860239998,-0.196
-660,0089_329.8,Minor Arterial,Suburban,Utah,MD,CUT,146.86527171,123.39324134550002,-23.472030364499986,-0.16
-661,0052_003.1,Principal Arterial,Urban,Utah,MD,CUT,397.46720051600005,156.8620655224,-240.60513499360005,-0.605
-662,2878_004.4,Minor Arterial,Suburban,Utah,MD,CUT,0.0,0.0,0.0,nan
-664,0089_326.5,Principal Arterial,Suburban,Utah,MD,CUT,0.0,108.3904063431,108.3904063431,inf
-665,0015_260.0,Freeway,Transition,Utah,MD,CUT,4541.740533747,4437.099881942099,-104.6406518049007,-0.023
-667,0015_261.8,Freeway,Rural,Utah,MD,CUT,4646.428223752,4453.1534209118,-193.2748028402002,-0.042
-668,0015_264.2,Freeway,Suburban,Utah,MD,CUT,4057.0849060220003,3582.3472832816,-474.7376227404002,-0.117
-669,0015_269.6,Freeway,Urban,Utah,MD,CUT,5155.021468575,4510.0118038725,-645.0096647024993,-0.125
-670,0015_272.7,Freeway,Suburban,Utah,MD,CUT,5968.880505787,5769.1744563675,-199.70604941950023,-0.033
-671,0015_276.4,Freeway,Urban,Utah,MD,CUT,5689.268896773,5160.8734621092,-528.3954346638002,-0.093
-672,0015_278.5,Freeway,Urban,Utah,MD,CUT,4532.646296664,4397.861327383201,-134.7849692807995,-0.03
-673,0015_279.6,Freeway,Suburban,Utah,MD,CUT,4339.667170521,4186.8829788849,-152.78419163610033,-0.035
-674,0015_283.9,Freeway,Urban,Utah,MD,CUT,4482.922222835,5045.9015504205,562.9793275855,0.126
-675,0092_002.4,Freeway,Transition,Utah,MD,CUT,114.60332360400001,221.59816166040002,106.99483805640001,0.934
-676,0092_002.4,Freeway,Transition,Utah,MD,CUT,98.54036073,221.59816166040002,123.05780093040002,1.249
-301,0080_128.7,Freeway,Rural,Salt Lake,MD,CUT,2262.4916405000004,1982.46287803,-280.0287624700004,-0.124
-304,0089_433.3,Principal Arterial,Suburban,Box Elder,MD,CUT,17.147569928,63.588410698400004,46.4408407704,2.708
-305,1826_015.6,Collector,Transition,Utah,MD,CUT,0.0,0.0,0.0,nan
-306,0015_267.0,Freeway,Suburban,Utah,MD,CUT,5072.177723175,3799.0659939825,-1273.1117291925002,-0.251
-308,2826_000.0,Collector,Rural,Utah,MD,CUT,0.0,0.0,0.0,nan
-309,0080_136.1,Freeway,Rural,Salt Lake,MD,CUT,738.543022416,2237.1480808444003,1498.6050584284003,2.029
-310,0015_365.5,Freeway,Rural,Box Elder,MD,CUT,906.502664925,1562.4149635380002,655.9122986130002,0.724
-312,0006_181.6,Expressway,Rural,Utah,MD,CUT,583.699161906,574.4146314195,-9.284530486499989,-0.016
-313,0015_241.6,Freeway,Rural,Utah,MD,CUT,1067.211021375,1593.1925263098,525.9815049348001,0.493
-314,0006_221.1,,,Utah,MD,CUT,1083.09979232,0.0,-1083.09979232,-1.0
-315,0015_321.0,Freeway,Suburban,Davis,MD,CUT,3633.980118825,3418.0803147085,-215.89980411650004,-0.059
-317,0210_003.9,,,Salt Lake,MD,CUT,24.85896561,0.0,-24.85896561,-1.0
-319,0189_013.1,Expressway,Rural,Utah,MD,CUT,637.188220682,356.9679057399,-280.22031494209995,-0.44
-320,0039_008.7,Minor Arterial,Suburban,Weber,MD,CUT,45.329840821999994,37.0456560551,-8.284184766899997,-0.183
-321,0006_146.9,Principal Arterial,Rural,Utah,MD,CUT,43.408611455999996,31.330634015999998,-12.077977439999998,-0.278
-322,0190_001.8,Minor Arterial,Transition,Salt Lake,MD,CUT,34.070255544,10.3760085312,-23.6942470128,-0.695
-323,0080_101.5,Freeway,Rural,Salt Lake,MD,CUT,327.696471095,649.9779872478999,322.28151615289994,0.983
-324,0006_184.1,Expressway,Rural,Utah,MD,CUT,170.625145167,557.0835078447001,386.45836267770005,2.265
-325,0089_377.3,Principal Arterial,Urban,Salt Lake,MD,CUT,160.45335871400002,176.7868059929,16.333447278899996,0.102
-327,0006_174.4,Expressway,Suburban,Utah,MD,CUT,679.36606625,636.229896654,-43.13616959600006,-0.063
-329,0089_412.2,Principal Arterial,Urban,Weber,MD,CUT,182.645353394,43.8642552198,-138.7810981742,-0.76
-332,0186_006.0,Principal Arterial,Suburban,Salt Lake,MD,CUT,414.49705641,280.9650026139,-133.5320537961,-0.322
-333,0071_021.2,Principal Arterial,Urban,Salt Lake,MD,CUT,116.139741178,96.2840961764,-19.855645001599996,-0.171
-335,0173_007.7,Minor Arterial,Urban,Salt Lake,MD,CUT,134.588548565,105.476175385,-29.11237317999999,-0.216
-340,0080_117.7,Freeway,Urban,Salt Lake,MD,CUT,1218.96240957,1090.7060387715,-128.25637079850003,-0.105
-341,0080_123.2,Freeway,Suburban,Salt Lake,MD,CUT,2817.13634792,2550.7839976652,-266.35235025480006,-0.095
-348,0015_340.3,Freeway,Suburban,Weber,MD,CUT,5152.612656136001,4216.792786452001,-935.819869684,-0.182
-349,0015_246.9,Freeway,Transition,Utah,MD,CUT,2256.11916698,1882.5235231627998,-373.5956438172002,-0.166
-350,0189_004.0,Expressway,Suburban,Utah,MD,CUT,183.425664936,103.3559027063,-80.0697622297,-0.437
-351,0215_011.5,Freeway,Suburban,Salt Lake,MD,CUT,1575.612766266,1832.5836851952,256.9709189291998,0.163
-353,0215_017.5,Freeway,Urban,Salt Lake,MD,CUT,1611.5135056020001,1865.8510754334,254.33756983139983,0.158
-354,0171_008.8,Principal Arterial,Urban,Salt Lake,MD,CUT,225.272969428,295.1297950559,69.85682562789998,0.31
-362,0089_433.3,Principal Arterial,Suburban,Box Elder,MD,CUT,15.070874608,63.588410698400004,48.5175360904,3.219
-363,0091_006.6,Principal Arterial,Rural,Box Elder,MD,CUT,1457.3244353979999,959.9861629551999,-497.33827244279996,-0.341
-382,0006_155.9,Principal Arterial,Rural,Utah,MD,CUT,120.71427915,80.69790008999999,-40.016379060000006,-0.331
-400,0015_241.6,Freeway,Rural,Utah,MD,CUT,2617.924804434,1593.1925263098,-1024.7322781242,-0.391
-401,0015_241.6,Freeway,Rural,Utah,MD,CUT,1638.936560826,1593.1925263098,-45.74403451619992,-0.028
-402,0141_000.0,Minor Arterial,Rural,Utah,MD,CUT,809.5346162019999,24.6085072116,-784.9261089903999,-0.97
-403,0015_241.6,Freeway,Rural,Utah,MD,CUT,1305.217802142,1593.1925263098,287.9747241678001,0.221
-404,2865_019.4,Local,Rural,Utah,MD,CUT,0.0,0.0,0.0,nan
-405,2823_000.0,Collector,Rural,Utah,MD,CUT,0.0,0.0,0.0,nan
-406,0071_015.7,Principal Arterial,Urban,Salt Lake,MD,CUT,291.87789728,250.652329004,-41.22556827600002,-0.141
-407,0068_038.1,Principal Arterial,Transition,Salt Lake,MD,CUT,223.797570003,159.98518827179998,-63.81238173120002,-0.285
-409,2330_001.0,Minor Arterial,Urban,Salt Lake,MD,CUT,0.0,0.0,0.0,nan
-411,0089_297.1,Expressway,Rural,Utah,MD,CUT,67.73458479,43.0325088115,-24.702075978499998,-0.365
-412,1826_016.1,Collector,Suburban,Utah,MD,CUT,0.0,0.0,0.0,nan
-414,2820_000.0,Collector,Rural,Utah,MD,CUT,0.0,0.0,0.0,nan
-415,0089_297.1,Expressway,Rural,Utah,MD,CUT,28.777631504,43.0325088115,14.254877307500003,0.495
-416,0089_297.1,Expressway,Rural,Utah,MD,CUT,43.434324145,43.0325088115,-0.40181533349999654,-0.009
-418,0006_221.1,,,Utah,MD,CUT,799.992519872,0.0,-799.992519872,-1.0
-420,2865_004.4,,,Utah,MD,CUT,0.0,0.0,0.0,nan
-421,0006_178.8,Expressway,Rural,Utah,MD,CUT,645.479245269,597.7602621648,-47.71898310419999,-0.074
-425,2824_000.0,,,Utah,MD,CUT,0.0,0.0,0.0,nan
-427,3041_000.0,Collector,Transition,Utah,MD,CUT,0.0,0.0,0.0,nan
-430,0038_003.2,Minor Arterial,Rural,Box Elder,MD,CUT,34.770151936,135.2504581948,100.4803062588,2.89
-431,0006_159.3,Principal Arterial,Suburban,Utah,MD,CUT,63.005891663,117.52205254789999,54.51616088489999,0.865
-503,0089_297.1,Expressway,Rural,Utah,MD,CUT,105.658298647,43.0325088115,-62.625789835499994,-0.593
-504,0089_297.1,Expressway,Rural,Utah,MD,CUT,27.055565789,43.0325088115,15.976943022500002,0.591
-507,0006_221.1,,,Utah,MD,CUT,1736.023599232,0.0,-1736.023599232,-1.0
-508,2851_001.3,Collector,Rural,Utah,MD,CUT,0.0,0.0,0.0,nan
-511,1102_001.1,,,Box Elder,MD,CUT,0.0,0.0,0.0,nan
-512,0190_015.7,,,Salt Lake,MD,CUT,4.13151648,0.0,-4.13151648,-1.0
-513,0015_241.6,Freeway,Rural,Utah,MD,CUT,1348.804947015,1593.1925263098,244.38757929480016,0.181
-601,0092_007.6,Collector,Transition,Utah,MD,CUT,13.843856928000001,1.4197819179,-12.424075010100001,-0.897
-602,0092_018.8,Collector,Rural,Utah,MD,CUT,41.42673128,2.144820788,-39.281910492,-0.948
-606,0190_004.7,Minor Arterial,Transition,Salt Lake,MD,CUT,131.013338664,9.954003633600001,-121.0593350304,-0.924
-611,0015_257.6,Freeway,Suburban,Utah,MD,CUT,3985.485627872,4421.3551878256,435.8695599536004,0.109
-612,0015_330.1,Freeway,Urban,Davis,MD,CUT,4098.879299777,3942.6061265736002,-156.27317320339944,-0.038
-613,0015_357.6,Freeway,Rural,Box Elder,MD,CUT,2985.0281404159996,2425.1325768501997,-559.8955635657999,-0.188
-614,0084_081.0,,,Weber,MD,CUT,800.673717402,0.0,-800.673717402,-1.0
-615,0080_101.5,Freeway,Rural,Salt Lake,MD,CUT,1637.613646126,649.9779872478999,-987.6356588781001,-0.603
-616,0015_313.7,Freeway,Urban,Davis,MD,CUT,4221.705951456001,4553.8157735616005,332.10982210559996,0.079
-617,0215_003.7,Freeway,Suburban,Salt Lake,MD,CUT,494.69332914,539.0358360480001,44.342506908000075,0.09
-621,0015_241.6,Freeway,Rural,Utah,MD,CUT,3971.073487536,1593.1925263098,-2377.8809612262,-0.599
-702,0141_000.9,Minor Arterial,Rural,Utah,MD,CUT,1095.31276608,30.3432862226,-1064.9694798574,-0.972
-703,2851_001.4,Collector,Rural,Utah,MD,CUT,0.0,0.0,0.0,nan
-704,0006_157.3,Principal Arterial,Rural,Utah,MD,CUT,942.1646120999999,102.83634160499999,-839.3282704949999,-0.891
-711,0154_020.0,Expressway,Urban,Salt Lake,MD,CUT,322.80141113599996,386.18803547039994,63.38662433439998,0.196
-622,1102_000.0,Principal Arterial,Rural,Box Elder,MD,CUT,0.0,0.0,0.0,nan
-623,0006_157.6,Principal Arterial,Rural,Utah,MD,CUT,1179.54838815,120.12104442,-1059.4273437299998,-0.898
-624,0067_000.0,,,Davis,PM,CUT,1204.220087878,0.0,-1204.220087878,-1.0
-625,0067_007.3,,,Davis,PM,CUT,1356.67860426,0.0,-1356.67860426,-1.0
-302,0015_289.8,Freeway,Urban,Salt Lake,PM,CUT,561.865413312,3219.8155311168002,2657.9501178048004,4.731
-626,0073_034.6,Principal Arterial,Transition,Utah,PM,CUT,787.708576992,712.8669579696,-74.84161902239998,-0.095
-627,0154_012.9,Expressway,Suburban,Salt Lake,PM,CUT,507.858723372,335.2347251916,-172.6239981804,-0.34
-723,0015_241.6,Freeway,Rural,Utah,PM,CUT,2228.486396634,1152.0037454733001,-1076.4826511606998,-0.483
-712,1822_000.0,,,Utah,PM,CUT,0.0,0.0,0.0,nan
-713,1828_006.7,Collector,Rural,Utah,PM,CUT,0.0,0.0,0.0,nan
-714,0006_149.9,Principal Arterial,Rural,Utah,PM,CUT,161.19275067200002,36.0388691184,-125.15388155360002,-0.776
-628,0215_027.4,Freeway,Suburban,Davis,PM,CUT,673.75007196,435.850155168,-237.899916792,-0.353
-629,0015_303.4,Freeway,Urban,Salt Lake,PM,CUT,1730.692727448,1789.2330741838998,58.5403467358999,0.034
-631,0266_001.7,Principal Arterial,Urban,Salt Lake,PM,CUT,95.079824138,118.3623649117,23.282540773699992,0.245
-632,0145_005.3,Expressway,Suburban,Utah,PM,CUT,362.79428206800003,288.2146133628,-74.57966870520005,-0.206
-634,0085_015.5,Expressway,Suburban,Salt Lake,PM,CUT,343.44431175899996,343.44072562229996,-0.003586136699993858,-0.0
-720,0015_241.6,Freeway,Rural,Utah,PM,CUT,739.633406814,1152.0037454733001,412.37033865930016,0.558
-733,0015_241.6,Freeway,Rural,Utah,PM,CUT,1099.115014014,1152.0037454733001,52.88873145930006,0.048
-677,0080_136.1,Freeway,Rural,Salt Lake,PM,CUT,1653.974082559,1650.3075569158,-3.666525643199975,-0.002
-680,0015_295.6,Freeway,Urban,Salt Lake,PM,CUT,722.72982754,3993.4999259512997,3270.7700984113,4.526
-678,0080_136.1,Freeway,Rural,Salt Lake,PM,CUT,1482.323938608,1650.3075569158,167.98361830780004,0.113
-679,0091_006.6,Principal Arterial,Rural,Box Elder,PM,CUT,886.8139373859999,644.3693662528,-242.44457113319993,-0.273
-682,0091_004.9,Principal Arterial,Transition,Box Elder,PM,CUT,992.9028586589999,748.5451146040999,-244.35774405489997,-0.246
-724,0068_000.0,Principal Arterial,Rural,Utah,PM,CUT,274.339202956,55.179927441800004,-219.1592755142,-0.799
-725,0006_150.6,Principal Arterial,Rural,Utah,PM,CUT,194.161751728,45.041183179200004,-149.1205685488,-0.768
-726,0089_297.1,Expressway,Rural,Utah,PM,CUT,39.41617081,29.963943440999998,-9.452227369,-0.24
-727,0089_297.1,Expressway,Rural,Utah,PM,CUT,31.571204774999998,29.963943440999998,-1.6072613340000004,-0.051
-728,0089_297.1,Expressway,Rural,Utah,PM,CUT,82.697422447,29.963943440999998,-52.733479005999996,-0.638
-730,2495_013.0,,,Utah,PM,CUT,0.0,0.0,0.0,nan
-731,0096_013.6,,,Utah,PM,CUT,117.939906201,0.0,-117.939906201,-1.0
-732,1822_009.9,,,Utah,PM,CUT,0.0,0.0,0.0,nan
-729,1328_000.0,,,Utah,PM,CUT,0.0,0.0,0.0,nan
-636,0154_001.4,Freeway,Transition,Salt Lake,PM,CUT,568.8401482170001,564.4328488349,-4.407299382100064,-0.008
-734,0006_152.6,Minor Arterial,Rural,Utah,PM,CUT,272.92918752,82.317347696,-190.61183982400001,-0.698
-748,0006_152.9,Principal Arterial,Rural,Utah,PM,CUT,134.06703947,104.972555142,-29.094484327999993,-0.217
-747,2871_000.3,Minor Arterial,Transition,Utah,PM,CUT,0.0,0.0,0.0,nan
-821,0089_433.3,Principal Arterial,Suburban,Box Elder,PM,CUT,8.647952654000001,46.406723633,37.758770979,4.366
-818,0215_007.7,Freeway,Urban,Salt Lake,PM,CUT,607.505007718,600.3837566976,-7.1212510203999955,-0.012
-816,0015_300.3,Freeway,Urban,Salt Lake,PM,CUT,512.4015221129999,1917.5232472864,1405.1217251734001,2.742
-820,0154_006.8,Expressway,Suburban,Salt Lake,PM,CUT,448.284650916,343.1400940348,-105.1445568812,-0.235
-819,0154_008.3,Expressway,Urban,Salt Lake,PM,CUT,473.385830022,356.325599889,-117.060230133,-0.247
-681,0065_002.4,Local,Rural,Salt Lake,PM,CUT,114.46547385000001,3.5639433250000003,-110.90153052500001,-0.969
-815,0080_104.3,Freeway,Transition,Salt Lake,PM,CUT,775.716760658,615.3301466564,-160.38661400160004,-0.207
-812,1112_002.2,Collector,Rural,Box Elder,PM,CUT,0.0,0.0,0.0,nan
-824,0190_011.6,Minor Arterial,Rural,Salt Lake,PM,CUT,61.249731816,4.0119976104,-57.2377342056,-0.934
-811,0080_136.1,Freeway,Rural,Salt Lake,PM,CUT,393.605892709,1650.3075569158,1256.7016642068,3.193
-814,0201_000.0,,,Salt Lake,PM,CUT,372.912322565,0.0,-372.912322565,-1.0
-715,1826_014.6,Collector,Transition,Utah,PM,CUT,0.0,0.0,0.0,nan
-717,0015_241.6,Freeway,Rural,Utah,PM,CUT,838.490848794,1152.0037454733001,313.51289667930007,0.374
-718,0015_241.6,Freeway,Rural,Utah,PM,CUT,2218.30108443,1152.0037454733001,-1066.2973389567,-0.481
-716,2851_000.0,,,Utah,PM,CUT,0.0,0.0,0.0,nan
-721,0015_241.6,Freeway,Rural,Utah,PM,CUT,718.663646394,1152.0037454733001,433.3400990793001,0.603
-722,1826_014.9,Collector,Transition,Utah,PM,CUT,0.0,0.0,0.0,nan
-638,0015_242.4,Freeway,Transition,Utah,PM,CUT,1131.9730048800002,1192.633889655,60.660884774999886,0.054
-639,0015_248.8,Freeway,Suburban,Utah,PM,CUT,1677.71492061,1517.865482214,-159.8494383960001,-0.095
-641,0015_271.6,Freeway,Urban,Utah,PM,CUT,4081.54354408,3980.8285204700005,-100.71502360999966,-0.025
-642,0052_001.0,Principal Arterial,Urban,Utah,PM,CUT,390.90462246,240.42888045,-150.47574200999998,-0.385
-643,2932_001.3,Collector,Transition,Utah,PM,CUT,0.0,0.0,0.0,nan
-646,0077_007.4,Principal Arterial,Suburban,Utah,PM,CUT,164.56850681999998,129.722821332,-34.84568548799999,-0.212
-647,0089_344.0,Principal Arterial,Urban,Utah,PM,CUT,125.658364406,74.7251537641,-50.933210641900004,-0.405
-648,0194_000.8,Expressway,Suburban,Utah,PM,CUT,267.92065327299997,291.17074970619996,23.250096433199985,0.087
-649,0114_000.0,Principal Arterial,Urban,Utah,PM,CUT,63.30949872,58.990293897600004,-4.319204822399996,-0.068
-650,0006_159.8,Principal Arterial,Suburban,Utah,PM,CUT,166.112227644,100.0935480088,-66.0186796352,-0.397
-651,0114_005.0,Principal Arterial,Urban,Utah,PM,CUT,134.380477452,49.5860517126,-84.7944257394,-0.631
-653,0156_001.0,Principal Arterial,Urban,Utah,PM,CUT,196.44968547399998,159.1723873894,-37.27729808459998,-0.19
-655,0015_253.6,Freeway,Rural,Utah,PM,CUT,2055.3959706,1733.5435156385001,-321.8524549614999,-0.157
-657,2889_000.0,Minor Arterial,Suburban,Utah,PM,CUT,0.0,0.0,0.0,nan
-658,0089_349.3,Principal Arterial,Urban,Utah,PM,CUT,364.15926066,208.9663438648,-155.19291679519998,-0.426
-659,0189_002.7,Principal Arterial,Urban,Utah,PM,CUT,162.15628516799998,150.4015161616,-11.754769006399982,-0.072
-660,0089_329.8,Minor Arterial,Suburban,Utah,PM,CUT,119.86520463000001,100.239845313,-19.625359317000004,-0.164
-661,0052_003.1,Principal Arterial,Urban,Utah,PM,CUT,274.16452154,113.7441842632,-160.4203372768,-0.585
-662,2878_004.4,Minor Arterial,Suburban,Utah,PM,CUT,0.0,0.0,0.0,nan
-664,0089_326.5,Principal Arterial,Suburban,Utah,PM,CUT,0.0,83.4409694937,83.4409694937,inf
-665,0015_260.0,Freeway,Transition,Utah,PM,CUT,3298.441647408,3136.1447966148003,-162.2968507931996,-0.049
-667,0015_261.8,Freeway,Rural,Utah,PM,CUT,3389.694648991,3128.7002311981005,-260.99441779289964,-0.077
-668,0015_264.2,Freeway,Suburban,Utah,PM,CUT,2979.398609923,2545.397874403,-434.00073552000003,-0.146
-669,0015_269.6,Freeway,Urban,Utah,PM,CUT,3654.912165777,3028.5858078531,-626.3263579239001,-0.171
-670,0015_272.7,Freeway,Suburban,Utah,PM,CUT,4079.073270509,3968.3625579949003,-110.71071251409967,-0.027
-671,0015_276.4,Freeway,Urban,Utah,PM,CUT,3853.453942503,3576.4706930204998,-276.9832494825,-0.072
-672,0015_278.5,Freeway,Urban,Utah,PM,CUT,3063.005869992,3027.5255972112004,-35.48027278079962,-0.012
-673,0015_279.6,Freeway,Suburban,Utah,PM,CUT,2982.156976287,2816.8699218885,-165.2870543985,-0.055
-674,0015_283.9,Freeway,Urban,Utah,PM,CUT,3096.708355055,3329.2067839905003,232.49842893550021,0.075
-675,0092_002.4,Freeway,Transition,Utah,PM,CUT,81.144484764,146.0750338446,64.9305490806,0.8
-676,0092_002.4,Freeway,Transition,Utah,PM,CUT,72.126919662,146.0750338446,73.9481141826,1.025
-301,0080_128.7,Freeway,Rural,Salt Lake,PM,CUT,1527.1340447500002,1459.3262331575002,-67.8078115925,-0.044
-304,0089_433.3,Principal Arterial,Suburban,Box Elder,PM,CUT,8.499617274,46.406723633,37.907106359,4.46
-305,1826_015.6,Collector,Transition,Utah,PM,CUT,0.0,0.0,0.0,nan
-306,0015_267.0,Freeway,Suburban,Utah,PM,CUT,3567.1061103750003,2679.932945415,-887.1731649600001,-0.249
-308,2826_000.0,Collector,Rural,Utah,PM,CUT,0.0,0.0,0.0,nan
-309,0080_136.1,Freeway,Rural,Salt Lake,PM,CUT,399.825891568,1650.3075569158,1250.4816653478001,3.128
-310,0015_365.5,Freeway,Rural,Box Elder,PM,CUT,527.205253575,1125.297382209,598.092128634,1.134
-312,0006_181.6,Expressway,Rural,Utah,PM,CUT,326.885545053,378.1198032219,51.2342581689,0.157
-313,0015_241.6,Freeway,Rural,Utah,PM,CUT,582.060635658,1152.0037454733001,569.9431098153001,0.979
-314,0006_221.1,,,Utah,PM,CUT,565.601758592,0.0,-565.601758592,-1.0
-315,0015_321.0,Freeway,Suburban,Davis,PM,CUT,2519.041405465,2273.109201902,-245.9322035629998,-0.098
-317,0210_003.9,,,Salt Lake,PM,CUT,19.19835067,0.0,-19.19835067,-1.0
-319,0189_013.1,Expressway,Rural,Utah,PM,CUT,479.261378569,256.4490758417,-222.8123027273,-0.465
-320,0039_008.7,Minor Arterial,Suburban,Weber,PM,CUT,29.435844444999997,28.6866920067,-0.7491524382999977,-0.025
-321,0006_146.9,Principal Arterial,Rural,Utah,PM,CUT,34.683624768,22.2523214208,-12.4313033472,-0.358
-322,0190_001.8,Minor Arterial,Transition,Salt Lake,PM,CUT,23.284046448,7.396890040800001,-15.8871564072,-0.682
-323,0080_101.5,Freeway,Rural,Salt Lake,PM,CUT,180.015881765,621.3491880353,441.3333062703,2.452
-324,0006_184.1,Expressway,Rural,Utah,PM,CUT,88.991348814,368.1345534534,279.1432046394,3.137
-325,0089_377.3,Principal Arterial,Urban,Salt Lake,PM,CUT,106.73292884700001,110.58209725120001,3.8491684042000003,0.036
-327,0006_174.4,Expressway,Suburban,Utah,PM,CUT,479.303486572,443.719007144,-35.58447942800001,-0.074
-329,0089_412.2,Principal Arterial,Urban,Weber,PM,CUT,120.477995636,37.933806727400004,-82.5441889086,-0.685
-332,0186_006.0,Principal Arterial,Suburban,Salt Lake,PM,CUT,266.666259609,211.30484785980002,-55.36141174919999,-0.208
-333,0071_021.2,Principal Arterial,Urban,Salt Lake,PM,CUT,75.054218996,66.3174969752,-8.736722020800002,-0.116
-335,0173_007.7,Minor Arterial,Urban,Salt Lake,PM,CUT,104.452498455,76.1653087515,-28.28718970349999,-0.271
-340,0080_117.7,Freeway,Urban,Salt Lake,PM,CUT,852.84884502,792.0756593505,-60.77318566949998,-0.071
-341,0080_123.2,Freeway,Suburban,Salt Lake,PM,CUT,1937.024468542,1728.2580174635998,-208.76645107840022,-0.108
-348,0015_340.3,Freeway,Suburban,Weber,PM,CUT,3763.4289811920003,2892.0422395864002,-871.3867416056,-0.232
-349,0015_246.9,Freeway,Transition,Utah,PM,CUT,1534.7507080359999,1412.9583561632,-121.79235187279983,-0.079
-350,0189_004.0,Expressway,Suburban,Utah,PM,CUT,128.664947789,75.2318076315,-53.43314015749999,-0.415
-351,0215_011.5,Freeway,Suburban,Salt Lake,PM,CUT,1249.148173287,1240.1742064887,-8.973966798299898,-0.007
-353,0215_017.5,Freeway,Urban,Salt Lake,PM,CUT,1480.515870042,1294.895454963,-185.62041507899994,-0.125
-354,0171_008.8,Principal Arterial,Urban,Salt Lake,PM,CUT,159.114817699,203.5359129945,44.42109529549998,0.279
-362,0089_433.3,Principal Arterial,Suburban,Box Elder,PM,CUT,7.846941602,46.406723633,38.559782031,4.914
-363,0091_006.6,Principal Arterial,Rural,Box Elder,PM,CUT,1041.308538496,644.3693662528,-396.9391722432,-0.381
-382,0006_155.9,Principal Arterial,Rural,Utah,PM,CUT,76.2216744,61.4806902,-14.7409842,-0.193
-400,0015_241.6,Freeway,Rural,Utah,PM,CUT,1393.590363912,1152.0037454733001,-241.58661843869982,-0.173
-401,0015_241.6,Freeway,Rural,Utah,PM,CUT,1029.914804628,1152.0037454733001,122.08894084530016,0.119
-402,0141_000.0,Minor Arterial,Rural,Utah,PM,CUT,520.273563888,18.555462977999998,-501.71810091000003,-0.964
-403,0015_241.6,Freeway,Rural,Utah,PM,CUT,729.148526604,1152.0037454733001,422.8552188693001,0.58
-404,2865_019.4,Local,Rural,Utah,PM,CUT,0.0,0.0,0.0,nan
-405,2823_000.0,Collector,Rural,Utah,PM,CUT,0.0,0.0,0.0,nan
-406,0071_015.7,Principal Arterial,Urban,Salt Lake,PM,CUT,226.71877837,179.0619559015,-47.656822468499996,-0.21
-407,0068_038.1,Principal Arterial,Transition,Salt Lake,PM,CUT,185.28751641600002,137.77264926179998,-47.51486715420003,-0.256
-409,2330_001.0,Minor Arterial,Urban,Salt Lake,PM,CUT,0.0,0.0,0.0,nan
-411,0089_297.1,Expressway,Rural,Utah,PM,CUT,34.862263696999996,29.963943440999998,-4.898320255999998,-0.141
-412,1826_016.1,Collector,Suburban,Utah,PM,CUT,0.0,0.0,0.0,nan
-414,2820_000.0,Collector,Rural,Utah,PM,CUT,0.0,0.0,0.0,nan
-415,0089_297.1,Expressway,Rural,Utah,PM,CUT,15.077642038,29.963943440999998,14.886301402999997,0.987
-416,0089_297.1,Expressway,Rural,Utah,PM,CUT,31.37986414,29.963943440999998,-1.4159206990000008,-0.045
-418,0006_221.1,,,Utah,PM,CUT,406.583712704,0.0,-406.583712704,-1.0
-420,2865_004.4,,,Utah,PM,CUT,0.0,0.0,0.0,nan
-421,0006_178.8,Expressway,Rural,Utah,PM,CUT,364.841172828,394.8319580976,29.990785269599996,0.082
-425,2824_000.0,,,Utah,PM,CUT,0.0,0.0,0.0,nan
-427,3041_000.0,Collector,Transition,Utah,PM,CUT,0.0,0.0,0.0,nan
-430,0038_003.2,Minor Arterial,Rural,Box Elder,PM,CUT,17.249255062,98.5516493936,81.3023943316,4.713
-431,0006_159.3,Principal Arterial,Suburban,Utah,PM,CUT,35.723305904,96.1207427609,60.3974368569,1.691
-503,0089_297.1,Expressway,Rural,Utah,PM,CUT,61.535148215999996,29.963943440999998,-31.571204774999998,-0.513
-504,0089_297.1,Expressway,Rural,Utah,PM,CUT,13.891330101,29.963943440999998,16.072613339999997,1.157
-507,0006_221.1,,,Utah,PM,CUT,1023.965913984,0.0,-1023.965913984,-1.0
-508,2851_001.3,Collector,Rural,Utah,PM,CUT,0.0,0.0,0.0,nan
-511,1102_001.1,,,Box Elder,PM,CUT,0.0,0.0,0.0,nan
-512,0190_015.7,,,Salt Lake,PM,CUT,2.257578648,0.0,-2.257578648,-1.0
-513,0015_241.6,Freeway,Rural,Utah,PM,CUT,774.083727504,1152.0037454733001,377.92001796930015,0.488
-601,0092_007.6,Collector,Transition,Utah,PM,CUT,10.789293799000001,0.9753626472000001,-9.8139311518,-0.91
-602,0092_018.8,Collector,Rural,Utah,PM,CUT,33.34346664,1.451313424,-31.892153216000004,-0.956
-606,0190_004.7,Minor Arterial,Transition,Salt Lake,PM,CUT,81.877803384,7.08259968,-74.795203704,-0.913
-611,0015_257.6,Freeway,Suburban,Utah,PM,CUT,2907.927695882,3171.8745334593996,263.9468375773995,0.091
-612,0015_330.1,Freeway,Urban,Davis,PM,CUT,2867.977749366,2592.595752595,-275.3819967710001,-0.096
-613,0015_357.6,Freeway,Rural,Box Elder,PM,CUT,1970.2228632539998,1675.1964018604,-295.0264613935997,-0.15
-614,0084_081.0,,,Weber,PM,CUT,391.40475565099996,0.0,-391.40475565099996,-1.0
-615,0080_101.5,Freeway,Rural,Salt Lake,PM,CUT,1407.116098858,621.3491880353,-785.7669108227,-0.558
-616,0015_313.7,Freeway,Urban,Davis,PM,CUT,2967.216564452,2958.6607910132,-8.55577343879986,-0.003
-617,0215_003.7,Freeway,Suburban,Salt Lake,PM,CUT,410.02972038,404.6748285780001,-5.3548918019999405,-0.013
-621,0015_241.6,Freeway,Rural,Utah,PM,CUT,2414.667912363,1152.0037454733001,-1262.6641668897,-0.523
-702,0141_000.9,Minor Arterial,Rural,Utah,PM,CUT,658.688910698,22.7769809306,-635.9119297674,-0.965
-703,2851_001.4,Collector,Rural,Utah,PM,CUT,0.0,0.0,0.0,nan
-704,0006_157.3,Principal Arterial,Rural,Utah,PM,CUT,537.2369668499999,79.57434946499998,-457.662617385,-0.852
-711,0154_020.0,Expressway,Urban,Salt Lake,PM,CUT,194.74532709599998,264.209497728,69.46417063199999,0.357
-622,1102_000.0,Principal Arterial,Rural,Box Elder,PM,CUT,0.0,0.0,0.0,nan
-623,0006_157.6,Principal Arterial,Rural,Utah,PM,CUT,683.2985481,92.481699045,-590.8168490549999,-0.865
-624,0067_000.0,,,Davis,EV,CUT,1144.672464898,0.0,-1144.672464898,-1.0
-625,0067_007.3,,,Davis,EV,CUT,1313.6750764199999,0.0,-1313.6750764199999,-1.0
-302,0015_289.8,Freeway,Urban,Salt Lake,EV,CUT,2481.46180128,3292.798684896,811.3368836159998,0.327
-626,0073_034.6,Principal Arterial,Transition,Utah,EV,CUT,946.452682368,673.445743704,-273.0069386639999,-0.288
-627,0154_012.9,Expressway,Suburban,Salt Lake,EV,CUT,557.140990734,317.947880262,-239.19311047199994,-0.429
-723,0015_241.6,Freeway,Rural,Utah,EV,CUT,2460.352033278,1150.940279052,-1309.4117542259999,-0.532
-712,1822_000.0,,,Utah,EV,CUT,0.0,0.0,0.0,nan
-713,1828_006.7,Collector,Rural,Utah,EV,CUT,0.0,0.0,0.0,nan
-714,0006_149.9,Principal Arterial,Rural,Utah,EV,CUT,145.794055568,36.1671915776,-109.62686399040001,-0.752
-628,0215_027.4,Freeway,Suburban,Davis,EV,CUT,697.58606292,342.15798368400004,-355.428079236,-0.51
-629,0015_303.4,Freeway,Urban,Salt Lake,EV,CUT,2243.779036588,1988.8721559332998,-254.90688065470022,-0.114
-631,0266_001.7,Principal Arterial,Urban,Salt Lake,EV,CUT,105.505094994,128.0497432201,22.544648226099994,0.214
-632,0145_005.3,Expressway,Suburban,Utah,EV,CUT,399.53879628,276.5929028352,-122.94589344479999,-0.308
-634,0085_015.5,Expressway,Suburban,Salt Lake,EV,CUT,384.613161075,301.19603529629995,-83.41712577870004,-0.217
-720,0015_241.6,Freeway,Rural,Utah,EV,CUT,994.415995917,1150.940279052,156.52428313500002,0.157
-733,0015_241.6,Freeway,Rural,Utah,EV,CUT,1371.572115471,1150.940279052,-220.6318364189999,-0.161
-677,0080_136.1,Freeway,Rural,Salt Lake,EV,CUT,1555.217960324,1573.8888691797001,18.67090885570019,0.012
-680,0015_295.6,Freeway,Urban,Salt Lake,EV,CUT,826.440977752,4212.064794583201,3385.6238168312007,4.097
-678,0080_136.1,Freeway,Rural,Salt Lake,EV,CUT,1278.591695279,1573.8888691797001,295.29717390070005,0.231
-679,0091_006.6,Principal Arterial,Rural,Box Elder,EV,CUT,884.4256150499999,635.293741376,-249.13187367399996,-0.282
-682,0091_004.9,Principal Arterial,Transition,Box Elder,EV,CUT,993.1998237729999,712.6123358100999,-280.5874879629,-0.283
-724,0068_000.0,Principal Arterial,Rural,Utah,EV,CUT,259.180698784,59.103304992199995,-200.07739379180003,-0.772
-725,0006_150.6,Principal Arterial,Rural,Utah,EV,CUT,173.334029504,41.2803480288,-132.0536814752,-0.762
-726,0089_297.1,Expressway,Rural,Utah,EV,CUT,28.31841398,26.8986664683,-1.419747511699999,-0.05
-727,0089_297.1,Expressway,Rural,Utah,EV,CUT,26.443275757,26.8986664683,0.4553907113000015,0.017
-728,0089_297.1,Expressway,Rural,Utah,EV,CUT,79.21502289,26.8986664683,-52.3163564217,-0.66
-730,2495_013.0,,,Utah,EV,CUT,0.0,0.0,0.0,nan
-731,0096_013.6,,,Utah,EV,CUT,163.102889976,0.0,-163.102889976,-1.0
-732,1822_009.9,,,Utah,EV,CUT,0.0,0.0,0.0,nan
-729,1328_000.0,,,Utah,EV,CUT,0.0,0.0,0.0,nan
-636,0154_001.4,Freeway,Transition,Salt Lake,EV,CUT,571.69702837,442.7907438934001,-128.90628447659992,-0.225
-734,0006_152.6,Minor Arterial,Rural,Utah,EV,CUT,252.00211024,63.758664192000005,-188.243446048,-0.747
-748,0006_152.9,Principal Arterial,Rural,Utah,EV,CUT,88.44551079,83.797279566,-4.648231224,-0.053
-747,2871_000.3,Minor Arterial,Transition,Utah,EV,CUT,0.0,0.0,0.0,nan
-821,0089_433.3,Principal Arterial,Suburban,Box Elder,EV,CUT,5.874081048,37.2069633654,31.3328823174,5.334
-818,0215_007.7,Freeway,Urban,Salt Lake,EV,CUT,656.303288724,409.1238107672,-247.17947795680004,-0.377
-816,0015_300.3,Freeway,Urban,Salt Lake,EV,CUT,1952.505441133,2156.0850790193,203.5796378862999,0.104
-820,0154_006.8,Expressway,Suburban,Salt Lake,EV,CUT,546.1248892039999,281.487264202,-264.63762500199994,-0.485
-819,0154_008.3,Expressway,Urban,Salt Lake,EV,CUT,571.328659629,309.8616515001,-261.4670081289,-0.458
-681,0065_002.4,Local,Rural,Salt Lake,EV,CUT,124.48644390500002,3.2704421100000003,-121.21600179500001,-0.974
-815,0080_104.3,Freeway,Transition,Salt Lake,EV,CUT,908.7049480879999,466.24991188719997,-442.45503620079995,-0.487
-812,1112_002.2,Collector,Rural,Box Elder,EV,CUT,0.0,0.0,0.0,nan
-824,0190_011.6,Minor Arterial,Rural,Salt Lake,EV,CUT,49.076513616,3.290457768,-45.786055848,-0.933
-811,0080_136.1,Freeway,Rural,Salt Lake,EV,CUT,603.994626045,1573.8888691797001,969.8942431347001,1.606
-814,0201_000.0,,,Salt Lake,EV,CUT,426.36518499000005,0.0,-426.36518499000005,-1.0
-715,1826_014.6,Collector,Transition,Utah,EV,CUT,0.0,0.0,0.0,nan
-717,0015_241.6,Freeway,Rural,Utah,EV,CUT,1196.175047958,1150.940279052,-45.234768906,-0.038
-718,0015_241.6,Freeway,Rural,Utah,EV,CUT,2494.502785962,1150.940279052,-1343.56250691,-0.539
-716,2851_000.0,,,Utah,EV,CUT,0.0,0.0,0.0,nan
-721,0015_241.6,Freeway,Rural,Utah,EV,CUT,951.12841905,1150.940279052,199.811860002,0.21
-722,1826_014.9,Collector,Transition,Utah,EV,CUT,0.0,0.0,0.0,nan
-638,0015_242.4,Freeway,Transition,Utah,EV,CUT,1398.8808978900001,1158.554740905,-240.32615698500013,-0.172
-639,0015_248.8,Freeway,Suburban,Utah,EV,CUT,1908.9215238699999,1424.4204580944,-484.50106577559995,-0.254
-641,0015_271.6,Freeway,Urban,Utah,EV,CUT,4948.147722592001,3529.0875164192003,-1419.0602061728005,-0.287
-642,0052_001.0,Principal Arterial,Urban,Utah,EV,CUT,424.49721732,200.012481306,-224.484736014,-0.529
-643,2932_001.3,Collector,Transition,Utah,EV,CUT,0.0,0.0,0.0,nan
-646,0077_007.4,Principal Arterial,Suburban,Utah,EV,CUT,196.6969752,112.929719892,-83.767255308,-0.426
-647,0089_344.0,Principal Arterial,Urban,Utah,EV,CUT,120.29944537,49.6086736946,-70.6907716754,-0.588
-648,0194_000.8,Expressway,Suburban,Utah,EV,CUT,346.806645458,377.2768157522,30.47017029419999,0.088
-649,0114_000.0,Principal Arterial,Urban,Utah,EV,CUT,82.571515104,53.7330613248,-28.8384537792,-0.349
-650,0006_159.8,Principal Arterial,Suburban,Utah,EV,CUT,183.381138724,78.6139620144,-104.76717670960001,-0.571
-651,0114_005.0,Principal Arterial,Urban,Utah,EV,CUT,156.08191029600002,30.274838412,-125.80707188400001,-0.806
-653,0156_001.0,Principal Arterial,Urban,Utah,EV,CUT,202.197052932,145.61199346819998,-56.58505946380001,-0.28
-655,0015_253.6,Freeway,Rural,Utah,EV,CUT,2210.93369881,1582.931503445,-628.0021953649998,-0.284
-657,2889_000.0,Minor Arterial,Suburban,Utah,EV,CUT,0.0,0.0,0.0,nan
-658,0089_349.3,Principal Arterial,Urban,Utah,EV,CUT,360.77760155199996,157.8124407908,-202.96516076119997,-0.563
-659,0189_002.7,Principal Arterial,Urban,Utah,EV,CUT,243.05070207199998,127.27412756319998,-115.7765745088,-0.476
-660,0089_329.8,Minor Arterial,Suburban,Utah,EV,CUT,111.64779291,74.4199830285,-37.22780988150001,-0.333
-661,0052_003.1,Principal Arterial,Urban,Utah,EV,CUT,263.85758464,92.55946472720001,-171.29811991280002,-0.649
-662,2878_004.4,Minor Arterial,Suburban,Utah,EV,CUT,0.0,0.0,0.0,nan
-664,0089_326.5,Principal Arterial,Suburban,Utah,EV,CUT,2.267360067,69.37062290969999,67.10326284269999,29.595
-665,0015_260.0,Freeway,Transition,Utah,EV,CUT,3550.266087399,2802.2908603554,-747.9752270435997,-0.211
-667,0015_261.8,Freeway,Rural,Utah,EV,CUT,3626.793487832,2775.128381422,-851.6651064100001,-0.235
-668,0015_264.2,Freeway,Suburban,Utah,EV,CUT,3197.5497372090003,2209.2610168584,-988.2887203506002,-0.309
-669,0015_269.6,Freeway,Urban,Utah,EV,CUT,4360.397563287,2738.0456088102,-1622.3519544767996,-0.372
-670,0015_272.7,Freeway,Suburban,Utah,EV,CUT,4860.168993826,3491.1296764518,-1369.0393173741995,-0.282
-671,0015_276.4,Freeway,Urban,Utah,EV,CUT,4486.945572713999,3121.2662055762,-1365.6793671377995,-0.304
-672,0015_278.5,Freeway,Urban,Utah,EV,CUT,3561.290931456,2600.6362949352,-960.6546365208001,-0.27
-673,0015_279.6,Freeway,Suburban,Utah,EV,CUT,3398.193691308,2495.7916582275,-902.4020330804997,-0.266
-674,0015_283.9,Freeway,Urban,Utah,EV,CUT,3567.7489801799998,3193.3965917419996,-374.35238843800016,-0.105
-675,0092_002.4,Freeway,Transition,Utah,EV,CUT,85.61926443,154.64104063380003,69.02177620380003,0.806
-676,0092_002.4,Freeway,Transition,Utah,EV,CUT,64.70068957800001,154.64104063380003,89.94035105580002,1.39
-301,0080_128.7,Freeway,Rural,Salt Lake,EV,CUT,1397.0838067500001,1392.95279919,-4.131007560000171,-0.003
-304,0089_433.3,Principal Arterial,Suburban,Box Elder,EV,CUT,5.85924751,37.2069633654,31.3477158554,5.35
-305,1826_015.6,Collector,Transition,Utah,EV,CUT,0.0,0.0,0.0,nan
-306,0015_267.0,Freeway,Suburban,Utah,EV,CUT,4377.79386525,2315.77536546,-2062.0184997899996,-0.471
-308,2826_000.0,Collector,Rural,Utah,EV,CUT,0.0,0.0,0.0,nan
-309,0080_136.1,Freeway,Rural,Salt Lake,EV,CUT,612.833571792,1573.8888691797001,961.0552973877001,1.568
-310,0015_365.5,Freeway,Rural,Box Elder,EV,CUT,630.10555608,1174.9690097145,544.8634536345,0.865
-312,0006_181.6,Expressway,Rural,Utah,EV,CUT,386.446684023,390.5575704774,4.110886454400031,0.011
-313,0015_241.6,Freeway,Rural,Utah,EV,CUT,765.695823336,1150.940279052,385.24445571600006,0.503
-314,0006_221.1,,,Utah,EV,CUT,693.674096128,0.0,-693.674096128,-1.0
-315,0015_321.0,Freeway,Suburban,Davis,EV,CUT,2738.5217146249997,2101.337959945,-637.1837546799998,-0.233
-317,0210_003.9,,,Salt Lake,EV,CUT,11.253029699999999,0.0,-11.253029699999999,-1.0
-319,0189_013.1,Expressway,Rural,Utah,EV,CUT,415.292003256,231.53468756189997,-183.75731569410001,-0.442
-320,0039_008.7,Minor Arterial,Suburban,Weber,EV,CUT,24.024543711,25.2794760169,1.2549323058999988,0.052
-321,0006_146.9,Principal Arterial,Rural,Utah,EV,CUT,35.765234688,20.687592403199996,-15.077642284800003,-0.422
-322,0190_001.8,Minor Arterial,Transition,Salt Lake,EV,CUT,17.396635464,5.4698327112,-11.9268027528,-0.686
-323,0080_101.5,Freeway,Rural,Salt Lake,EV,CUT,283.199247774,471.23621252810005,188.03696475410004,0.664
-324,0006_184.1,Expressway,Rural,Utah,EV,CUT,108.027555975,380.50224878070003,272.47469280570004,2.522
-325,0089_377.3,Principal Arterial,Urban,Salt Lake,EV,CUT,115.261026509,79.8875310716,-35.37349543740001,-0.307
-327,0006_174.4,Expressway,Suburban,Utah,EV,CUT,568.779573108,443.02676887859997,-125.75280422940006,-0.221
-329,0089_412.2,Principal Arterial,Urban,Weber,EV,CUT,122.866195254,21.355844658600002,-101.5103505954,-0.826
-332,0186_006.0,Principal Arterial,Suburban,Salt Lake,EV,CUT,266.082460938,164.6896050891,-101.39285584889998,-0.381
-333,0071_021.2,Principal Arterial,Urban,Salt Lake,EV,CUT,86.101675948,41.111577505,-44.990098442999994,-0.523
-335,0173_007.7,Minor Arterial,Urban,Salt Lake,EV,CUT,101.79343521,57.320914534,-44.472520675999995,-0.437
-340,0080_117.7,Freeway,Urban,Salt Lake,EV,CUT,1030.36602501,672.0828757200001,-358.28314928999987,-0.348
-341,0080_123.2,Freeway,Suburban,Salt Lake,EV,CUT,2032.58657643,1542.9496856292,-489.63689080079985,-0.241
-348,0015_340.3,Freeway,Suburban,Weber,EV,CUT,4048.5784007800003,2677.0198805124,-1371.5585202676002,-0.339
-349,0015_246.9,Freeway,Transition,Utah,EV,CUT,1797.155855908,1324.740595542,-472.415260366,-0.263
-350,0189_004.0,Expressway,Suburban,Utah,EV,CUT,135.515538442,58.648097282,-76.86744116,-0.567
-351,0215_011.5,Freeway,Suburban,Salt Lake,EV,CUT,1277.276761278,916.7778123462,-360.4989489318001,-0.282
-353,0215_017.5,Freeway,Urban,Salt Lake,EV,CUT,1399.3296810900001,993.7019715975,-405.6277094925001,-0.29
-354,0171_008.8,Principal Arterial,Urban,Salt Lake,EV,CUT,160.638697469,182.9461203307,22.30742286170002,0.139
-362,0089_433.3,Principal Arterial,Suburban,Box Elder,EV,CUT,5.577410288,37.2069633654,31.6295530774,5.671
-363,0091_006.6,Principal Arterial,Rural,Box Elder,EV,CUT,1040.114377328,635.293741376,-404.8206359520001,-0.389
-382,0006_155.9,Principal Arterial,Rural,Utah,EV,CUT,72.9858486,49.031749274999996,-23.954099325,-0.328
-400,0015_241.6,Freeway,Rural,Utah,EV,CUT,1673.08731351,1150.940279052,-522.147034458,-0.312
-401,0015_241.6,Freeway,Rural,Utah,EV,CUT,1298.477522007,1150.940279052,-147.537242955,-0.114
-402,0141_000.0,Minor Arterial,Rural,Utah,EV,CUT,456.320269158,15.0005004916,-441.31976866639997,-0.967
-403,0015_241.6,Freeway,Rural,Utah,EV,CUT,986.627227761,1150.940279052,164.31305129100008,0.167
-404,2865_019.4,Local,Rural,Utah,EV,CUT,0.0,0.0,0.0,nan
-405,2823_000.0,Collector,Rural,Utah,EV,CUT,0.0,0.0,0.0,nan
-406,0071_015.7,Principal Arterial,Urban,Salt Lake,EV,CUT,206.865182625,129.1794552305,-77.68572739449999,-0.376
-407,0068_038.1,Principal Arterial,Transition,Salt Lake,EV,CUT,189.031202766,90.68955393329999,-98.34164883270002,-0.52
-409,2330_001.0,Minor Arterial,Urban,Salt Lake,EV,CUT,0.0,0.0,0.0,nan
-411,0089_297.1,Expressway,Rural,Utah,EV,CUT,31.111987251,26.8986664683,-4.2133207826999985,-0.135
-412,1826_016.1,Collector,Suburban,Utah,EV,CUT,0.0,0.0,0.0,nan
-414,2820_000.0,Collector,Rural,Utah,EV,CUT,0.0,0.0,0.0,nan
-415,0089_297.1,Expressway,Rural,Utah,EV,CUT,12.169264386,26.8986664683,14.7294020823,1.21
-416,0089_297.1,Expressway,Rural,Utah,EV,CUT,33.101929855,26.8986664683,-6.2032633867000015,-0.187
-418,0006_221.1,,,Utah,EV,CUT,478.279710272,0.0,-478.279710272,-1.0
-420,2865_004.4,,,Utah,EV,CUT,0.0,0.0,0.0,nan
-421,0006_178.8,Expressway,Rural,Utah,EV,CUT,327.119118147,403.8595581807,76.7404400337,0.235
-425,2824_000.0,,,Utah,EV,CUT,0.0,0.0,0.0,nan
-427,3041_000.0,Collector,Transition,Utah,EV,CUT,0.0,0.0,0.0,nan
-430,0038_003.2,Minor Arterial,Rural,Box Elder,EV,CUT,17.249255062,95.4277685556,78.1785134936,4.532
-431,0006_159.3,Principal Arterial,Suburban,Utah,EV,CUT,35.505480868,72.4540525995,36.9485717315,1.041
-503,0089_297.1,Expressway,Rural,Utah,EV,CUT,62.912800788,26.8986664683,-36.0141343197,-0.572
-504,0089_297.1,Expressway,Rural,Utah,EV,CUT,11.289097465,26.8986664683,15.6095690033,1.383
-507,0006_221.1,,,Utah,EV,CUT,1123.850081536,0.0,-1123.850081536,-1.0
-508,2851_001.3,Collector,Rural,Utah,EV,CUT,0.0,0.0,0.0,nan
-511,1102_001.1,,,Box Elder,EV,CUT,0.0,0.0,0.0,nan
-512,0190_015.7,,,Salt Lake,EV,CUT,1.62309576,0.0,-1.62309576,-1.0
-513,0015_241.6,Freeway,Rural,Utah,EV,CUT,1037.553788781,1150.940279052,113.38649027099996,0.109
-601,0092_007.6,Collector,Transition,Utah,EV,CUT,11.418560023,0.8298448329,-10.5887151901,-0.927
-602,0092_018.8,Collector,Rural,Utah,EV,CUT,25.85726132,1.602874636,-24.254386684,-0.938
-606,0190_004.7,Minor Arterial,Transition,Salt Lake,EV,CUT,53.385095088,5.216039556,-48.169055532,-0.902
-611,0015_257.6,Freeway,Suburban,Utah,EV,CUT,3152.918290778,2858.2522275165998,-294.66606326140027,-0.093
-612,0015_330.1,Freeway,Urban,Davis,EV,CUT,3206.982211466,2435.2109601089,-771.7712513571,-0.241
-613,0015_357.6,Freeway,Rural,Box Elder,EV,CUT,2344.2204689679998,1676.0510052196998,-668.1694637482999,-0.285
-614,0084_081.0,,,Weber,EV,CUT,613.2781954129999,0.0,-613.2781954129999,-1.0
-615,0080_101.5,Freeway,Rural,Salt Lake,EV,CUT,1589.641585409,471.23621252810005,-1118.4053728809,-0.704
-616,0015_313.7,Freeway,Urban,Davis,EV,CUT,3256.2687598280004,2840.4310095168,-415.8377503112006,-0.128
-617,0215_003.7,Freeway,Suburban,Salt Lake,EV,CUT,363.60204048,263.33454231,-100.26749817000001,-0.276
-621,0015_241.6,Freeway,Rural,Utah,EV,CUT,2701.803846114,1150.940279052,-1550.863567062,-0.574
-702,0141_000.9,Minor Arterial,Rural,Utah,EV,CUT,652.383656288,18.195162726,-634.188493562,-0.972
-703,2851_001.4,Collector,Rural,Utah,EV,CUT,0.0,0.0,0.0,nan
-704,0006_157.3,Principal Arterial,Rural,Utah,EV,CUT,475.03720424999995,61.013293139999995,-414.02391111,-0.872
-711,0154_020.0,Expressway,Urban,Salt Lake,EV,CUT,322.30101436,243.2747162448,-79.0262981152,-0.245
-622,1102_000.0,Principal Arterial,Rural,Box Elder,EV,CUT,0.0,0.0,0.0,nan
-623,0006_157.6,Principal Arterial,Rural,Utah,EV,CUT,648.4235367,72.32070662999999,-576.10283007,-0.888
