{
"type": "FeatureCollection",
"name": "segments",
"crs": { "type": "name", "properties": { "name": "urn:ogc:def:crs:OGC:1.3:CRS84" } },
"features": [
{ "type": "Feature", "properties": { "SEGID": "0114_005.0", "BMP": 4.964, "EMP": 5.29, "DISTANCE": 0.32807326795699998, "FULLNAME": null, "FNCLASS": null, "FC_CODE": -1, "FC_GROUP": null, "FC_NAME": null, "CO_FIPS": 49, "CO_NAME": null, "PLANAREA": "MAG", "X": -1.0, "Y": -1.0, "ONLRS": null, "T_MODEL": null, "RT_NUM": -1, "CCSGROUP": "COU", "SUTRUCKS": 0.0668, "CUTRUCKS": 0.0209, "F2050": -1, "F2040": -1, "FORNOTES": null, "ForecastSo": null, "AADT1981": 5025, "AADT1982": 5025, "AADT1983": 5025, "AADT1984": 4925, "AADT1985": 4975, "AADT1986": 4945, "AADT1987": 5000, "AADT1988": 5150, "AADT1989": 5205, "AADT1990": 4635, "AADT1991": 5525, "AADT1992": 5005, "AADT1993": 5050, "AADT1994": 5265, "AADT1995": -1, "AADT1996": 14210, "AADT1997": 14550, "AADT1998": 14725, "AADT1999": 10445, "AADT2000": 10365, "AADT2001": 11940, "AADT2002": 12745, "AADT2003": 12745, "AADT2004": 12825, "AADT2005": 12110, "AADT2006": 12645, "AADT2007": 12820, "AADT2008": 13295, "AADT2009": 13215, "AADT2010": 13165, "AADT2011": 12190, "AADT2012": 11945, "AADT2013": 11645, "AADT2014": 11775, "AADT2015": 12280, "AADT2016": 12930, "AADT2017": 13279, "AADT2018": 13412, "AADT2019": 13653, "AADT2020": 12192, "AADT2021": 13216, "AADT2022": 13348, "AADT2023": 13535, "FACGEO": "Statewide", "FAC_MON": 1.0194, "FAC_TUE": 1.0804, "FAC_WED": 1.0914, "FAC_THU": 1.1033, "FAC_FRI": 1.1269, "FAC_SAT": 0.916, "FAC_SUN": 0.6627, "FAC_WDAVG": 1.0917, "FAC_WEAVG": 0.7893, "FAC_WEMAX": 0.916, "FAC_JAN": 0.915, "FAC_FEB": 0.9768, "FAC_MAR": 0.9735, "FAC_APR": 1.0241, "FAC_MAY": 1.0436, "FAC_JUN": 0.9992, "FAC_JUL": 1.0033, "FAC_AUG": 1.0398, "FAC_SEP": 1.0413, "FAC_OCT": 1.0209, "FAC_NOV": 0.9986, "FAC_DEC": 0.9639, "FAC_WIN": 0.9519, "FAC_SPR": 1.0137, "FAC_SUM": 1.0141, "FAC_FAL": 1.0203, "FAC_MAXMO": 5.0, "FAC_MAX": 1.0436, "FACMANADJ": 0.0, "SUBAREAID": -1, "MIDPOINT_M": -1.0, "ROUTE_ID": null, "DIRECTION": "NB/SB", "MODEL_ROUTE": 114, "MODEL_MP": 5.0 }, "geometry": { "type": "LineString", "coordinates": [ [ -111.727259829927135, 40.275084432579639 ], [ -111.727980326674313, 40.275901276765673 ], [ -111.729056348228184, 40.276963001078222 ], [ -111.729276769740565, 40.277279548881587 ], [ -111.729650713289843, 40.277750808327447 ], [ -111.729984690763516, 40.278333492755031 ], [ -111.730382926466788, 40.279159110455808 ] ] } },
{ "type": "Feature", "properties": { "SEGID": "0215_011.5", "BMP": 11.508, "EMP": 13.501, "DISTANCE": 1.9966380834199999, "FULLNAME": null, "FNCLASS": null, "FC_CODE": -1, "FC_GROUP": null, "FC_NAME": null, "CO_FIPS": 35, "CO_NAME": null, "PLANAREA": "WFRC", "X": -1.0, "Y": -1.0, "ONLRS": null, "T_MODEL": null, "RT_NUM": -1, "CCSGROUP": "CO8", "SUTRUCKS": 0.1052, "CUTRUCKS": 0.0392, "F2050": -1, "F2040": -1, "FORNOTES": null, "ForecastSo": null, "AADT1981": 27170, "AADT1982": 28800, "AADT1983": 27570, "AADT1984": 34860, "AADT1985": 34085, "AADT1986": 37180, "AADT1987": 45963, "AADT1988": 51030, "AADT1989": 65325, "AADT1990": 72500, "AADT1991": 74750, "AADT1992": 79320, "AADT1993": 84970, "AADT1994": 90415, "AADT1995": -1, "AADT1996": 97100, "AADT1997": 117345, "AADT1998": 140445, "AADT1999": 143883, "AADT2000": 128055, "AADT2001": 110130, "AADT2002": 102420, "AADT2003": 91370, "AADT2004": 91640, "AADT2005": 99565, "AADT2006": 104240, "AADT2007": 104430, "AADT2008": 103395, "AADT2009": 102775, "AADT2010": 100805, "AADT2011": 101070, "AADT2012": 100130, "AADT2013": 100890, "AADT2014": 102805, "AADT2015": 107700, "AADT2016": 103278, "AADT2017": 107476, "AADT2018": 113132, "AADT2019": 112252, "AADT2020": 91598, "AADT2021": 104051, "AADT2022": 106756, "AADT2023": 108784, "FACGEO": "I215", "FAC_MON": 1.0317, "FAC_TUE": 1.0951, "FAC_WED": 1.1089, "FAC_THU": 1.1287, "FAC_FRI": 1.1197, "FAC_SAT": 0.8759, "FAC_SUN": 0.6399, "FAC_WDAVG": 1.1109, "FAC_WEAVG": 0.7579, "FAC_WEMAX": 0.8759, "FAC_JAN": 0.9349, "FAC_FEB": 0.9718, "FAC_MAR": 0.9643, "FAC_APR": 0.9819, "FAC_MAY": 1.0193, "FAC_JUN": 0.99, "FAC_JUL": 1.014, "FAC_AUG": 1.0495, "FAC_SEP": 1.0288, "FAC_OCT": 1.0163, "FAC_NOV": 1.0107, "FAC_DEC": 1.0186, "FAC_WIN": 0.9751, "FAC_SPR": 0.9885, "FAC_SUM": 1.0179, "FAC_FAL": 1.0186, "FAC_MAXMO": 8.0, "FAC_MAX": 1.0495, "FACMANADJ": 0.0, "SUBAREAID": -1, "MIDPOINT_M": -1.0, "ROUTE_ID": null, "DIRECTION": "EB/WB", "MODEL_ROUTE": 215, "MODEL_MP": 11.5 }, "geometry": { "type": "LineString", "coordinates": [ [ -111.904673902783628, 40.636233561181243 ], [ -111.905358564776449, 40.63625774255334 ], [ -111.906034515735996, 40.636223612224946 ], [ -111.906467144880963, 40.636210306770096 ], [ -111.906952818977629, 40.636175773041884 ], [ -111.908552069196389, 40.636096264627966 ], [ -111.909109049075369, 40.636096654718081 ], [ -111.909541070931411, 40.636117124933968 ], [ -111.909932750808636, 40.636136289937362 ], [ -111.910189906818303, 40.636159036651684 ], [ -111.910345834677514, 40.636172851691768 ], [ -111.912251577427924, 40.636344017719765 ], [ -111.91375269504033, 40.636465474682666 ], [ -111.914892897769349, 40.636569052850042 ], [ -111.915828557836178, 40.636675143332354 ], [ -111.916458285593251, 40.636763205507883 ], [ -111.917065037211103, 40.636900453737965 ], [ -111.917726285351677, 40.63705339105077 ], [ -111.91817015461011, 40.637204269920048 ], [ -111.919131309415647, 40.637529941545189 ], [ -111.919623506671456, 40.637720608554034 ], [ -111.92022534466291, 40.637972559173598 ], [ -111.920514319529744, 40.63810700656164 ], [ -111.920706157028548, 40.638194842500511 ], [ -111.921273099607419, 40.638488505611143 ], [ -111.922044903076042, 40.638930613800767 ], [ -111.922562762007303, 40.639274480239713 ], [ -111.923005408015385, 40.63960939651011 ], [ -111.923343836324065, 40.639916046729979 ], [ -111.92391722780593, 40.640383872027734 ], [ -111.924412064959199, 40.640866196722257 ], [ -111.925999229774959, 40.642464039675083 ], [ -111.926342510716395, 40.642743255741301 ], [ -111.92674392588701, 40.643078308023568 ], [ -111.927293336269187, 40.643424782339281 ], [ -111.927832095629583, 40.643727647783066 ], [ -111.928283298385608, 40.643942029367686 ], [ -111.929134571118198, 40.644264896993832 ], [ -111.929741590772224, 40.644457298879502 ], [ -111.930337232761559, 40.64459663838155 ], [ -111.930966833261678, 40.644711377690172 ], [ -111.931433078328212, 40.644764551453157 ], [ -111.93194831131045, 40.64478543737291 ], [ -111.932187124438784, 40.644787473110732 ], [ -111.932920597671426, 40.644793800057521 ], [ -111.936016714730513, 40.644782252132323 ], [ -111.937996713318711, 40.64479500950948 ], [ -111.938794658786819, 40.644810864941078 ] ] } },
{ "type": "Feature", "properties": { "SEGID": "0085_015.5", "BMP": 15.454, "EMP": 17.662, "DISTANCE": 2.1993006047299999, "FULLNAME": null, "FNCLASS": null, "FC_CODE": -1, "FC_GROUP": null, "FC_NAME": null, "CO_FIPS": 35, "CO_NAME": null, "PLANAREA": "WFRC", "X": -1.0, "Y": -1.0, "ONLRS": null, "T_MODEL": null, "RT_NUM": -1, "CCSGROUP": "COT", "SUTRUCKS": 0.1112, "CUTRUCKS": 0.0386, "F2050": -1, "F2040": -1, "FORNOTES": null, "ForecastSo": null, "AADT1981": 0, "AADT1982": 0, "AADT1983": 0, "AADT1984": 0, "AADT1985": 0, "AADT1986": 0, "AADT1987": 0, "AADT1988": 0, "AADT1989": 0, "AADT1990": 0, "AADT1991": 0, "AADT1992": 0, "AADT1993": 0, "AADT1994": 0, "AADT1995": -1, "AADT1996": 0, "AADT1997": 0, "AADT1998": 0, "AADT1999": 0, "AADT2000": 0, "AADT2001": 0, "AADT2002": 0, "AADT2003": 0, "AADT2004": 0, "AADT2005": 0, "AADT2006": 0, "AADT2007": 0, "AADT2008": 0, "AADT2009": 0, "AADT2010": 0, "AADT2011": 0, "AADT2012": 10000, "AADT2013": 14635, "AADT2014": 15280, "AADT2015": 16065, "AADT2016": 16308, "AADT2017": 18614, "AADT2018": 23554, "AADT2019": 23249, "AADT2020": 20227, "AADT2021": 28267, "AADT2022": 32281, "AADT2023": 32701, "FACGEO": "Statewide", "FAC_MON": 1.0368, "FAC_TUE": 1.0865, "FAC_WED": 1.095, "FAC_THU": 1.1073, "FAC_FRI": 1.1176, "FAC_SAT": 0.9344, "FAC_SUN": 0.6223, "FAC_WDAVG": 1.0963, "FAC_WEAVG": 0.7784, "FAC_WEMAX": 0.9344, "FAC_JAN": 0.8755, "FAC_FEB": 0.9287, "FAC_MAR": 0.9462, "FAC_APR": 0.996, "FAC_MAY": 1.0349, "FAC_JUN": 1.0099, "FAC_JUL": 1.013, "FAC_AUG": 1.051, "FAC_SEP": 1.0444, "FAC_OCT": 1.0346, "FAC_NOV": 1.0468, "FAC_DEC": 1.0191, "FAC_WIN": 0.9411, "FAC_SPR": 0.9924, "FAC_SUM": 1.0246, "FAC_FAL": 1.0419, "FAC_MAXMO": 8.0, "FAC_MAX": 1.051, "FACMANADJ": 0.0, "SUBAREAID": -1, "MIDPOINT_M": -1.0, "ROUTE_ID": null, "DIRECTION": "NB/SB", "MODEL_ROUTE": 85, "MODEL_MP": 15.5 }, "geometry": { "type": "LineString", "coordinates": [ [ -112.044577253440949, 40.638604886597406 ], [ -112.044577268363554, 40.63846930721914 ], [ -112.044577303518281, 40.638319854429341 ], [ -112.044565281238135, 40.638276902153422 ], [ -112.0445822973264, 40.637767853038966 ], [ -112.044647288976648, 40.63697586041593 ], [ -112.044724302258203, 40.636355822960113 ], [ -112.044783207660942, 40.636045844808699 ], [ -112.044935274942802, 40.635400894787225 ], [ -112.045456221543375, 40.63334987662212 ], [ -112.045557291839046, 40.632915828101225 ], [ -112.0457641956163, 40.631928864172224 ], [ -112.045823238159826, 40.631597894011222 ], [ -112.045914250551704, 40.630928811754139 ], [ -112.045984265136212, 40.630247848066531 ], [ -112.046011271646663, 40.629553851102116 ], [ -112.046001213719379, 40.629204858941044 ], [ -112.045978299097655, 40.628857875040858 ], [ -112.045929192197733, 40.628400863103998 ], [ -112.045863256202779, 40.627948868202147 ], [ -112.045728202000205, 40.627287869055586 ], [ -112.045552229168536, 40.626648860877559 ], [ -112.045385278576376, 40.626140845882382 ], [ -112.045196219158598, 40.625647894940734 ], [ -112.044991299916887, 40.625168870355388 ], [ -112.044396027596349, 40.62391890687789 ], [ -112.044039243725663, 40.62316982458939 ], [ -112.042432185644898, 40.619735847642126 ], [ -112.042206261213209, 40.619294843359597 ], [ -112.042014209279273, 40.618948844089388 ], [ -112.041705190282457, 40.618462824843611 ], [ -112.041493250818235, 40.618152858374444 ], [ -112.041275186991356, 40.617851865259794 ], [ -112.040995262943085, 40.617487828589411 ], [ -112.039097184284941, 40.615233851871317 ], [ -112.037595230542053, 40.613467884593021 ], [ -112.037245238590913, 40.613072847784878 ], [ -112.037010169764244, 40.612831816309388 ], [ -112.036714156296568, 40.612555837550445 ], [ -112.036332162916921, 40.612238829689943 ], [ -112.036065200934729, 40.612044837278269 ], [ -112.035794155235351, 40.611861871402205 ], [ -112.035040198204712, 40.611393877457857 ], [ -112.034783218562893, 40.611225827499901 ], [ -112.034545252619935, 40.61104886823113 ], [ -112.03432221244914, 40.610850874732009 ], [ -112.034165231050252, 40.610689855163891 ], [ -112.034069158493196, 40.610576846455864 ], [ -112.033936164588454, 40.610399846630543 ], [ -112.033857197410185, 40.610276865156436 ], [ -112.033721187717447, 40.610026832043388 ], [ -112.033437135353012, 40.609436065941281 ], [ -112.033434710492358, 40.609432123844002 ] ] } },
{ "type": "Feature", "properties": { "SEGID": "0089_377.3", "BMP": 377.326, "EMP": 377.883, "DISTANCE": 0.56304993486199995, "FULLNAME": null, "FNCLASS": null, "FC_CODE": -1, "FC_GROUP": null, "FC_NAME": null, "CO_FIPS": 35, "CO_NAME": null, "PLANAREA": "WFRC", "X": -1.0, "Y": -1.0, "ONLRS": null, "T_MODEL": null, "RT_NUM": -1, "CCSGROUP": "COU", "SUTRUCKS": 0.0885, "CUTRUCKS": 0.0164, "F2050": -1, "F2040": -1, "FORNOTES": null, "ForecastSo": null, "AADT1981": 28890, "AADT1982": 28725, "AADT1983": 29750, "AADT1984": 29550, "AADT1985": 29790, "AADT1986": 29230, "AADT1987": 29480, "AADT1988": 29760, "AADT1989": 28935, "AADT1990": 30125, "AADT1991": 29880, "AADT1992": 30455, "AADT1993": 30860, "AADT1994": 32220, "AADT1995": -1, "AADT1996": 34460, "AADT1997": 36940, "AADT1998": 42481, "AADT1999": 40722, "AADT2000": 37000, "AADT2001": 30160, "AADT2002": 26890, "AADT2003": 26040, "AADT2004": 25840, "AADT2005": 23985, "AADT2006": 24600, "AADT2007": 24355, "AADT2008": 23735, "AADT2009": 22720, "AADT2010": 22055, "AADT2011": 21800, "AADT2012": 21945, "AADT2013": 21830, "AADT2014": 21675, "AADT2015": 22280, "AADT2016": 23720, "AADT2017": 23882, "AADT2018": 24187, "AADT2019": 25110, "AADT2020": 20640, "AADT2021": 23139, "AADT2022": 24435, "AADT2023": 24924, "FACGEO": "Statewide", "FAC_MON": 1.0194, "FAC_TUE": 1.0804, "FAC_WED": 1.0914, "FAC_THU": 1.1033, "FAC_FRI": 1.1269, "FAC_SAT": 0.916, "FAC_SUN": 0.6627, "FAC_WDAVG": 1.0917, "FAC_WEAVG": 0.7893, "FAC_WEMAX": 0.916, "FAC_JAN": 0.915, "FAC_FEB": 0.9768, "FAC_MAR": 0.9735, "FAC_APR": 1.0241, "FAC_MAY": 1.0436, "FAC_JUN": 0.9992, "FAC_JUL": 1.0033, "FAC_AUG": 1.0398, "FAC_SEP": 1.0413, "FAC_OCT": 1.0209, "FAC_NOV": 0.9986, "FAC_DEC": 0.9639, "FAC_WIN": 0.9519, "FAC_SPR": 1.0137, "FAC_SUM": 1.0141, "FAC_FAL": 1.0203, "FAC_MAXMO": 5.0, "FAC_MAX": 1.0436, "FACMANADJ": 0.0, "SUBAREAID": -1, "MIDPOINT_M": -1.0, "ROUTE_ID": null, "DIRECTION": "NB/SB", "MODEL_ROUTE": 89, "MODEL_MP": 377.3 }, "geometry": { "type": "LineString", "coordinates": [ [ -111.888215727829106, 40.741619977302122 ], [ -111.888216047200856, 40.742890171377944 ], [ -111.88821634400432, 40.743268525454901 ], [ -111.88821593597271, 40.743682918868359 ], [ -111.888216395621029, 40.744340534616555 ], [ -111.888217246289514, 40.744849507328993 ], [ -111.888217404149927, 40.745395420103378 ], [ -111.888217732270036, 40.746043127344564 ], [ -111.888218281150685, 40.746440397086083 ], [ -111.888217813528769, 40.746850286495736 ], [ -111.888219076984456, 40.748013271299037 ], [ -111.888220118195363, 40.749782527951872 ] ] } },
{ "type": "Feature", "properties": { "SEGID": "2330_001.0", "BMP": 1.043, "EMP": 2.217, "DISTANCE": 1.17645206425, "FULLNAME": null, "FNCLASS": null, "FC_CODE": -1, "FC_GROUP": null, "FC_NAME": null, "CO_FIPS": 35, "CO_NAME": null, "PLANAREA": "WFRC", "X": -1.0, "Y": -1.0, "ONLRS": null, "T_MODEL": null, "RT_NUM": -1, "CCSGROUP": "COU", "SUTRUCKS": 0.1051, "CUTRUCKS": 0.0443, "F2050": -1, "F2040": -1, "FORNOTES": null, "ForecastSo": null, "AADT1981": 19320, "AADT1982": 20415, "AADT1983": 20910, "AADT1984": 20605, "AADT1985": 23150, "AADT1986": 20400, "AADT1987": 17540, "AADT1988": 20530, "AADT1989": 21180, "AADT1990": 26410, "AADT1991": 21680, "AADT1992": 21990, "AADT1993": 22290, "AADT1994": 23775, "AADT1995": -1, "AADT1996": 25185, "AADT1997": 31895, "AADT1998": 44615, "AADT1999": 43365, "AADT2000": 40300, "AADT2001": 29185, "AADT2002": 23765, "AADT2003": 22670, "AADT2004": 22315, "AADT2005": 22285, "AADT2006": 23085, "AADT2007": 22315, "AADT2008": 20845, "AADT2009": 19695, "AADT2010": 19615, "AADT2011": 19555, "AADT2012": 19165, "AADT2013": 12230, "AADT2014": 12365, "AADT2015": 12895, "AADT2016": 13953, "AADT2017": 14027, "AADT2018": 13759, "AADT2019": 14378, "AADT2020": 12840, "AADT2021": 13919, "AADT2022": 14044, "AADT2023": 14241, "FACGEO": "Statewide", "FAC_MON": 1.0194, "FAC_TUE": 1.0804, "FAC_WED": 1.0914, "FAC_THU": 1.1033, "FAC_FRI": 1.1269, "FAC_SAT": 0.916, "FAC_SUN": 0.6627, "FAC_WDAVG": 1.0917, "FAC_WEAVG": 0.7893, "FAC_WEMAX": 0.916, "FAC_JAN": 0.915, "FAC_FEB": 0.9768, "FAC_MAR": 0.9735, "FAC_APR": 1.0241, "FAC_MAY": 1.0436, "FAC_JUN": 0.9992, "FAC_JUL": 1.0033, "FAC_AUG": 1.0398, "FAC_SEP": 1.0413, "FAC_OCT": 1.0209, "FAC_NOV": 0.9986, "FAC_DEC": 0.9639, "FAC_WIN": 0.9519, "FAC_SPR": 1.0137, "FAC_SUM": 1.0141, "FAC_FAL": 1.0203, "FAC_MAXMO": 5.0, "FAC_MAX": 1.0436, "FACMANADJ": 0.0, "SUBAREAID": -1, "MIDPOINT_M": -1.0, "ROUTE_ID": null, "DIRECTION": "EB/WB", "MODEL_ROUTE": 2330, "MODEL_MP": 1.0 }, "geometry": { "type": "LineString", "coordinates": [ [ -111.939266626602574, 40.771432680124647 ], [ -111.938735535482422, 40.771432317961043 ], [ -111.936142848546211, 40.771436627439783 ], [ -111.935142713664632, 40.771432846677307 ], [ -111.934229986194225, 40.771409251683792 ], [ -111.933092174331946, 40.771423233415454 ], [ -111.9324746253359, 40.771425883785653 ], [ -111.930932555080872, 40.771459776231033 ], [ -111.930217519025476, 40.771439328725201 ], [ -111.929159443798696, 40.771444250957465 ], [ -111.928571540957705, 40.771440065540418 ], [ -111.926674950223315, 40.771449368098828 ], [ -111.925102805375857, 40.771408293903946 ], [ -111.922563537178661, 40.771419707229548 ], [ -111.919697070365459, 40.771445564375064 ], [ -111.918386746857948, 40.771435102038666 ], [ -111.916836810965293, 40.771457698254473 ] ] } },
{ "type": "Feature", "properties": { "SEGID": "0015_278.5", "BMP": 278.527, "EMP": 279.63, "DISTANCE": 1.13294266425, "FULLNAME": null, "FNCLASS": null, "FC_CODE": -1, "FC_GROUP": null, "FC_NAME": null, "CO_FIPS": 49, "CO_NAME": null, "PLANAREA": "MAG", "X": -1.0, "Y": -1.0, "ONLRS": null, "T_MODEL": null, "RT_NUM": -1, "CCSGROUP": "CO6", "SUTRUCKS": 0.085, "CUTRUCKS": 0.0646, "F2050": -1, "F2040": -1, "FORNOTES": null, "ForecastSo": null, "AADT1981": 36950, "AADT1982": 37700, "AADT1983": 39325, "AADT1984": 38230, "AADT1985": 39040, "AADT1986": 39010, "AADT1987": 42440, "AADT1988": 43585, "AADT1989": 51910, "AADT1990": 52590, "AADT1991": 54505, "AADT1992": 58650, "AADT1993": 62545, "AADT1994": 68430, "AADT1995": -1, "AADT1996": 79635, "AADT1997": 82315, "AADT1998": 83550, "AADT1999": 89000, "AADT2000": 93183, "AADT2001": 100637, "AADT2002": 109810, "AADT2003": 111525, "AADT2004": 104753, "AADT2005": 117405, "AADT2006": 120130, "AADT2007": 122445, "AADT2008": 115465, "AADT2009": 119735, "AADT2010": 128475, "AADT2011": 122050, "AADT2012": 121560, "AADT2013": 139555, "AADT2014": 145695, "AADT2015": 157350, "AADT2016": 179849, "AADT2017": 183626, "AADT2018": 186748, "AADT2019": 196832, "AADT2020": 175574, "AADT2021": 170000, "AADT2022": 175440, "AADT2023": 180352, "FACGEO": "I15", "FAC_MON": 0.9821, "FAC_TUE": 1.0289, "FAC_WED": 1.0519, "FAC_THU": 1.0833, "FAC_FRI": 1.1293, "FAC_SAT": 1.0039, "FAC_SUN": 0.7206, "FAC_WDAVG": 1.0547, "FAC_WEAVG": 0.8622, "FAC_WEMAX": 1.0039, "FAC_JAN": 0.8976, "FAC_FEB": 0.9442, "FAC_MAR": 0.9656, "FAC_APR": 0.9912, "FAC_MAY": 1.0346, "FAC_JUN": 1.0017, "FAC_JUL": 1.049, "FAC_AUG": 1.0329, "FAC_SEP": 1.0248, "FAC_OCT": 1.0301, "FAC_NOV": 1.0196, "FAC_DEC": 1.0086, "FAC_WIN": 0.9501, "FAC_SPR": 0.9971, "FAC_SUM": 1.0279, "FAC_FAL": 1.0248, "FAC_MAXMO": 7.0, "FAC_MAX": 1.049, "FACMANADJ": 0.0, "SUBAREAID": -1, "MIDPOINT_M": -1.0, "ROUTE_ID": null, "DIRECTION": "NB/SB", "MODEL_ROUTE": 15, "MODEL_MP": 278.5 }, "geometry": { "type": "LineString", "coordinates": [ [ -111.818639421311602, 40.376891765276369 ], [ -111.82084785116578, 40.378185933942397 ], [ -111.822156885018558, 40.378933663563224 ], [ -111.823567433960974, 40.379802097153068 ], [ -111.824659554590667, 40.380474495821531 ], [ -111.825736424443434, 40.381102127870363 ], [ -111.827817969872598, 40.382335085563923 ], [ -111.828229530501346, 40.382589526420865 ], [ -111.829317244238112, 40.38322173170279 ], [ -111.829941036173011, 40.383633203000961 ], [ -111.830598594951468, 40.384126680885799 ], [ -111.831522962951993, 40.385028237873264 ], [ -111.832003850619657, 40.385600365875284 ], [ -111.832457198024272, 40.386212419993839 ], [ -111.832826717422932, 40.386847598783604 ], [ -111.832890382801097, 40.386985068552306 ], [ -111.833235348655222, 40.387730423212609 ], [ -111.83333198551064, 40.387961889624172 ], [ -111.833469965416384, 40.388300252842782 ] ] } },
{ "type": "Feature", "properties": { "SEGID": "0089_329.8", "BMP": 329.778, "EMP": 331.095, "DISTANCE": 1.29496479919, "FULLNAME": null, "FNCLASS": null, "FC_CODE": -1, "FC_GROUP": null, "FC_NAME": null, "CO_FIPS": 49, "CO_NAME": null, "PLANAREA": "MAG", "X": -1.0, "Y": -1.0, "ONLRS": null, "T_MODEL": null, "RT_NUM": -1, "CCSGROUP": "COT", "SUTRUCKS": 0.0748, "CUTRUCKS": 0.0242, "F2050": -1, "F2040": -1, "FORNOTES": null, "ForecastSo": null, "AADT1981": 9800, "AADT1982": 9800, "AADT1983": 9800, "AADT1984": 9995, "AADT1985": 10230, "AADT1986": 10360, "AADT1987": 10330, "AADT1988": 10375, "AADT1989": 10575, "AADT1990": 13260, "AADT1991": 13420, "AADT1992": 14925, "AADT1993": 16595, "AADT1994": 17415, "AADT1995": -1, "AADT1996": 17390, "AADT1997": 18259, "AADT1998": 18480, "AADT1999": 19995, "AADT2000": 19840, "AADT2001": 19975, "AADT2002": 21320, "AADT2003": 17200, "AADT2004": 16975, "AADT2005": 18890, "AADT2006": 19175, "AADT2007": 19445, "AADT2008": 18705, "AADT2009": 19860, "AADT2010": 19880, "AADT2011": 19305, "AADT2012": 19245, "AADT2013": 19745, "AADT2014": 20615, "AADT2015": 21625, "AADT2016": 22575, "AADT2017": 23185, "AADT2018": 23486, "AADT2019": 23721, "AADT2020": 20637, "AADT2021": 22866, "AADT2022": 23392, "AADT2023": 23860, "FACGEO": "Statewide", "FAC_MON": 1.0368, "FAC_TUE": 1.0865, "FAC_WED": 1.095, "FAC_THU": 1.1073, "FAC_FRI": 1.1176, "FAC_SAT": 0.9344, "FAC_SUN": 0.6223, "FAC_WDAVG": 1.0963, "FAC_WEAVG": 0.7784, "FAC_WEMAX": 0.9344, "FAC_JAN": 0.8755, "FAC_FEB": 0.9287, "FAC_MAR": 0.9462, "FAC_APR": 0.996, "FAC_MAY": 1.0349, "FAC_JUN": 1.0099, "FAC_JUL": 1.013, "FAC_AUG": 1.051, "FAC_SEP": 1.0444, "FAC_OCT": 1.0346, "FAC_NOV": 1.0468, "FAC_DEC": 1.0191, "FAC_WIN": 0.9411, "FAC_SPR": 0.9924, "FAC_SUM": 1.0246, "FAC_FAL": 1.0419, "FAC_MAXMO": 8.0, "FAC_MAX": 1.051, "FACMANADJ": 0.0, "SUBAREAID": -1, "MIDPOINT_M": -1.0, "ROUTE_ID": null, "DIRECTION": "NB/SB", "MODEL_ROUTE": 89, "MODEL_MP": 329.8 }, "geometry": { "type": "LineString", "coordinates": [ [ -111.610669102720564, 40.185671629783236 ], [ -111.610665606723146, 40.186198698981507 ], [ -111.610665293469992, 40.186425737870302 ], [ -111.610686452102286, 40.186820238609513 ], [ -111.610744970859059, 40.187319952410768 ], [ -111.610844199798336, 40.187774404340857 ], [ -111.611017440338244, 40.188360003051663 ], [ -111.611288852484861, 40.189150497791282 ], [ -111.611867401948274, 40.19084832844154 ], [ -111.612257437817874, 40.191711620335496 ], [ -111.612543735973887, 40.192181838689542 ], [ -111.612638850447553, 40.192307467180662 ], [ -111.612888596560595, 40.192644899201724 ], [ -111.613305187093985, 40.193114786277931 ], [ -111.618383701457446, 40.198523146830638 ], [ -111.619258982357138, 40.199475897341181 ], [ -111.620198133654029, 40.200498211822683 ], [ -111.620614436910842, 40.200925729196314 ], [ -111.620981834704665, 40.201272422819756 ], [ -111.621410364162315, 40.201622390951727 ], [ -111.621801850237404, 40.201904085052419 ], [ -111.62180649711398, 40.201907287261228 ] ] } },
{ "type": "Feature", "properties": { "SEGID": "0052_001.0", "BMP": 1.037, "EMP": 1.543, "DISTANCE": 0.50241053254500001, "FULLNAME": null, "FNCLASS": null, "FC_CODE": -1, "FC_GROUP": null, "FC_NAME": null, "CO_FIPS": 49, "CO_NAME": null, "PLANAREA": "MAG", "X": -1.0, "Y": -1.0, "ONLRS": null, "T_MODEL": null, "RT_NUM": -1, "CCSGROUP": "COU", "SUTRUCKS": 0.1344, "CUTRUCKS": 0.0328, "F2050": -1, "F2040": -1, "FORNOTES": null, "ForecastSo": null, "AADT1981": 8715, "AADT1982": 8785, "AADT1983": 8850, "AADT1984": 8400, "AADT1985": 8550, "AADT1986": 8750, "AADT1987": 8950, "AADT1988": 0, "AADT1989": 11200, "AADT1990": 13100, "AADT1991": 13255, "AADT1992": 20540, "AADT1993": 20720, "AADT1994": 21745, "AADT1995": -1, "AADT1996": 21005, "AADT1997": 24090, "AADT1998": 24380, "AADT1999": 26475, "AADT2000": 26270, "AADT2001": 26445, "AADT2002": 28225, "AADT2003": 27725, "AADT2004": 27355, "AADT2005": 26565, "AADT2006": 26965, "AADT2007": 26415, "AADT2008": 25985, "AADT2009": 26165, "AADT2010": 26195, "AADT2011": 30850, "AADT2012": 30760, "AADT2013": 31560, "AADT2014": 32945, "AADT2015": 34560, "AADT2016": 36082, "AADT2017": 37056, "AADT2018": 37538, "AADT2019": 37913, "AADT2020": 32984, "AADT2021": 36546, "AADT2022": 37387, "AADT2023": 38135, "FACGEO": "Statewide", "FAC_MON": 1.0194, "FAC_TUE": 1.0804, "FAC_WED": 1.0914, "FAC_THU": 1.1033, "FAC_FRI": 1.1269, "FAC_SAT": 0.916, "FAC_SUN": 0.6627, "FAC_WDAVG": 1.0917, "FAC_WEAVG": 0.7893, "FAC_WEMAX": 0.916, "FAC_JAN": 0.915, "FAC_FEB": 0.9768, "FAC_MAR": 0.9735, "FAC_APR": 1.0241, "FAC_MAY": 1.0436, "FAC_JUN": 0.9992, "FAC_JUL": 1.0033, "FAC_AUG": 1.0398, "FAC_SEP": 1.0413, "FAC_OCT": 1.0209, "FAC_NOV": 0.9986, "FAC_DEC": 0.9639, "FAC_WIN": 0.9519, "FAC_SPR": 1.0137, "FAC_SUM": 1.0141, "FAC_FAL": 1.0203, "FAC_MAXMO": 5.0, "FAC_MAX": 1.0436, "FACMANADJ": 0.0, "SUBAREAID": -1, "MIDPOINT_M": -1.0, "ROUTE_ID": null, "DIRECTION": "EB/WB", "MODEL_ROUTE": 52, "MODEL_MP": 1.0 }, "geometry": { "type": "LineString", "coordinates": [ [ -111.715002193336915, 40.312022627438537 ], [ -111.71030002469675, 40.312102220819575 ], [ -111.708077517603996, 40.312125933499395 ], [ -111.707394568597735, 40.312124885567151 ], [ -111.706211759971822, 40.312097155207937 ], [ -111.705490110035157, 40.312063899082929 ] ] } },
{ "type": "Feature", "properties": { "SEGID": "0145_005.3", "BMP": 5.313, "EMP": 5.772, "DISTANCE": 0.46161560001399998, "FULLNAME": null, "FNCLASS": null, "FC_CODE": -1, "FC_GROUP": null, "FC_NAME": null, "CO_FIPS": 49, "CO_NAME": null, "PLANAREA": "MAG", "X": -1.0, "Y": -1.0, "ONLRS": null, "T_MODEL": null, "RT_NUM": -1, "CCSGROUP": "COT", "SUTRUCKS": 0.0858, "CUTRUCKS": 0.0241, "F2050": -1, "F2040": -1, "FORNOTES": null, "ForecastSo": null, "AADT1981": 0, "AADT1982": 0, "AADT1983": 0, "AADT1984": 0, "AADT1985": 0, "AADT1986": 0, "AADT1987": 0, "AADT1988": 0, "AADT1989": 0, "AADT1990": 0, "AADT1991": 0, "AADT1992": 0, "AADT1993": 0, "AADT1994": 0, "AADT1995": -1, "AADT1996": 0, "AADT1997": 0, "AADT1998": 0, "AADT1999": 0, "AADT2000": 0, "AADT2001": 0, "AADT2002": 0, "AADT2003": 0, "AADT2004": 0, "AADT2005": 0, "AADT2006": 0, "AADT2007": 0, "AADT2008": 0, "AADT2009": 0, "AADT2010": 10000, "AADT2011": 24295, "AADT2012": 23810, "AADT2013": 23215, "AADT2014": 24235, "AADT2015": 36675, "AADT2016": 39654, "AADT2017": 42365, "AADT2018": 44821, "AADT2019": 48335, "AADT2020": 42051, "AADT2021": 46593, "AADT2022": 47664, "AADT2023": 48617, "FACGEO": "Statewide", "FAC_MON": 1.0368, "FAC_TUE": 1.0865, "FAC_WED": 1.095, "FAC_THU": 1.1073, "FAC_FRI": 1.1176, "FAC_SAT": 0.9344, "FAC_SUN": 0.6223, "FAC_WDAVG": 1.0963, "FAC_WEAVG": 0.7784, "FAC_WEMAX": 0.9344, "FAC_JAN": 0.8755, "FAC_FEB": 0.9287, "FAC_MAR": 0.9462, "FAC_APR": 0.996, "FAC_MAY": 1.0349, "FAC_JUN": 1.0099, "FAC_JUL": 1.013, "FAC_AUG": 1.051, "FAC_SEP": 1.0444, "FAC_OCT": 1.0346, "FAC_NOV": 1.0468, "FAC_DEC": 1.0191, "FAC_WIN": 0.9411, "FAC_SPR": 0.9924, "FAC_SUM": 1.0246, "FAC_FAL": 1.0419, "FAC_MAXMO": 8.0, "FAC_MAX": 1.051, "FACMANADJ": 0.0, "SUBAREAID": -1, "MIDPOINT_M": -1.0, "ROUTE_ID": null, "DIRECTION": "EB/WB", "MODEL_ROUTE": 145, "MODEL_MP": 5.3 }, "geometry": { "type": "LineString", "coordinates": [ [ -111.83231326895546, 40.377411253900235 ], [ -111.833249731372945, 40.377149011482445 ], [ -111.833665299034365, 40.377031870871413 ], [ -111.834041974831408, 40.376922937316316 ], [ -111.834093151973235, 40.376908063525015 ], [ -111.834524642452479, 40.37676413814372 ], [ -111.834957183060354, 40.376590924134831 ], [ -111.83533541426479, 40.376408010779386 ], [ -111.835750729664937, 40.376166269243512 ], [ -111.836160207584371, 40.375900424159866 ], [ -111.836572386580841, 40.375624648115597 ], [ -111.836985993481704, 40.375350301711549 ], [ -111.837398289107014, 40.375074972326892 ], [ -111.837803364106193, 40.374797081167614 ], [ -111.838235453151768, 40.37454160546789 ], [ -111.838685071679677, 40.374313118259913 ], [ -111.839152786608068, 40.374109813414549 ], [ -111.839669948462145, 40.373914075545315 ] ] } },
{ "type": "Feature", "properties": { "SEGID": "0067_010.1", "BMP": 10.059, "EMP": 11.5, "DISTANCE": 1.9425688193399999, "FULLNAME": null, "FNCLASS": null, "FC_CODE": -1, "FC_GROUP": null, "FC_NAME": null, "CO_FIPS": 11, "CO_NAME": null, "PLANAREA": "WFRC", "X": -1.0, "Y": -1.0, "ONLRS": null, "T_MODEL": null, "RT_NUM": -1, "CCSGROUP": "COF", "SUTRUCKS": 0.1288, "CUTRUCKS": 0.0997, "F2050": -1, "F2040": -1, "FORNOTES": null, "ForecastSo": null, "AADT1981": 0, "AADT1982": 0, "AADT1983": 0, "AADT1984": 0, "AADT1985": 0, "AADT1986": 0, "AADT1987": 0, "AADT1988": 0, "AADT1989": 0, "AADT1990": 0, "AADT1991": 0, "AADT1992": 0, "AADT1993": 0, "AADT1994": 0, "AADT1995": -1, "AADT1996": 0, "AADT1997": 0, "AADT1998": 0, "AADT1999": 0, "AADT2000": 0, "AADT2001": 0, "AADT2002": 0, "AADT2003": 0, "AADT2004": 0, "AADT2005": 0, "AADT2006": 0, "AADT2007": 0, "AADT2008": 29885, "AADT2009": 30095, "AADT2010": 23495, "AADT2011": 21025, "AADT2012": 21670, "AADT2013": 22750, "AADT2014": 25390, "AADT2015": 28180, "AADT2016": 25418, "AADT2017": 25204, "AADT2018": 27046, "AADT2019": 27210, "AADT2020": 22775, "AADT2021": 35584, "AADT2022": 40423, "AADT2023": 43172, "FACGEO": "Legacy", "FAC_MON": 1.1779, "FAC_TUE": 1.2184, "FAC_WED": 1.2266, "FAC_THU": 1.229, "FAC_FRI": 1.1784, "FAC_SAT": 0.5639, "FAC_SUN": 0.4057, "FAC_WDAVG": 1.2247, "FAC_WEAVG": 0.4848, "FAC_WEMAX": 0.5639, "FAC_JAN": 0.9277, "FAC_FEB": 0.9457, "FAC_MAR": 0.9745, "FAC_APR": 1.0042, "FAC_MAY": 1.0269, "FAC_JUN": 1.0501, "FAC_JUL": 1.012, "FAC_AUG": 1.0479, "FAC_SEP": 1.0319, "FAC_OCT": 1.0257, "FAC_NOV": 1.001, "FAC_DEC": 0.9524, "FAC_WIN": 0.9419, "FAC_SPR": 1.0019, "FAC_SUM": 1.0367, "FAC_FAL": 1.0195, "FAC_MAXMO": 6.0, "FAC_MAX": 1.0501, "FACMANADJ": 0.0, "SUBAREAID": -1, "MIDPOINT_M": -1.0, "ROUTE_ID": null, "DIRECTION": "NB/SB", "MODEL_ROUTE": 67, "MODEL_MP": 10.1 }, "geometry": { "type": "LineString", "coordinates": [ [ -111.892522022225393, 40.959488766018119 ], [ -111.89249816360423, 40.96120185041498 ], [ -111.892482555535764, 40.962821726200616 ], [ -111.892472293585982, 40.963365447237024 ], [ -111.892518534984319, 40.964001514596006 ], [ -111.892633852276077, 40.964851440736702 ], [ -111.892706581529723, 40.965177692877923 ], [ -111.892764264178908, 40.96543677067973 ], [ -111.892913304851604, 40.965993310209939 ], [ -111.893188258231632, 40.966792003517128 ], [ -111.894020282381845, 40.969037857554824 ], [ -111.894783997444478, 40.970938592861906 ], [ -111.896028455488178, 40.973827290871199 ], [ -111.897132224905874, 40.97661437631843 ], [ -111.898106960419653, 40.979004083745529 ], [ -111.898299383240655, 40.979475813041653 ], [ -111.898460140624309, 40.979838758173237 ], [ -111.898780142616175, 40.980382785606501 ], [ -111.89888808403613, 40.98055086849768 ], [ -111.899851214353632, 40.982050568015772 ], [ -111.900039091804558, 40.982483652360102 ], [ -111.900076524882522, 40.982569914479313 ], [ -111.900195431778045, 40.982843926903122 ], [ -111.900355860333264, 40.983600796414827 ], [ -111.900435869342488, 40.984230558929539 ], [ -111.900456862049865, 40.984847450428546 ], [ -111.900456511864618, 40.984935566885049 ], [ -111.900456243714885, 40.985002887479737 ], [ -111.900455744525061, 40.985128459913739 ], [ -111.900454715871234, 40.985387252894306 ], [ -111.900454012808197, 40.985564247896846 ], [ -111.900504135703983, 40.986030928461034 ], [ -111.900510183577239, 40.986087243131763 ], [ -111.900515293518595, 40.986134820059753 ], [ -111.900522362170761, 40.986200629405047 ], [ -111.900539202275482, 40.986330987457272 ], [ -111.900680635683671, 40.986685788021113 ] ] } },
{ "type": "Feature", "properties": { "SEGID": "0015_242.4", "BMP": 242.447, "EMP": 244.822, "DISTANCE": 2.3832520435500002, "FULLNAME": null, "FNCLASS": null, "FC_CODE": -1, "FC_GROUP": null, "FC_NAME": null, "CO_FIPS": 49, "CO_NAME": null, "PLANAREA": "MAG", "X": -1.0, "Y": -1.0, "ONLRS": null, "T_MODEL": null, "RT_NUM": -1, "CCSGROUP": "CO5", "SUTRUCKS": 0.1057, "CUTRUCKS": 0.1217, "F2050": -1, "F2040": -1, "FORNOTES": null, "ForecastSo": null, "AADT1981": 7170, "AADT1982": 7250, "AADT1983": 9250, "AADT1984": 8750, "AADT1985": 8225, "AADT1986": 7985, "AADT1987": 8400, "AADT1988": 9110, "AADT1989": 10430, "AADT1990": 10920, "AADT1991": 11845, "AADT1992": 12125, "AADT1993": 12630, "AADT1994": 13940, "AADT1995": -1, "AADT1996": 15340, "AADT1997": 16255, "AADT1998": 17145, "AADT1999": 17762, "AADT2000": 18650, "AADT2001": 22548, "AADT2002": 24871, "AADT2003": 25408, "AADT2004": 25560, "AADT2005": 25810, "AADT2006": 26715, "AADT2007": 27700, "AADT2008": 25770, "AADT2009": 23805, "AADT2010": 23430, "AADT2011": 23220, "AADT2012": 24010, "AADT2013": 24185, "AADT2014": 21260, "AADT2015": 25275, "AADT2016": 27754, "AADT2017": 28864, "AADT2018": 30509, "AADT2019": 31333, "AADT2020": 29829, "AADT2021": 36521, "AADT2022": 46783, "AADT2023": 48093, "FACGEO": "I15", "FAC_MON": 0.8982, "FAC_TUE": 0.8939, "FAC_WED": 0.9465, "FAC_THU": 1.0621, "FAC_FRI": 1.1929, "FAC_SAT": 1.0301, "FAC_SUN": 0.9763, "FAC_WDAVG": 0.9675, "FAC_WEAVG": 1.0032, "FAC_WEMAX": 1.0708, "FAC_JAN": 0.799, "FAC_FEB": 0.8843, "FAC_MAR": 1.006, "FAC_APR": 1.0493, "FAC_MAY": 1.0419, "FAC_JUN": 1.0418, "FAC_JUL": 1.0928, "FAC_AUG": 1.0149, "FAC_SEP": 1.0085, "FAC_OCT": 1.0756, "FAC_NOV": 1.0447, "FAC_DEC": 0.9411, "FAC_WIN": 0.8748, "FAC_SPR": 1.0324, "FAC_SUM": 1.0498, "FAC_FAL": 1.0429, "FAC_MAXMO": 7.0, "FAC_MAX": 1.0928, "FACMANADJ": 1.0, "SUBAREAID": -1, "MIDPOINT_M": -1.0, "ROUTE_ID": null, "DIRECTION": "NB/SB", "MODEL_ROUTE": 15, "MODEL_MP": 242.4 }, "geometry": { "type": "LineString", "coordinates": [ [ -111.802642564574015, 39.950419357711965 ], [ -111.802525734712944, 39.950560174660822 ], [ -111.800829076913971, 39.952605127601714 ], [ -111.80061632151687, 39.952852562017817 ], [ -111.80013522081579, 39.953379527478354 ], [ -111.799961262242462, 39.953631377986504 ], [ -111.799415416382303, 39.954299608884476 ], [ -111.798811499076564, 39.954978508337049 ], [ -111.798088789220657, 39.955752283710098 ], [ -111.797250681875795, 39.95660135835513 ], [ -111.796633839457812, 39.957168795025652 ], [ -111.795840625545466, 39.95788402706652 ], [ -111.794906307281835, 39.958659234711241 ], [ -111.793791892595578, 39.959525044213834 ], [ -111.789358375867451, 39.962709069950407 ], [ -111.785164169418906, 39.96571183202667 ], [ -111.782983062704758, 39.967287783057699 ], [ -111.777059340658525, 39.971511199972234 ], [ -111.776387092866926, 39.972000155011131 ], [ -111.775948452714175, 39.97232320604423 ], [ -111.775086973725791, 39.972990460346857 ], [ -111.773273291817816, 39.97454016565716 ], [ -111.772909941243739, 39.974885857838103 ], [ -111.772275256647177, 39.975471482755026 ], [ -111.772162395152307, 39.975588639705542 ] ] } },
{ "type": "Feature", "properties": { "SEGID": "0015_319.5", "BMP": 319.512, "EMP": 322.03, "DISTANCE": 2.5126659349399998, "FULLNAME": null, "FNCLASS": null, "FC_CODE": -1, "FC_GROUP": null, "FC_NAME": null, "CO_FIPS": 11, "CO_NAME": null, "PLANAREA": "WFRC", "X": -1.0, "Y": -1.0, "ONLRS": null, "T_MODEL": null, "RT_NUM": -1, "CCSGROUP": "CO6", "SUTRUCKS": 0.0568, "CUTRUCKS": 0.0526, "F2050": -1, "F2040": -1, "FORNOTES": null, "ForecastSo": null, "AADT1981": 46075, "AADT1982": 45200, "AADT1983": 46810, "AADT1984": 44245, "AADT1985": 57265, "AADT1986": 55795, "AADT1987": 63510, "AADT1988": 68410, "AADT1989": 71410, "AADT1990": 74800, "AADT1991": 78635, "AADT1992": 84525, "AADT1993": 88695, "AADT1994": 96290, "AADT1995": -1, "AADT1996": 103300, "AADT1997": 105400, "AADT1998": 112705, "AADT1999": 112870, "AADT2000": 115125, "AADT2001": 124465, "AADT2002": 130136, "AADT2003": 130925, "AADT2004": 132885, "AADT2005": 135270, "AADT2006": 139630, "AADT2007": 142640, "AADT2008": 129555, "AADT2009": 121095, "AADT2010": 122775, "AADT2011": 127835, "AADT2012": 131660, "AADT2013": 132930, "AADT2014": 136730, "AADT2015": 145305, "AADT2016": 158903, "AADT2017": 160947, "AADT2018": 163121, "AADT2019": 166664, "AADT2020": 137164, "AADT2021": 137000, "AADT2022": 150837, "AADT2023": 155211, "FACGEO": "I15", "FAC_MON": 0.9821, "FAC_TUE": 1.0289, "FAC_WED": 1.0519, "FAC_THU": 1.0833, "FAC_FRI": 1.1293, "FAC_SAT": 1.0039, "FAC_SUN": 0.7206, "FAC_WDAVG": 1.0547, "FAC_WEAVG": 0.8622, "FAC_WEMAX": 1.0039, "FAC_JAN": 0.8976, "FAC_FEB": 0.9442, "FAC_MAR": 0.9656, "FAC_APR": 0.9912, "FAC_MAY": 1.0346, "FAC_JUN": 1.0017, "FAC_JUL": 1.049, "FAC_AUG": 1.0329, "FAC_SEP": 1.0248, "FAC_OCT": 1.0301, "FAC_NOV": 1.0196, "FAC_DEC": 1.0086, "FAC_WIN": 0.9501, "FAC_SPR": 0.9971, "FAC_SUM": 1.0279, "FAC_FAL": 1.0248, "FAC_MAXMO": 7.0, "FAC_MAX": 1.049, "FACMANADJ": 0.0, "SUBAREAID": -1, "MIDPOINT_M": -1.0, "ROUTE_ID": null, "DIRECTION": "NB/SB", "MODEL_ROUTE": 15, "MODEL_MP": 319.5 }, "geometry": { "type": "LineString", "coordinates": [ [ -111.890826286469448, 40.921524205230632 ], [ -111.890822615660198, 40.921746105794611 ], [ -111.890838296090408, 40.922736887573294 ], [ -111.891155878313086, 40.926220608482289 ], [ -111.891160057579924, 40.926575859666499 ], [ -111.891197308612973, 40.92700580340955 ], [ -111.891236171337241, 40.929279172503136 ], [ -111.891121108847571, 40.943785044029966 ], [ -111.891052582281773, 40.952208211842198 ], [ -111.891014987396318, 40.957939132417025 ] ] } },
{ "type": "Feature", "properties": { "SEGID": "0015_269.6", "BMP": 269.617, "EMP": 270.609, "DISTANCE": 0.99375216269199995, "FULLNAME": null, "FNCLASS": null, "FC_CODE": -1, "FC_GROUP": null, "FC_NAME": null, "CO_FIPS": 49, "CO_NAME": null, "PLANAREA": "MAG", "X": -1.0, "Y": -1.0, "ONLRS": null, "T_MODEL": null, "RT_NUM": -1, "CCSGROUP": "CO6", "SUTRUCKS": 0.0969, "CUTRUCKS": 0.0707, "F2050": -1, "F2040": -1, "FORNOTES": null, "ForecastSo": null, "AADT1981": 37975, "AADT1982": 39115, "AADT1983": 40930, "AADT1984": 45390, "AADT1985": 46200, "AADT1986": 41890, "AADT1987": 45950, "AADT1988": 47190, "AADT1989": 53945, "AADT1990": 55655, "AADT1991": 58380, "AADT1992": 62815, "AADT1993": 66985, "AADT1994": 73290, "AADT1995": -1, "AADT1996": 85260, "AADT1997": 89105, "AADT1998": 91867, "AADT1999": 101604, "AADT2000": 102293, "AADT2001": 109044, "AADT2002": 115597, "AADT2003": 117400, "AADT2004": 118605, "AADT2005": 120340, "AADT2006": 123135, "AADT2007": 126460, "AADT2008": 119250, "AADT2009": 123610, "AADT2010": 132630, "AADT2011": 126000, "AADT2012": 125495, "AADT2013": 144070, "AADT2014": 150410, "AADT2015": 162440, "AADT2016": 185670, "AADT2017": 189569, "AADT2018": 192792, "AADT2019": 203203, "AADT2020": 181257, "AADT2021": 176764, "AADT2022": 182420, "AADT2023": 187528, "FACGEO": "I15", "FAC_MON": 0.9821, "FAC_TUE": 1.0289, "FAC_WED": 1.0519, "FAC_THU": 1.0833, "FAC_FRI": 1.1293, "FAC_SAT": 1.0039, "FAC_SUN": 0.7206, "FAC_WDAVG": 1.0547, "FAC_WEAVG": 0.8622, "FAC_WEMAX": 1.0039, "FAC_JAN": 0.8976, "FAC_FEB": 0.9442, "FAC_MAR": 0.9656, "FAC_APR": 0.9912, "FAC_MAY": 1.0346, "FAC_JUN": 1.0017, "FAC_JUL": 1.049, "FAC_AUG": 1.0329, "FAC_SEP": 1.0248, "FAC_OCT": 1.0301, "FAC_NOV": 1.0196, "FAC_DEC": 1.0086, "FAC_WIN": 0.9501, "FAC_SPR": 0.9971, "FAC_SUM": 1.0279, "FAC_FAL": 1.0248, "FAC_MAXMO": 7.0, "FAC_MAX": 1.049, "FACMANADJ": 0.0, "SUBAREAID": -1, "MIDPOINT_M": -1.0, "ROUTE_ID": null, "DIRECTION": "NB/SB", "MODEL_ROUTE": 15, "MODEL_MP": 269.6 }, "geometry": { "type": "LineString", "coordinates": [ [ -111.724446919577943, 40.282503715387229 ], [ -111.724733466925613, 40.283108243563404 ], [ -111.724941072597645, 40.283601550844601 ], [ -111.725200221034441, 40.284547429398437 ], [ -111.725316231660344, 40.285220413532826 ], [ -111.72536020885066, 40.286032771478496 ], [ -111.725437748343751, 40.289862653008093 ], [ -111.725438161743782, 40.289890308767703 ], [ -111.725485809961867, 40.293454422652474 ], [ -111.725525808969877, 40.29618180552113 ], [ -111.72553513948489, 40.296820050587414 ] ] } },
{ "type": "Feature", "properties": { "SEGID": "0215_027.4", "BMP": 27.436, "EMP": 28.488, "DISTANCE": 1.0776876638399999, "FULLNAME": null, "FNCLASS": null, "FC_CODE": -1, "FC_GROUP": null, "FC_NAME": null, "CO_FIPS": 11, "CO_NAME": null, "PLANAREA": "WFRC", "X": -1.0, "Y": -1.0, "ONLRS": null, "T_MODEL": null, "RT_NUM": -1, "CCSGROUP": "CO8", "SUTRUCKS": 0.0974, "CUTRUCKS": 0.0643, "F2050": -1, "F2040": -1, "FORNOTES": null, "ForecastSo": null, "AADT1981": 6225, "AADT1982": 6420, "AADT1983": 6845, "AADT1984": 7560, "AADT1985": 7850, "AADT1986": 8100, "AADT1987": 11440, "AADT1988": 15790, "AADT1989": 23700, "AADT1990": 28200, "AADT1991": 28565, "AADT1992": 31390, "AADT1993": 31475, "AADT1994": 33990, "AADT1995": -1, "AADT1996": 37050, "AADT1997": 46800, "AADT1998": 72122, "AADT1999": 77618, "AADT2000": 74125, "AADT2001": 65905, "AADT2002": 58655, "AADT2003": 33740, "AADT2004": 43088, "AADT2005": 41725, "AADT2006": 43470, "AADT2007": 44120, "AADT2008": 15585, "AADT2009": 20485, "AADT2010": 24670, "AADT2011": 24990, "AADT2012": 25365, "AADT2013": 30930, "AADT2014": 31860, "AADT2015": 31580, "AADT2016": 36450, "AADT2017": 37347, "AADT2018": 35481, "AADT2019": 39875, "AADT2020": 34293, "AADT2021": 33911, "AADT2022": 35708, "AADT2023": 37279, "FACGEO": "I215", "FAC_MON": 1.0317, "FAC_TUE": 1.0951, "FAC_WED": 1.1089, "FAC_THU": 1.1287, "FAC_FRI": 1.1197, "FAC_SAT": 0.8759, "FAC_SUN": 0.6399, "FAC_WDAVG": 1.1109, "FAC_WEAVG": 0.7579, "FAC_WEMAX": 0.8759, "FAC_JAN": 0.9349, "FAC_FEB": 0.9718, "FAC_MAR": 0.9643, "FAC_APR": 0.9819, "FAC_MAY": 1.0193, "FAC_JUN": 0.99, "FAC_JUL": 1.014, "FAC_AUG": 1.0495, "FAC_SEP": 1.0288, "FAC_OCT": 1.0163, "FAC_NOV": 1.0107, "FAC_DEC": 1.0186, "FAC_WIN": 0.9751, "FAC_SPR": 0.9885, "FAC_SUM": 1.0179, "FAC_FAL": 1.0186, "FAC_MAXMO": 8.0, "FAC_MAX": 1.0495, "FACMANADJ": 0.0, "SUBAREAID": -1, "MIDPOINT_M": -1.0, "ROUTE_ID": null, "DIRECTION": "EB/WB", "MODEL_ROUTE": 215, "MODEL_MP": 27.4 }, "geometry": { "type": "LineString", "coordinates": [ [ -111.93600399630391, 40.833867494824176 ], [ -111.930543368655194, 40.833945820653739 ], [ -111.929053502274797, 40.833931796840709 ], [ -111.926465784641863, 40.833956755292284 ], [ -111.923629221844024, 40.833972388249578 ], [ -111.920102755143489, 40.834040930947964 ], [ -111.915437341026816, 40.8340649862295 ] ] } },
{ "type": "Feature", "properties": { "SEGID": "0068_038.1", "BMP": 38.107, "EMP": 39.167, "DISTANCE": 1.06108027084, "FULLNAME": null, "FNCLASS": null, "FC_CODE": -1, "FC_GROUP": null, "FC_NAME": null, "CO_FIPS": 35, "CO_NAME": null, "PLANAREA": "WFRC", "X": -1.0, "Y": -1.0, "ONLRS": null, "T_MODEL": null, "RT_NUM": -1, "CCSGROUP": "COS", "SUTRUCKS": 0.0849, "CUTRUCKS": 0.0221, "F2050": -1, "F2040": -1, "FORNOTES": null, "ForecastSo": null, "AADT1981": 0, "AADT1982": 0, "AADT1983": 2000, "AADT1984": 1925, "AADT1985": 2115, "AADT1986": 2260, "AADT1987": 2385, "AADT1988": 2470, "AADT1989": 1990, "AADT1990": 2220, "AADT1991": 2660, "AADT1992": 2885, "AADT1993": 3070, "AADT1994": 3465, "AADT1995": -1, "AADT1996": 4030, "AADT1997": 4600, "AADT1998": 6670, "AADT1999": 5875, "AADT2000": 6310, "AADT2001": 7415, "AADT2002": 8715, "AADT2003": 9815, "AADT2004": 9855, "AADT2005": 10685, "AADT2006": 14890, "AADT2007": 16370, "AADT2008": 16120, "AADT2009": 16025, "AADT2010": 20250, "AADT2011": 21970, "AADT2012": 21555, "AADT2013": 18635, "AADT2014": 18210, "AADT2015": 21330, "AADT2016": 21392, "AADT2017": 21634, "AADT2018": 23608, "AADT2019": 23844, "AADT2020": 20744, "AADT2021": 22984, "AADT2022": 23927, "AADT2023": 22444, "FACGEO": "Statewide", "FAC_MON": 1.0192, "FAC_TUE": 1.0405, "FAC_WED": 1.0681, "FAC_THU": 1.0969, "FAC_FRI": 1.1387, "FAC_SAT": 0.933, "FAC_SUN": 0.7037, "FAC_WDAVG": 1.0685, "FAC_WEAVG": 0.8183, "FAC_WEMAX": 0.933, "FAC_JAN": 0.8955, "FAC_FEB": 0.9293, "FAC_MAR": 0.9648, "FAC_APR": 1.0277, "FAC_MAY": 1.0822, "FAC_JUN": 1.0365, "FAC_JUL": 1.0362, "FAC_AUG": 1.0513, "FAC_SEP": 1.0553, "FAC_OCT": 1.0503, "FAC_NOV": 0.9777, "FAC_DEC": 0.893, "FAC_WIN": 0.906, "FAC_SPR": 1.0249, "FAC_SUM": 1.0414, "FAC_FAL": 1.0278, "FAC_MAXMO": 5.0, "FAC_MAX": 1.0822, "FACMANADJ": 0.0, "SUBAREAID": -1, "MIDPOINT_M": -1.0, "ROUTE_ID": null, "DIRECTION": "NB/SB", "MODEL_ROUTE": 68, "MODEL_MP": 38.1 }, "geometry": { "type": "LineString", "coordinates": [ [ -111.942803405983412, 40.462644834879839 ], [ -111.942933910076917, 40.462943765662743 ], [ -111.943174114700227, 40.463420176694427 ], [ -111.943639901718882, 40.464507348767192 ], [ -111.943851742441183, 40.464894801997396 ], [ -111.944621636440559, 40.466554251382099 ], [ -111.946365219711538, 40.470265151454868 ], [ -111.946485948073175, 40.470546140072678 ], [ -111.946646673375739, 40.47098715865485 ], [ -111.946767247060862, 40.471424902429661 ], [ -111.946861731342864, 40.471936732511551 ], [ -111.946901328767865, 40.472320185553123 ], [ -111.94691040313927, 40.472546233621024 ], [ -111.946899127090589, 40.473003075299495 ], [ -111.946874033013358, 40.473232106008844 ], [ -111.946800164919267, 40.473684055225142 ], [ -111.946753686569991, 40.473902450477802 ], [ -111.946631138888534, 40.474332276254785 ], [ -111.946540494257889, 40.474597879303325 ], [ -111.945894515112627, 40.476313951444531 ], [ -111.945476304747473, 40.477365104297988 ] ] } },
{ "type": "Feature", "properties": { "SEGID": "0015_279.6", "BMP": 279.63, "EMP": 282.241, "DISTANCE": 2.5719697509400001, "FULLNAME": null, "FNCLASS": null, "FC_CODE": -1, "FC_GROUP": null, "FC_NAME": null, "CO_FIPS": 49, "CO_NAME": null, "PLANAREA": "MAG", "X": -1.0, "Y": -1.0, "ONLRS": null, "T_MODEL": null, "RT_NUM": -1, "CCSGROUP": "CO6", "SUTRUCKS": 0.0798, "CUTRUCKS": 0.0618, "F2050": -1, "F2040": -1, "FORNOTES": null, "ForecastSo": null, "AADT1981": 31750, "AADT1982": 32350, "AADT1983": 33945, "AADT1984": 32780, "AADT1985": 33590, "AADT1986": 34110, "AADT1987": 37180, "AADT1988": 38185, "AADT1989": 44910, "AADT1990": 48190, "AADT1991": 49945, "AADT1992": 53745, "AADT1993": 57315, "AADT1994": 62710, "AADT1995": -1, "AADT1996": 72975, "AADT1997": 75529, "AADT1998": 76284, "AADT1999": 82080, "AADT2000": 85937, "AADT2001": 94530, "AADT2002": 103145, "AADT2003": 104755, "AADT2004": 105000, "AADT2005": 105490, "AADT2006": 107940, "AADT2007": 110855, "AADT2008": 106080, "AADT2009": 110005, "AADT2010": 118035, "AADT2011": 119570, "AADT2012": 119090, "AADT2013": 118455, "AADT2014": 123670, "AADT2015": 133565, "AADT2016": 152663, "AADT2017": 155869, "AADT2018": 158519, "AADT2019": 167079, "AADT2020": 149034, "AADT2021": 173921, "AADT2022": 179486, "AADT2023": 184512, "FACGEO": "I15", "FAC_MON": 0.9821, "FAC_TUE": 1.0289, "FAC_WED": 1.0519, "FAC_THU": 1.0833, "FAC_FRI": 1.1293, "FAC_SAT": 1.0039, "FAC_SUN": 0.7206, "FAC_WDAVG": 1.0547, "FAC_WEAVG": 0.8622, "FAC_WEMAX": 1.0039, "FAC_JAN": 0.8976, "FAC_FEB": 0.9442, "FAC_MAR": 0.9656, "FAC_APR": 0.9912, "FAC_MAY": 1.0346, "FAC_JUN": 1.0017, "FAC_JUL": 1.049, "FAC_AUG": 1.0329, "FAC_SEP": 1.0248, "FAC_OCT": 1.0301, "FAC_NOV": 1.0196, "FAC_DEC": 1.0086, "FAC_WIN": 0.9501, "FAC_SPR": 0.9971, "FAC_SUM": 1.0279, "FAC_FAL": 1.0248, "FAC_MAXMO": 7.0, "FAC_MAX": 1.049, "FACMANADJ": 0.0, "SUBAREAID": -1, "MIDPOINT_M": -1.0, "ROUTE_ID": null, "DIRECTION": "EB/WB", "MODEL_ROUTE": 15, "MODEL_MP": 279.6 }, "geometry": { "type": "LineString", "coordinates": [ [ -111.833469965416384, 40.388300252842782 ], [ -111.833471215589427, 40.3883033195156 ], [ -111.833605588083373, 40.388632892310952 ], [ -111.833871109654652, 40.389202330596447 ], [ -111.834654110536476, 40.390878667146389 ], [ -111.834762434366752, 40.391063471117171 ], [ -111.835069325461973, 40.391584679556786 ], [ -111.835177174410049, 40.391749936936797 ], [ -111.83544643397255, 40.392162136592681 ], [ -111.835507997621406, 40.392233583741678 ], [ -111.83555282664139, 40.392285692302892 ], [ -111.835998963489018, 40.392813369087463 ], [ -111.836385609371149, 40.393217690436273 ], [ -111.836650161438783, 40.393457938812531 ], [ -111.83717977793799, 40.39391275425681 ], [ -111.837739047446163, 40.394325730616288 ], [ -111.838221373394433, 40.394643135839821 ], [ -111.839029067803168, 40.395115025093155 ], [ -111.840149882371989, 40.395712471437086 ], [ -111.843557284644646, 40.397528650731893 ], [ -111.845730842499407, 40.398712229954185 ], [ -111.846342634253844, 40.399068113067401 ], [ -111.847051550750663, 40.399510128168494 ], [ -111.849371122302244, 40.401068784535681 ], [ -111.854387673254237, 40.404426409633011 ], [ -111.854469804584056, 40.404481658381236 ], [ -111.864399022119059, 40.411166384092134 ], [ -111.8658467300084, 40.412116807969127 ], [ -111.866906237131559, 40.412754811022047 ], [ -111.868372973623039, 40.413566411764627 ] ] } },
{ "type": "Feature", "properties": { "SEGID": "0194_000.8", "BMP": 1.073, "EMP": 2.125, "DISTANCE": 1.0580977793299999, "FULLNAME": null, "FNCLASS": null, "FC_CODE": -1, "FC_GROUP": null, "FC_NAME": null, "CO_FIPS": 49, "CO_NAME": null, "PLANAREA": "MAG", "X": -1.0, "Y": -1.0, "ONLRS": null, "T_MODEL": null, "RT_NUM": -1, "CCSGROUP": "COS", "SUTRUCKS": 0.1242, "CUTRUCKS": 0.0924, "F2050": -1, "F2040": -1, "FORNOTES": null, "ForecastSo": null, "AADT1981": 0, "AADT1982": 0, "AADT1983": 0, "AADT1984": 0, "AADT1985": 0, "AADT1986": 0, "AADT1987": 0, "AADT1988": 0, "AADT1989": 0, "AADT1990": 0, "AADT1991": 0, "AADT1992": 0, "AADT1993": 0, "AADT1994": 0, "AADT1995": -1, "AADT1996": 0, "AADT1997": 0, "AADT1998": 0, "AADT1999": 0, "AADT2000": 0, "AADT2001": 0, "AADT2002": 0, "AADT2003": 0, "AADT2004": 0, "AADT2005": 0, "AADT2006": 0, "AADT2007": 0, "AADT2008": 0, "AADT2009": 0, "AADT2010": 0, "AADT2011": 9715, "AADT2012": 10935, "AADT2013": 17560, "AADT2014": 18335, "AADT2015": 19235, "AADT2016": 20079, "AADT2017": 20621, "AADT2018": 23543, "AADT2019": 23778, "AADT2020": 20687, "AADT2021": 40462, "AADT2022": 41393, "AADT2023": 42221, "FACGEO": "Statewide", "FAC_MON": 1.0192, "FAC_TUE": 1.0405, "FAC_WED": 1.0681, "FAC_THU": 1.0969, "FAC_FRI": 1.1387, "FAC_SAT": 0.933, "FAC_SUN": 0.7037, "FAC_WDAVG": 1.0685, "FAC_WEAVG": 0.8183, "FAC_WEMAX": 0.933, "FAC_JAN": 0.8955, "FAC_FEB": 0.9293, "FAC_MAR": 0.9648, "FAC_APR": 1.0277, "FAC_MAY": 1.0822, "FAC_JUN": 1.0365, "FAC_JUL": 1.0362, "FAC_AUG": 1.0513, "FAC_SEP": 1.0553, "FAC_OCT": 1.0503, "FAC_NOV": 0.9777, "FAC_DEC": 0.893, "FAC_WIN": 0.906, "FAC_SPR": 1.0249, "FAC_SUM": 1.0414, "FAC_FAL": 1.0278, "FAC_MAXMO": 5.0, "FAC_MAX": 1.0822, "FACMANADJ": 0.0, "SUBAREAID": -1, "MIDPOINT_M": -1.0, "ROUTE_ID": null, "DIRECTION": "EB/WB", "MODEL_ROUTE": 194, "MODEL_MP": 0.8 }, "geometry": { "type": "LineString", "coordinates": [ [ -111.886813337528579, 40.412370893072485 ], [ -111.88689153552528, 40.412370138139536 ], [ -111.886952081455917, 40.412370100586848 ], [ -111.893291113522295, 40.412431051928721 ], [ -111.893901337488956, 40.412427054167281 ], [ -111.894413895182765, 40.412426041389089 ], [ -111.895021118145962, 40.412427460017909 ], [ -111.895060023137859, 40.412427297499555 ], [ -111.895124607454491, 40.412427026196994 ], [ -111.895158417864963, 40.412427172466856 ], [ -111.895193595551319, 40.412427325254718 ], [ -111.895208212352955, 40.41242738862676 ], [ -111.895214765811161, 40.41242741715007 ], [ -111.896113012592565, 40.412427760407013 ], [ -111.897116382060815, 40.412408139467111 ], [ -111.898002953805303, 40.412394256903582 ], [ -111.904711651025181, 40.412373016006931 ], [ -111.906881071000811, 40.412360700154821 ] ] } },
{ "type": "Feature", "properties": { "SEGID": "0015_289.8", "BMP": 289.763, "EMP": 291.384, "DISTANCE": 1.54677518723, "FULLNAME": null, "FNCLASS": null, "FC_CODE": -1, "FC_GROUP": null, "FC_NAME": null, "CO_FIPS": 35, "CO_NAME": null, "PLANAREA": "WFRC", "X": -1.0, "Y": -1.0, "ONLRS": null, "T_MODEL": null, "RT_NUM": -1, "CCSGROUP": "CO6", "SUTRUCKS": 0.101, "CUTRUCKS": 0.0576, "F2050": -1, "F2040": -1, "FORNOTES": null, "ForecastSo": null, "AADT1981": 35890, "AADT1982": 36385, "AADT1983": 37950, "AADT1984": 38900, "AADT1985": 39785, "AADT1986": 42560, "AADT1987": 46555, "AADT1988": 47810, "AADT1989": 50570, "AADT1990": 53485, "AADT1991": 56140, "AADT1992": 60180, "AADT1993": 64540, "AADT1994": 69975, "AADT1995": -1, "AADT1996": 79485, "AADT1997": 82455, "AADT1998": 81595, "AADT1999": 88757, "AADT2000": 97055, "AADT2001": 111930, "AADT2002": 121964, "AADT2003": 122600, "AADT2004": 126781, "AADT2005": 129435, "AADT2006": 133220, "AADT2007": 135220, "AADT2008": 129945, "AADT2009": 130855, "AADT2010": 133210, "AADT2011": 163780, "AADT2012": 167150, "AADT2013": 169715, "AADT2014": 176645, "AADT2015": 178585, "AADT2016": 189041, "AADT2017": 203109, "AADT2018": 210772, "AADT2019": 213024, "AADT2020": 183201, "AADT2021": 223653, "AADT2022": 227902, "AADT2023": 234283, "FACGEO": "I15", "FAC_MON": 0.9821, "FAC_TUE": 1.0289, "FAC_WED": 1.0519, "FAC_THU": 1.0833, "FAC_FRI": 1.1293, "FAC_SAT": 1.0039, "FAC_SUN": 0.7206, "FAC_WDAVG": 1.0547, "FAC_WEAVG": 0.8622, "FAC_WEMAX": 1.0039, "FAC_JAN": 0.8976, "FAC_FEB": 0.9442, "FAC_MAR": 0.9656, "FAC_APR": 0.9912, "FAC_MAY": 1.0346, "FAC_JUN": 1.0017, "FAC_JUL": 1.049, "FAC_AUG": 1.0329, "FAC_SEP": 1.0248, "FAC_OCT": 1.0301, "FAC_NOV": 1.0196, "FAC_DEC": 1.0086, "FAC_WIN": 0.9501, "FAC_SPR": 0.9971, "FAC_SUM": 1.0279, "FAC_FAL": 1.0248, "FAC_MAXMO": 7.0, "FAC_MAX": 1.049, "FACMANADJ": 0.0, "SUBAREAID": -1, "MIDPOINT_M": -1.0, "ROUTE_ID": null, "DIRECTION": "NB/SB", "MODEL_ROUTE": 15, "MODEL_MP": 289.8 }, "geometry": { "type": "LineString", "coordinates": [ [ -111.890965121301917, 40.504368139643937 ], [ -111.890964389474391, 40.504402018558245 ], [ -111.890963665991933, 40.504436528027384 ], [ -111.890962834055841, 40.504480677800423 ], [ -111.890959202366616, 40.504669981709128 ], [ -111.890950742662156, 40.510272646872806 ], [ -111.89096700933392, 40.512357346673319 ], [ -111.89097639954916, 40.515429196529197 ], [ -111.890978503591413, 40.518877669934383 ], [ -111.890966412118559, 40.522243459750257 ], [ -111.890965385122612, 40.523681275357546 ], [ -111.890955518017975, 40.524451605437058 ], [ -111.890981663661094, 40.526416677048744 ], [ -111.890990890171807, 40.526792363534511 ] ] } },
{ "type": "Feature", "properties": { "SEGID": "0073_034.6", "BMP": 34.627, "EMP": 35.419, "DISTANCE": 0.792721309333, "FULLNAME": null, "FNCLASS": null, "FC_CODE": -1, "FC_GROUP": null, "FC_NAME": null, "CO_FIPS": 49, "CO_NAME": null, "PLANAREA": "MAG", "X": -1.0, "Y": -1.0, "ONLRS": null, "T_MODEL": null, "RT_NUM": -1, "CCSGROUP": "COS", "SUTRUCKS": 0.1362, "CUTRUCKS": 0.0716, "F2050": -1, "F2040": -1, "FORNOTES": null, "ForecastSo": null, "AADT1981": 1540, "AADT1982": 1570, "AADT1983": 1590, "AADT1984": 1615, "AADT1985": 1625, "AADT1986": 1650, "AADT1987": 1675, "AADT1988": 1260, "AADT1989": 1275, "AADT1990": 1690, "AADT1991": 1705, "AADT1992": 2100, "AADT1993": 2175, "AADT1994": 1650, "AADT1995": -1, "AADT1996": 1945, "AADT1997": 2025, "AADT1998": 2531, "AADT1999": 2652, "AADT2000": 2290, "AADT2001": 10655, "AADT2002": 11170, "AADT2003": 10970, "AADT2004": 16400, "AADT2005": 17545, "AADT2006": 20280, "AADT2007": 22340, "AADT2008": 22010, "AADT2009": 22165, "AADT2010": 19550, "AADT2011": 19500, "AADT2012": 17570, "AADT2013": 19065, "AADT2014": 20355, "AADT2015": 23130, "AADT2016": 25376, "AADT2017": 27899, "AADT2018": 30915, "AADT2019": 33642, "AADT2020": 29269, "AADT2021": 32430, "AADT2022": 34052, "AADT2023": 35993, "FACGEO": "Statewide", "FAC_MON": 1.0192, "FAC_TUE": 1.0405, "FAC_WED": 1.0681, "FAC_THU": 1.0969, "FAC_FRI": 1.1387, "FAC_SAT": 0.933, "FAC_SUN": 0.7037, "FAC_WDAVG": 1.0685, "FAC_WEAVG": 0.8183, "FAC_WEMAX": 0.933, "FAC_JAN": 0.8955, "FAC_FEB": 0.9293, "FAC_MAR": 0.9648, "FAC_APR": 1.0277, "FAC_MAY": 1.0822, "FAC_JUN": 1.0365, "FAC_JUL": 1.0362, "FAC_AUG": 1.0513, "FAC_SEP": 1.0553, "FAC_OCT": 1.0503, "FAC_NOV": 0.9777, "FAC_DEC": 0.893, "FAC_WIN": 0.906, "FAC_SPR": 1.0249, "FAC_SUM": 1.0414, "FAC_FAL": 1.0278, "FAC_MAXMO": 5.0, "FAC_MAX": 1.0822, "FACMANADJ": 0.0, "SUBAREAID": -1, "MIDPOINT_M": -1.0, "ROUTE_ID": null, "DIRECTION": "EB/WB", "MODEL_ROUTE": 73, "MODEL_MP": 34.6 }, "geometry": { "type": "LineString", "coordinates": [ [ -111.935404416275802, 40.386012218745982 ], [ -111.935515480189807, 40.386035193891765 ], [ -111.935756069450022, 40.386078562001629 ], [ -111.935990467210402, 40.386117204968997 ], [ -111.936249720180754, 40.386155556080759 ], [ -111.936462108727667, 40.386187259222439 ], [ -111.936783713172559, 40.386227536473832 ], [ -111.937107635734577, 40.386256532791471 ], [ -111.937198820342289, 40.386264712520102 ], [ -111.93749215754319, 40.386288550305792 ], [ -111.937688764757468, 40.386303622430084 ], [ -111.937944527777788, 40.386311097181554 ], [ -111.93830925778849, 40.386317686998481 ], [ -111.93861162198975, 40.386312800064786 ], [ -111.939138248710748, 40.386303748406263 ], [ -111.93954338881349, 40.386293339404887 ], [ -111.93995064412556, 40.386291019882734 ], [ -111.940330955356885, 40.386265855059605 ], [ -111.944888021642029, 40.38552212315976 ], [ -111.947435202089224, 40.385104880576968 ], [ -111.949137999258994, 40.384814246941659 ], [ -111.950172483388044, 40.384648809834985 ] ] } },
{ "type": "Feature", "properties": { "SEGID": "0015_260.0", "BMP": 259.963, "EMP": 261.785, "DISTANCE": 1.8265259939, "FULLNAME": null, "FNCLASS": null, "FC_CODE": -1, "FC_GROUP": null, "FC_NAME": null, "CO_FIPS": 49, "CO_NAME": null, "PLANAREA": "MAG", "X": -1.0, "Y": -1.0, "ONLRS": null, "T_MODEL": null, "RT_NUM": -1, "CCSGROUP": "CO6", "SUTRUCKS": 0.0878, "CUTRUCKS": 0.0843, "F2050": -1, "F2040": -1, "FORNOTES": null, "ForecastSo": null, "AADT1981": 21930, "AADT1982": 23030, "AADT1983": 24830, "AADT1984": 33610, "AADT1985": 33650, "AADT1986": 30905, "AADT1987": 29460, "AADT1988": 31225, "AADT1989": 37560, "AADT1990": 42230, "AADT1991": 42730, "AADT1992": 45100, "AADT1993": 48390, "AADT1994": 51940, "AADT1995": -1, "AADT1996": 59400, "AADT1997": 65340, "AADT1998": 69900, "AADT1999": 73744, "AADT2000": 77431, "AADT2001": 78522, "AADT2002": 84577, "AADT2003": 86706, "AADT2004": 87694, "AADT2005": 88895, "AADT2006": 92125, "AADT2007": 93560, "AADT2008": 91430, "AADT2009": 91155, "AADT2010": 93525, "AADT2011": 89410, "AADT2012": 88605, "AADT2013": 92595, "AADT2014": 96020, "AADT2015": 102070, "AADT2016": 110847, "AADT2017": 121377, "AADT2018": 124047, "AADT2019": 127520, "AADT2020": 118849, "AADT2021": 135162, "AADT2022": 137189, "AADT2023": 141030, "FACGEO": "I15", "FAC_MON": 0.9716, "FAC_TUE": 1.0121, "FAC_WED": 1.0387, "FAC_THU": 1.0806, "FAC_FRI": 1.1372, "FAC_SAT": 1.0071, "FAC_SUN": 0.7526, "FAC_WDAVG": 1.0438, "FAC_WEAVG": 0.8799, "FAC_WEMAX": 1.0122, "FAC_JAN": 0.8853, "FAC_FEB": 0.9367, "FAC_MAR": 0.9706, "FAC_APR": 0.9985, "FAC_MAY": 1.0355, "FAC_JUN": 1.0068, "FAC_JUL": 1.0545, "FAC_AUG": 1.0306, "FAC_SEP": 1.0228, "FAC_OCT": 1.0358, "FAC_NOV": 1.0227, "FAC_DEC": 1.0002, "FAC_WIN": 0.9407, "FAC_SPR": 1.0015, "FAC_SUM": 1.0306, "FAC_FAL": 1.0271, "FAC_MAXMO": 7.0, "FAC_MAX": 1.0545, "FACMANADJ": 1.0, "SUBAREAID": -1, "MIDPOINT_M": -1.0, "ROUTE_ID": null, "DIRECTION": "NB/SB", "MODEL_ROUTE": 15, "MODEL_MP": 260.0 }, "geometry": { "type": "LineString", "coordinates": [ [ -111.646563016156961, 40.161289897642675 ], [ -111.646563022994272, 40.161290618360049 ], [ -111.646535920009399, 40.165390065321368 ], [ -111.646483259158359, 40.173578491060638 ], [ -111.64647876579464, 40.174316504246129 ], [ -111.646441581125202, 40.180424171103709 ], [ -111.646456608728485, 40.182403365191561 ], [ -111.64640026542871, 40.18464738315992 ], [ -111.646376475789651, 40.187771797692207 ] ] } },
{ "type": "Feature", "properties": { "SEGID": "0215_007.7", "BMP": 7.702, "EMP": 9.216, "DISTANCE": 1.5157122936, "FULLNAME": null, "FNCLASS": null, "FC_CODE": -1, "FC_GROUP": null, "FC_NAME": null, "CO_FIPS": 35, "CO_NAME": null, "PLANAREA": "WFRC", "X": -1.0, "Y": -1.0, "ONLRS": null, "T_MODEL": null, "RT_NUM": -1, "CCSGROUP": "CO8", "SUTRUCKS": 0.0907, "CUTRUCKS": 0.0286, "F2050": -1, "F2040": -1, "FORNOTES": null, "ForecastSo": null, "AADT1981": 0, "AADT1982": 0, "AADT1983": 0, "AADT1984": 0, "AADT1985": 0, "AADT1986": 0, "AADT1987": 20500, "AADT1988": 22240, "AADT1989": 38520, "AADT1990": 39655, "AADT1991": 43625, "AADT1992": 51950, "AADT1993": 53720, "AADT1994": 57210, "AADT1995": -1, "AADT1996": 60885, "AADT1997": 64000, "AADT1998": 68160, "AADT1999": 69523, "AADT2000": 70915, "AADT2001": 72820, "AADT2002": 75732, "AADT2003": 81519, "AADT2004": 82175, "AADT2005": 83320, "AADT2006": 85390, "AADT2007": 87010, "AADT2008": 88155, "AADT2009": 89570, "AADT2010": 90105, "AADT2011": 86400, "AADT2012": 86915, "AADT2013": 87090, "AADT2014": 89440, "AADT2015": 93290, "AADT2016": 93195, "AADT2017": 88815, "AADT2018": 92989, "AADT2019": 93454, "AADT2020": 79810, "AADT2021": 89547, "AADT2022": 89278, "AADT2023": 89099, "FACGEO": "I215", "FAC_MON": 1.0317, "FAC_TUE": 1.0951, "FAC_WED": 1.1089, "FAC_THU": 1.1287, "FAC_FRI": 1.1197, "FAC_SAT": 0.8759, "FAC_SUN": 0.6399, "FAC_WDAVG": 1.1109, "FAC_WEAVG": 0.7579, "FAC_WEMAX": 0.8759, "FAC_JAN": 0.9349, "FAC_FEB": 0.9718, "FAC_MAR": 0.9643, "FAC_APR": 0.9819, "FAC_MAY": 1.0193, "FAC_JUN": 0.99, "FAC_JUL": 1.014, "FAC_AUG": 1.0495, "FAC_SEP": 1.0288, "FAC_OCT": 1.0163, "FAC_NOV": 1.0107, "FAC_DEC": 1.0186, "FAC_WIN": 0.9751, "FAC_SPR": 0.9885, "FAC_SUM": 1.0179, "FAC_FAL": 1.0186, "FAC_MAXMO": 8.0, "FAC_MAX": 1.0495, "FACMANADJ": 0.0, "SUBAREAID": -1, "MIDPOINT_M": -1.0, "ROUTE_ID": null, "DIRECTION": "EB/WB", "MODEL_ROUTE": 215, "MODEL_MP": 7.7 }, "geometry": { "type": "LineString", "coordinates": [ [ -111.834136744684017, 40.633134514698462 ], [ -111.834670635044347, 40.633001381762298 ], [ -111.838647667717254, 40.631988814634859 ], [ -111.83936747183418, 40.631774582654892 ], [ -111.840524895619026, 40.631475182183685 ], [ -111.841634477598006, 40.631227468305376 ], [ -111.842303587986521, 40.631120790747353 ], [ -111.842636431139354, 40.631072417779336 ], [ -111.843188040946728, 40.631025148966103 ], [ -111.843593187132228, 40.630990659048933 ], [ -111.844270191600287, 40.630947873981341 ], [ -111.845700685803024, 40.630926594139893 ], [ -111.848018262729511, 40.630924909484072 ], [ -111.849558398225312, 40.630906019602165 ], [ -111.851245105614964, 40.630827292084874 ], [ -111.852484481404161, 40.630747879948878 ], [ -111.854603635378041, 40.630569877124998 ], [ -111.85471585676062, 40.630561208862076 ], [ -111.855990331715631, 40.630462490977976 ], [ -111.856874927418104, 40.630380256348836 ], [ -111.859141241582833, 40.630255310185028 ], [ -111.860401285226686, 40.630221603506612 ], [ -111.861394121392635, 40.630208164573737 ], [ -111.862044940355531, 40.630236278797888 ], [ -111.862499021367967, 40.630229103878357 ] ] } },
{ "type": "Feature", "properties": { "SEGID": "0015_295.6", "BMP": 295.641, "EMP": 297.944, "DISTANCE": 2.30286019469, "FULLNAME": null, "FNCLASS": null, "FC_CODE": -1, "FC_GROUP": null, "FC_NAME": null, "CO_FIPS": 35, "CO_NAME": null, "PLANAREA": "WFRC", "X": -1.0, "Y": -1.0, "ONLRS": null, "T_MODEL": null, "RT_NUM": -1, "CCSGROUP": "CO6", "SUTRUCKS": 0.116, "CUTRUCKS": 0.0532, "F2050": -1, "F2040": -1, "FORNOTES": null, "ForecastSo": null, "AADT1981": 66900, "AADT1982": 67775, "AADT1983": 70850, "AADT1984": 73880, "AADT1985": 78610, "AADT1986": 79790, "AADT1987": 85375, "AADT1988": 87460, "AADT1989": 101880, "AADT1990": 104090, "AADT1991": 110965, "AADT1992": 118955, "AADT1993": 127575, "AADT1994": 138320, "AADT1995": -1, "AADT1996": 157115, "AADT1997": 133547, "AADT1998": 113541, "AADT1999": 117626, "AADT2000": 128625, "AADT2001": 171726, "AADT2002": 181170, "AADT2003": 186066, "AADT2004": 187565, "AADT2005": 191495, "AADT2006": 197095, "AADT2007": 200050, "AADT2008": 192250, "AADT2009": 193595, "AADT2010": 197080, "AADT2011": 199640, "AADT2012": 202635, "AADT2013": 206285, "AADT2014": 230000, "AADT2015": 238075, "AADT2016": 259218, "AADT2017": 261473, "AADT2018": 263374, "AADT2019": 263955, "AADT2020": 227001, "AADT2021": 196637, "AADT2022": 195457, "AADT2023": 200930, "FACGEO": "I15", "FAC_MON": 0.9821, "FAC_TUE": 1.0289, "FAC_WED": 1.0519, "FAC_THU": 1.0833, "FAC_FRI": 1.1293, "FAC_SAT": 1.0039, "FAC_SUN": 0.7206, "FAC_WDAVG": 1.0547, "FAC_WEAVG": 0.8622, "FAC_WEMAX": 1.0039, "FAC_JAN": 0.8976, "FAC_FEB": 0.9442, "FAC_MAR": 0.9656, "FAC_APR": 0.9912, "FAC_MAY": 1.0346, "FAC_JUN": 1.0017, "FAC_JUL": 1.049, "FAC_AUG": 1.0329, "FAC_SEP": 1.0248, "FAC_OCT": 1.0301, "FAC_NOV": 1.0196, "FAC_DEC": 1.0086, "FAC_WIN": 0.9501, "FAC_SPR": 0.9971, "FAC_SUM": 1.0279, "FAC_FAL": 1.0248, "FAC_MAXMO": 7.0, "FAC_MAX": 1.049, "FACMANADJ": 0.0, "SUBAREAID": -1, "MIDPOINT_M": -1.0, "ROUTE_ID": null, "DIRECTION": "NB/SB", "MODEL_ROUTE": 15, "MODEL_MP": 295.6 }, "geometry": { "type": "LineString", "coordinates": [ [ -111.900231804225456, 40.588002384123754 ], [ -111.900245615763865, 40.588062995209263 ], [ -111.900309371714101, 40.588340777441097 ], [ -111.9005731896941, 40.589279050126592 ], [ -111.901082699169919, 40.590613590283972 ], [ -111.901638699199268, 40.591782995521065 ], [ -111.902044775466464, 40.592690424627236 ], [ -111.902280845202839, 40.59332846893782 ], [ -111.902435459680461, 40.593840937288199 ], [ -111.902585568809499, 40.594457581250573 ], [ -111.902747227306278, 40.595141880126214 ], [ -111.903276877435403, 40.597807827945012 ], [ -111.903442385202666, 40.598724159432734 ], [ -111.903788616113644, 40.600421841946286 ], [ -111.904828004914933, 40.605935129954872 ], [ -111.9048815616366, 40.60619010658462 ], [ -111.90494864910643, 40.606528037237233 ], [ -111.90547225612103, 40.60913537022855 ], [ -111.905747823168312, 40.61059045342153 ], [ -111.905824805925448, 40.610916414210529 ], [ -111.905958056771851, 40.611671106968622 ], [ -111.90598330312136, 40.612507364722497 ], [ -111.905967646748422, 40.61320349801516 ], [ -111.905889174884607, 40.61409768433483 ], [ -111.905703404291529, 40.615135139322042 ], [ -111.905527054467782, 40.615907664970699 ], [ -111.90542976217445, 40.616319223439973 ], [ -111.905328229269855, 40.616679465620464 ], [ -111.905226673435166, 40.616950522021909 ], [ -111.905024868837515, 40.617510821796024 ], [ -111.904775735650077, 40.618287429877519 ], [ -111.904483918185733, 40.619116621993889 ], [ -111.904089264747242, 40.620272191790846 ], [ -111.904035694937846, 40.620429001703776 ], [ -111.903921614364052, 40.620762765110378 ] ] } },
{ "type": "Feature", "properties": { "SEGID": "0015_340.3", "BMP": 340.324, "EMP": 341.959, "DISTANCE": 1.6342298209, "FULLNAME": null, "FNCLASS": null, "FC_CODE": -1, "FC_GROUP": null, "FC_NAME": null, "CO_FIPS": 57, "CO_NAME": null, "PLANAREA": "WFRC", "X": -1.0, "Y": -1.0, "ONLRS": null, "T_MODEL": null, "RT_NUM": -1, "CCSGROUP": "CO6", "SUTRUCKS": 0.0959, "CUTRUCKS": 0.1074, "F2050": -1, "F2040": -1, "FORNOTES": null, "ForecastSo": null, "AADT1981": 32865, "AADT1982": 33475, "AADT1983": 35855, "AADT1984": 36150, "AADT1985": 38880, "AADT1986": 40820, "AADT1987": 44130, "AADT1988": 45310, "AADT1989": 47400, "AADT1990": 48705, "AADT1991": 51740, "AADT1992": 55440, "AADT1993": 58545, "AADT1994": 63635, "AADT1995": -1, "AADT1996": 71675, "AADT1997": 73875, "AADT1998": 76620, "AADT1999": 81105, "AADT2000": 82725, "AADT2001": 92940, "AADT2002": 96130, "AADT2003": 82530, "AADT2004": 83195, "AADT2005": 84940, "AADT2006": 87425, "AADT2007": 88735, "AADT2008": 85275, "AADT2009": 94505, "AADT2010": 96800, "AADT2011": 96480, "AADT2012": 96720, "AADT2013": 96420, "AADT2014": 101815, "AADT2015": 111900, "AADT2016": 121275, "AADT2017": 118768, "AADT2018": 119060, "AADT2019": 118007, "AADT2020": 106442, "AADT2021": 118457, "AADT2022": 122721, "AADT2023": 126771, "FACGEO": "I15", "FAC_MON": 0.9821, "FAC_TUE": 1.0289, "FAC_WED": 1.0519, "FAC_THU": 1.0833, "FAC_FRI": 1.1293, "FAC_SAT": 1.0039, "FAC_SUN": 0.7206, "FAC_WDAVG": 1.0547, "FAC_WEAVG": 0.8622, "FAC_WEMAX": 1.0039, "FAC_JAN": 0.8976, "FAC_FEB": 0.9442, "FAC_MAR": 0.9656, "FAC_APR": 0.9912, "FAC_MAY": 1.0346, "FAC_JUN": 1.0017, "FAC_JUL": 1.049, "FAC_AUG": 1.0329, "FAC_SEP": 1.0248, "FAC_OCT": 1.0301, "FAC_NOV": 1.0196, "FAC_DEC": 1.0086, "FAC_WIN": 0.9501, "FAC_SPR": 0.9971, "FAC_SUM": 1.0279, "FAC_FAL": 1.0248, "FAC_MAXMO": 7.0, "FAC_MAX": 1.049, "FACMANADJ": 0.0, "SUBAREAID": -1, "MIDPOINT_M": -1.0, "ROUTE_ID": null, "DIRECTION": "NB/SB", "MODEL_ROUTE": 15, "MODEL_MP": 340.3 }, "geometry": { "type": "LineString", "coordinates": [ [ -112.009982380896474, 41.185912553181545 ], [ -112.009858066659277, 41.186030204887317 ], [ -112.009125712288025, 41.186830209519364 ], [ -112.008016656548591, 41.188065339952828 ], [ -112.007323772039598, 41.188852736879802 ], [ -112.005242609555125, 41.191189882612711 ], [ -112.004618584997928, 41.191860281591381 ], [ -112.003763793262991, 41.192701944843598 ], [ -112.002574951060765, 41.193777649834018 ], [ -112.00242801108125, 41.193901891351409 ], [ -112.001712079289334, 41.194507221505702 ], [ -111.998975742336611, 41.196635114121953 ], [ -111.996828442979876, 41.198295563689705 ], [ -111.996302102716257, 41.198740597412993 ], [ -111.995885539356593, 41.199158376826951 ], [ -111.995511532014746, 41.199575156311717 ], [ -111.995117075204348, 41.20009092628159 ], [ -111.994895071116431, 41.200433697631638 ], [ -111.994783309282667, 41.200590407072333 ], [ -111.994492833088231, 41.201168781227921 ], [ -111.994361907635493, 41.201485723413093 ], [ -111.994192159011178, 41.201948385641366 ], [ -111.994076471032983, 41.202350319127305 ], [ -111.993974813911976, 41.202907154679927 ], [ -111.993923259991249, 41.203251965747945 ], [ -111.993900373267152, 41.203796681452971 ], [ -111.993917622667865, 41.204235119645013 ], [ -111.993975821302172, 41.204747067863998 ], [ -111.9941130289981, 41.205372642249252 ], [ -111.994138291991987, 41.205473581109921 ] ] } },
{ "type": "Feature", "properties": { "SEGID": "0092_007.6", "BMP": 7.583, "EMP": 8.512, "DISTANCE": 2.6301162979599999, "FULLNAME": null, "FNCLASS": null, "FC_CODE": -1, "FC_GROUP": null, "FC_NAME": null, "CO_FIPS": 49, "CO_NAME": null, "PLANAREA": "MAG", "X": -1.0, "Y": -1.0, "ONLRS": null, "T_MODEL": null, "RT_NUM": -1, "CCSGROUP": "CO0", "SUTRUCKS": 0.0864, "CUTRUCKS": 0.0129, "F2050": -1, "F2040": -1, "FORNOTES": null, "ForecastSo": null, "AADT1981": 1120, "AADT1982": 1085, "AADT1983": 1085, "AADT1984": 1110, "AADT1985": 1110, "AADT1986": 1125, "AADT1987": 1140, "AADT1988": 1190, "AADT1989": 1210, "AADT1990": 1255, "AADT1991": 1265, "AADT1992": 1315, "AADT1993": 1345, "AADT1994": 1785, "AADT1995": -1, "AADT1996": 1960, "AADT1997": 1960, "AADT1998": 2030, "AADT1999": 2107, "AADT2000": 1400, "AADT2001": 1495, "AADT2002": 1390, "AADT2003": 1425, "AADT2004": 1455, "AADT2005": 1435, "AADT2006": 1470, "AADT2007": 1495, "AADT2008": 1485, "AADT2009": 1670, "AADT2010": 1625, "AADT2011": 1740, "AADT2012": 1585, "AADT2013": 1590, "AADT2014": 1820, "AADT2015": 2055, "AADT2016": 2169, "AADT2017": 2408, "AADT2018": 2147, "AADT2019": 2055, "AADT2020": 2815, "AADT2021": 2961, "AADT2022": 2929, "AADT2023": 2469, "FACGEO": "AlpineLoop", "FAC_MON": 0.7083, "FAC_TUE": 0.6827, "FAC_WED": 0.7294, "FAC_THU": 0.7202, "FAC_FRI": 1.007, "FAC_SAT": 1.5802, "FAC_SUN": 1.5722, "FAC_WDAVG": 0.7108, "FAC_WEAVG": 1.5762, "FAC_WEMAX": 1.5802, "FAC_JAN": 0.3992, "FAC_FEB": 0.3868, "FAC_MAR": 0.3671, "FAC_APR": 0.4837, "FAC_MAY": 0.9611, "FAC_JUN": 1.407, "FAC_JUL": 2.1537, "FAC_AUG": 1.7949, "FAC_SEP": 1.6588, "FAC_OCT": 1.58, "FAC_NOV": 0.4429, "FAC_DEC": 0.3648, "FAC_WIN": 0.3836, "FAC_SPR": 0.604, "FAC_SUM": 1.7852, "FAC_FAL": 1.2272, "FAC_MAXMO": 7.0, "FAC_MAX": 2.1537, "FACMANADJ": 0.0, "SUBAREAID": -1, "MIDPOINT_M": -1.0, "ROUTE_ID": null, "DIRECTION": "EB/WB", "MODEL_ROUTE": 92, "MODEL_MP": 7.6 }, "geometry": { "type": "LineString", "coordinates": [ [ -111.706093693087851, 40.443890489022024 ], [ -111.70665079684666, 40.44386303055758 ], [ -111.706915513436044, 40.443828709262604 ], [ -111.707240978266555, 40.443717709413946 ], [ -111.707505032728974, 40.443564111582731 ], [ -111.707735594849865, 40.443432700191387 ], [ -111.708021960123631, 40.443326622217448 ], [ -111.708391118787631, 40.443267153279272 ], [ -111.710089373014739, 40.443080156777619 ], [ -111.710312435862321, 40.443043470974835 ], [ -111.710509085594282, 40.442995595750773 ], [ -111.710883022855285, 40.442841675110579 ], [ -111.711137414082458, 40.442700921210452 ], [ -111.711454782098883, 40.442505364759434 ], [ -111.711824385522334, 40.44228759389614 ], [ -111.712262446919212, 40.442054174825429 ], [ -111.713013789371786, 40.441708191510649 ], [ -111.713285934120464, 40.441596872913799 ], [ -111.713524907214492, 40.441504316994056 ], [ -111.71381458577936, 40.441434420442761 ], [ -111.714136141796686, 40.441401893790456 ], [ -111.714423182203561, 40.441405885868306 ], [ -111.714824278867738, 40.441357550366625 ], [ -111.715195365099561, 40.441259038811481 ], [ -111.715514953500943, 40.441174538534241 ], [ -111.715747990937444, 40.441123095836041 ], [ -111.715982755770639, 40.44109002034223 ], [ -111.716321147528618, 40.441044230187856 ], [ -111.716773464757722, 40.440978453400234 ], [ -111.716989933882516, 40.440910354185178 ], [ -111.717394886834583, 40.440737211118979 ], [ -111.717763287771689, 40.44057537468229 ], [ -111.718310999458254, 40.440399720265965 ], [ -111.718915360541004, 40.440207134381879 ], [ -111.719200972975457, 40.44007761001604 ], [ -111.719395747599833, 40.439965857504973 ], [ -111.719707700140631, 40.439730312129704 ], [ -111.720152640319313, 40.439327991568774 ], [ -111.720371504395445, 40.439142663922183 ], [ -111.72063877423362, 40.438930277348831 ], [ -111.720920030088962, 40.438735911037313 ], [ -111.721200344630518, 40.438574973332756 ], [ -111.721452287281394, 40.438451329138069 ], [ -111.72195678791077, 40.438250792011814 ], [ -111.722206507576786, 40.438151033929998 ], [ -111.72242007220764, 40.438055285049131 ], [ -111.722631125844003, 40.437945317237855 ], [ -111.72293586936263, 40.437743141531385 ], [ -111.723186708782393, 40.437627158115355 ], [ -111.723329801983397, 40.437590046605791 ], [ -111.723507986808784, 40.437570823397579 ], [ -111.723821158301462, 40.437561205212077 ], [ -111.724051950308422, 40.437554985081626 ], [ -111.724332244474539, 40.437514129998249 ], [ -111.724736767498214, 40.437414387345335 ], [ -111.7254103387085, 40.437215027306031 ], [ -111.725702965375632, 40.437104181607751 ], [ -111.726007153590842, 40.436961190488041 ], [ -111.726821841994592, 40.436608052991026 ], [ -111.727450773452745, 40.436370493275447 ], [ -111.728028940968414, 40.436181898508849 ], [ -111.728846923898999, 40.436015572850124 ], [ -111.72968584609967, 40.435823433564238 ], [ -111.730050495881912, 40.435755996096781 ], [ -111.730422118380758, 40.435711936845024 ], [ -111.730870701730936, 40.435665227678825 ], [ -111.731166667487869, 40.435624617322908 ], [ -111.731450552536572, 40.435557235806669 ], [ -111.731796307189896, 40.435432885373565 ], [ -111.732145699872987, 40.435285357714577 ], [ -111.732536924592509, 40.435114140501334 ], [ -111.732800457624307, 40.435029497255094 ], [ -111.733387672029764, 40.434894692246466 ], [ -111.733944671273932, 40.434789625648115 ], [ -111.734238002605693, 40.434734970113055 ], [ -111.734409762593657, 40.434700545707159 ], [ -111.7345930480802, 40.434631002763929 ], [ -111.734804014836342, 40.434526688986232 ], [ -111.735015070727528, 40.43442065984263 ], [ -111.735026688675021, 40.434414822909034 ], [ -111.735132807597068, 40.43436153550509 ], [ -111.735136883933606, 40.434360069942791 ], [ -111.735305561656119, 40.434299445792462 ], [ -111.735528383798936, 40.434244604830795 ], [ -111.735725238908529, 40.434219568346514 ], [ -111.736058248454199, 40.434181952960003 ], [ -111.736367111602505, 40.434157283221346 ], [ -111.736668669972076, 40.434111488039044 ], [ -111.736979721701289, 40.434038964884181 ], [ -111.737438641712529, 40.433893065275313 ], [ -111.737877110896761, 40.43372080790239 ], [ -111.738336022821315, 40.433574544427216 ], [ -111.738608864262076, 40.433533702376472 ], [ -111.738900656451776, 40.433522378190709 ], [ -111.739190400052664, 40.433550075373205 ], [ -111.739540473709511, 40.433606935434639 ], [ -111.739913643930279, 40.433651934893192 ], [ -111.74016960400786, 40.433662908914307 ], [ -111.740485571557514, 40.433662867372604 ], [ -111.740980600080022, 40.433628163843089 ], [ -111.741519248379319, 40.433593268493404 ], [ -111.74193102546235, 40.433600175955512 ], [ -111.742368196582461, 40.433632684635072 ], [ -111.742833843977934, 40.433660143814166 ], [ -111.743226837156442, 40.433652843040221 ], [ -111.744027364372528, 40.43356697275064 ], [ -111.744268013077644, 40.433549915530548 ], [ -111.744519440906757, 40.433532092892406 ], [ -111.744927362329236, 40.433520816321298 ], [ -111.74519345611057, 40.433531263464424 ], [ -111.745380519835805, 40.433538563746815 ], [ -111.74543713894829, 40.433540773431162 ], [ -111.745930339746053, 40.433575700109856 ], [ -111.746254493768035, 40.433612346715016 ], [ -111.746566181217915, 40.433598442314931 ], [ -111.746875464906552, 40.433537795870478 ], [ -111.747126008689321, 40.433442843583123 ], [ -111.747385833643477, 40.433313055989828 ], [ -111.747590909257752, 40.433168666942841 ], [ -111.747949685442862, 40.432872021974255 ], [ -111.748215486401236, 40.432643545239841 ], [ -111.74855867893001, 40.432430512718838 ], [ -111.748869255859304, 40.432306429175853 ], [ -111.749158858169835, 40.432236534763291 ], [ -111.749417315294224, 40.432217922600415 ], [ -111.749640553117132, 40.432212781490669 ], [ -111.749879609256439, 40.432230690485198 ], [ -111.750115427681934, 40.432275466634891 ], [ -111.750434273750386, 40.432343937223699 ], [ -111.750728046296501, 40.432384011261142 ], [ -111.750947185380468, 40.432381236210254 ], [ -111.75115756721847, 40.432364914065296 ], [ -111.751863388213977, 40.432235549673827 ] ] } },
{ "type": "Feature", "properties": { "SEGID": "2889_000.0", "BMP": 0.0, "EMP": 1.289, "DISTANCE": 1.3274796396099999, "FULLNAME": null, "FNCLASS": null, "FC_CODE": -1, "FC_GROUP": null, "FC_NAME": null, "CO_FIPS": 49, "CO_NAME": null, "PLANAREA": "MAG", "X": -1.0, "Y": -1.0, "ONLRS": null, "T_MODEL": null, "RT_NUM": -1, "CCSGROUP": "COT", "SUTRUCKS": 0.1085, "CUTRUCKS": 0.0568, "F2050": -1, "F2040": -1, "FORNOTES": null, "ForecastSo": null, "AADT1981": 0, "AADT1982": 0, "AADT1983": 0, "AADT1984": 0, "AADT1985": 0, "AADT1986": 0, "AADT1987": 0, "AADT1988": 0, "AADT1989": 0, "AADT1990": 0, "AADT1991": 0, "AADT1992": 0, "AADT1993": 0, "AADT1994": 0, "AADT1995": -1, "AADT1996": 0, "AADT1997": 0, "AADT1998": 0, "AADT1999": 0, "AADT2000": 0, "AADT2001": 0, "AADT2002": 0, "AADT2003": 0, "AADT2004": 0, "AADT2005": 0, "AADT2006": 0, "AADT2007": 1000, "AADT2008": 950, "AADT2009": 945, "AADT2010": 940, "AADT2011": 7530, "AADT2012": 7375, "AADT2013": 7195, "AADT2014": 10410, "AADT2015": 10860, "AADT2016": 11435, "AADT2017": 11744, "AADT2018": 11861, "AADT2019": 12074, "AADT2020": 10782, "AADT2021": 11688, "AADT2022": 11805, "AADT2023": 11970, "FACGEO": "Statewide", "FAC_MON": 1.0368, "FAC_TUE": 1.0865, "FAC_WED": 1.095, "FAC_THU": 1.1073, "FAC_FRI": 1.1176, "FAC_SAT": 0.9344, "FAC_SUN": 0.6223, "FAC_WDAVG": 1.0963, "FAC_WEAVG": 0.7784, "FAC_WEMAX": 0.9344, "FAC_JAN": 0.8755, "FAC_FEB": 0.9287, "FAC_MAR": 0.9462, "FAC_APR": 0.996, "FAC_MAY": 1.0349, "FAC_JUN": 1.0099, "FAC_JUL": 1.013, "FAC_AUG": 1.051, "FAC_SEP": 1.0444, "FAC_OCT": 1.0346, "FAC_NOV": 1.0468, "FAC_DEC": 1.0191, "FAC_WIN": 0.9411, "FAC_SPR": 0.9924, "FAC_SUM": 1.0246, "FAC_FAL": 1.0419, "FAC_MAXMO": 8.0, "FAC_MAX": 1.051, "FACMANADJ": 0.0, "SUBAREAID": -1, "MIDPOINT_M": -1.0, "ROUTE_ID": null, "DIRECTION": "NB/SB", "MODEL_ROUTE": 2889, "MODEL_MP": 0.0 }, "geometry": { "type": "LineString", "coordinates": [ [ -111.976515900449726, 40.362161124179877 ], [ -111.976455100422129, 40.362273349449566 ], [ -111.976458778387894, 40.364241787914594 ], [ -111.976470665953286, 40.3658813275418 ], [ -111.976476654874872, 40.366785781483543 ], [ -111.976467763090994, 40.367148919610059 ], [ -111.976407813017858, 40.367646723120032 ], [ -111.976256306611901, 40.368248002343719 ], [ -111.976166414774383, 40.368466779279558 ], [ -111.976043382905161, 40.36875610615337 ], [ -111.97583976888609, 40.369174941813704 ], [ -111.97456368050787, 40.371512730873832 ], [ -111.974446904842139, 40.37177930052502 ], [ -111.974236383863143, 40.372259632818938 ], [ -111.97401465471556, 40.373057896659439 ], [ -111.973956848625747, 40.373706130713174 ], [ -111.974033907590851, 40.374394669931192 ], [ -111.974245754912076, 40.375036127390118 ], [ -111.97436237459587, 40.37544505396535 ], [ -111.97463646186921, 40.375966436645655 ], [ -111.974797222603186, 40.376274720469254 ], [ -111.974872125825527, 40.376535079474166 ], [ -111.974867823683113, 40.376702412775259 ], [ -111.974850513822233, 40.376849945876479 ], [ -111.974728005261696, 40.377193320566043 ], [ -111.974627824839459, 40.377345065778663 ], [ -111.974543041539789, 40.377437221760168 ], [ -111.97420233016922, 40.37772099364355 ], [ -111.974141671275447, 40.377778801960467 ], [ -111.974027283683128, 40.377909405130104 ], [ -111.973968058224088, 40.377993147177634 ], [ -111.973901180198268, 40.378109926571192 ], [ -111.973836229124586, 40.378262365303087 ], [ -111.973790946914107, 40.378414548238482 ], [ -111.973780093526287, 40.378732476888906 ], [ -111.973967748350603, 40.37960729078749 ], [ -111.974193305852964, 40.380716739277986 ] ] } },
{ "type": "Feature", "properties": { "SEGID": "0071_015.7", "BMP": 15.709, "EMP": 16.514, "DISTANCE": 0.81215779725399995, "FULLNAME": null, "FNCLASS": null, "FC_CODE": -1, "FC_GROUP": null, "FC_NAME": null, "CO_FIPS": 35, "CO_NAME": null, "PLANAREA": "WFRC", "X": -1.0, "Y": -1.0, "ONLRS": null, "T_MODEL": null, "RT_NUM": -1, "CCSGROUP": "COU", "SUTRUCKS": 0.0816, "CUTRUCKS": 0.0268, "F2050": -1, "F2040": -1, "FORNOTES": null, "ForecastSo": null, "AADT1981": 26360, "AADT1982": 26950, "AADT1983": 27275, "AADT1984": 39165, "AADT1985": 36965, "AADT1986": 36635, "AADT1987": 33990, "AADT1988": 31970, "AADT1989": 31940, "AADT1990": 30205, "AADT1991": 30350, "AADT1992": 30775, "AADT1993": 31405, "AADT1994": 32025, "AADT1995": -1, "AADT1996": 33265, "AADT1997": 38495, "AADT1998": 46040, "AADT1999": 43745, "AADT2000": 36830, "AADT2001": 30875, "AADT2002": 28465, "AADT2003": 28665, "AADT2004": 27610, "AADT2005": 27160, "AADT2006": 26915, "AADT2007": 27340, "AADT2008": 26440, "AADT2009": 25870, "AADT2010": 24985, "AADT2011": 25415, "AADT2012": 24315, "AADT2013": 24230, "AADT2014": 25325, "AADT2015": 25710, "AADT2016": 26993, "AADT2017": 27617, "AADT2018": 26982, "AADT2019": 26803, "AADT2020": 22139, "AADT2021": 25475, "AADT2022": 26978, "AADT2023": 27518, "FACGEO": "Statewide", "FAC_MON": 1.0194, "FAC_TUE": 1.0804, "FAC_WED": 1.0914, "FAC_THU": 1.1033, "FAC_FRI": 1.1269, "FAC_SAT": 0.916, "FAC_SUN": 0.6627, "FAC_WDAVG": 1.0917, "FAC_WEAVG": 0.7893, "FAC_WEMAX": 0.916, "FAC_JAN": 0.915, "FAC_FEB": 0.9768, "FAC_MAR": 0.9735, "FAC_APR": 1.0241, "FAC_MAY": 1.0436, "FAC_JUN": 0.9992, "FAC_JUL": 1.0033, "FAC_AUG": 1.0398, "FAC_SEP": 1.0413, "FAC_OCT": 1.0209, "FAC_NOV": 0.9986, "FAC_DEC": 0.9639, "FAC_WIN": 0.9519, "FAC_SPR": 1.0137, "FAC_SUM": 1.0141, "FAC_FAL": 1.0203, "FAC_MAXMO": 5.0, "FAC_MAX": 1.0436, "FACMANADJ": 0.0, "SUBAREAID": -1, "MIDPOINT_M": -1.0, "ROUTE_ID": null, "DIRECTION": "NB/SB", "MODEL_ROUTE": 71, "MODEL_MP": 15.7 }, "geometry": { "type": "LineString", "coordinates": [ [ -111.87141628714312, 40.674354243800522 ], [ -111.871446352049674, 40.673382980272649 ], [ -111.871449752750934, 40.673271608343029 ], [ -111.871467941390819, 40.672215212950093 ], [ -111.871468186416351, 40.671979636245098 ], [ -111.871468737966225, 40.6714132614444 ], [ -111.871472276675803, 40.670858214874386 ], [ -111.871484639307099, 40.670199412632137 ], [ -111.871483579862925, 40.669854571352516 ], [ -111.871468105310271, 40.669511190169992 ], [ -111.871374210262431, 40.668942194927858 ], [ -111.871293731551589, 40.668676598161362 ], [ -111.871153880371381, 40.668339740914234 ], [ -111.870920066064414, 40.667964495085315 ], [ -111.870677926006536, 40.667667506248179 ], [ -111.87045102176873, 40.667459316940217 ], [ -111.869814625940123, 40.667012422431988 ], [ -111.869461596718622, 40.666812298230461 ], [ -111.869085774044521, 40.666651531988819 ], [ -111.868677209954669, 40.666483804017624 ], [ -111.868181425460151, 40.666350242620091 ], [ -111.867961898552593, 40.666299463341204 ], [ -111.867529015760567, 40.666199298528348 ], [ -111.866468227273828, 40.666003671126774 ], [ -111.864848772748445, 40.665705018356121 ] ] } },
{ "type": "Feature", "properties": { "SEGID": "0173_007.7", "BMP": 7.743, "EMP": 8.777, "DISTANCE": 1.0318651189800001, "FULLNAME": null, "FNCLASS": null, "FC_CODE": -1, "FC_GROUP": null, "FC_NAME": null, "CO_FIPS": 35, "CO_NAME": null, "PLANAREA": "WFRC", "X": -1.0, "Y": -1.0, "ONLRS": null, "T_MODEL": null, "RT_NUM": -1, "CCSGROUP": "COT", "SUTRUCKS": 0.0637, "CUTRUCKS": 0.0131, "F2050": -1, "F2040": -1, "FORNOTES": null, "ForecastSo": null, "AADT1981": 19300, "AADT1982": 19775, "AADT1983": 21100, "AADT1984": 22000, "AADT1985": 22940, "AADT1986": 25090, "AADT1987": 24490, "AADT1988": 23960, "AADT1989": 23455, "AADT1990": 22540, "AADT1991": 22660, "AADT1992": 25415, "AADT1993": 24455, "AADT1994": 22445, "AADT1995": -1, "AADT1996": 29795, "AADT1997": 30535, "AADT1998": 29695, "AADT1999": 28640, "AADT2000": 26335, "AADT2001": 28335, "AADT2002": 27505, "AADT2003": 29195, "AADT2004": 28625, "AADT2005": 28110, "AADT2006": 29090, "AADT2007": 29780, "AADT2008": 28410, "AADT2009": 28805, "AADT2010": 28240, "AADT2011": 27405, "AADT2012": 26360, "AADT2013": 25870, "AADT2014": 27735, "AADT2015": 26290, "AADT2016": 28787, "AADT2017": 29744, "AADT2018": 28510, "AADT2019": 29328, "AADT2020": 27011, "AADT2021": 28379, "AADT2022": 28294, "AADT2023": 29171, "FACGEO": "Statewide", "FAC_MON": 1.0368, "FAC_TUE": 1.0865, "FAC_WED": 1.095, "FAC_THU": 1.1073, "FAC_FRI": 1.1176, "FAC_SAT": 0.9344, "FAC_SUN": 0.6223, "FAC_WDAVG": 1.0963, "FAC_WEAVG": 0.7784, "FAC_WEMAX": 0.9344, "FAC_JAN": 0.8755, "FAC_FEB": 0.9287, "FAC_MAR": 0.9462, "FAC_APR": 0.996, "FAC_MAY": 1.0349, "FAC_JUN": 1.0099, "FAC_JUL": 1.013, "FAC_AUG": 1.051, "FAC_SEP": 1.0444, "FAC_OCT": 1.0346, "FAC_NOV": 1.0468, "FAC_DEC": 1.0191, "FAC_WIN": 0.9411, "FAC_SPR": 0.9924, "FAC_SUM": 1.0246, "FAC_FAL": 1.0419, "FAC_MAXMO": 8.0, "FAC_MAX": 1.051, "FACMANADJ": 0.0, "SUBAREAID": -1, "MIDPOINT_M": -1.0, "ROUTE_ID": null, "DIRECTION": "EB/WB", "MODEL_ROUTE": 173, "MODEL_MP": 7.7 }, "geometry": { "type": "LineString", "coordinates": [ [ -111.92981416334986, 40.653007691709689 ], [ -111.929313968076642, 40.653018025361362 ], [ -111.925939642732573, 40.653039734001489 ], [ -111.924696459510983, 40.653037987329881 ], [ -111.923457357898457, 40.65304916701983 ], [ -111.923012412991397, 40.653060472775699 ], [ -111.922130868672454, 40.653036347877517 ], [ -111.922094187466371, 40.653035379665347 ], [ -111.918181439586675, 40.653040441076207 ], [ -111.915894097580349, 40.653059511675337 ], [ -111.914389742984966, 40.653075040413384 ], [ -111.913752205757646, 40.65311053748767 ], [ -111.913615573118648, 40.653118105076004 ], [ -111.912950653559847, 40.653192731637169 ], [ -111.912365244143388, 40.653286544969887 ], [ -111.911794246373233, 40.653396457016669 ], [ -111.910278927305257, 40.653737229778535 ] ] } },
{ "type": "Feature", "properties": { "SEGID": "0015_246.9", "BMP": 246.93, "EMP": 248.845, "DISTANCE": 1.9211543974800001, "FULLNAME": null, "FNCLASS": null, "FC_CODE": -1, "FC_GROUP": null, "FC_NAME": null, "CO_FIPS": 49, "CO_NAME": null, "PLANAREA": "MAG", "X": -1.0, "Y": -1.0, "ONLRS": null, "T_MODEL": null, "RT_NUM": -1, "CCSGROUP": "CO5", "SUTRUCKS": 0.107, "CUTRUCKS": 0.1131, "F2050": -1, "F2040": -1, "FORNOTES": null, "ForecastSo": null, "AADT1981": 8115, "AADT1982": 8225, "AADT1983": 10225, "AADT1984": 10820, "AADT1985": 10290, "AADT1986": 9580, "AADT1987": 10060, "AADT1988": 0, "AADT1989": 12000, "AADT1990": 13525, "AADT1991": 13685, "AADT1992": 14445, "AADT1993": 15500, "AADT1994": 16635, "AADT1995": -1, "AADT1996": 19050, "AADT1997": 20970, "AADT1998": 22430, "AADT1999": 23670, "AADT2000": 24875, "AADT2001": 25935, "AADT2002": 27535, "AADT2003": 27515, "AADT2004": 28770, "AADT2005": 29675, "AADT2006": 31025, "AADT2007": 32205, "AADT2008": 30730, "AADT2009": 31675, "AADT2010": 31320, "AADT2011": 30480, "AADT2012": 31125, "AADT2013": 31960, "AADT2014": 33710, "AADT2015": 36600, "AADT2016": 39133, "AADT2017": 41046, "AADT2018": 42748, "AADT2019": 44054, "AADT2020": 42776, "AADT2021": 49869, "AADT2022": 50168, "AADT2023": 52125, "FACGEO": "I15", "FAC_MON": 0.9087, "FAC_TUE": 0.9108, "FAC_WED": 0.9596, "FAC_THU": 1.0647, "FAC_FRI": 1.185, "FAC_SAT": 1.0268, "FAC_SUN": 0.9444, "FAC_WDAVG": 0.9784, "FAC_WEAVG": 0.9856, "FAC_WEMAX": 1.0624, "FAC_JAN": 0.8113, "FAC_FEB": 0.8918, "FAC_MAR": 1.001, "FAC_APR": 1.042, "FAC_MAY": 1.041, "FAC_JUN": 1.0368, "FAC_JUL": 1.0874, "FAC_AUG": 1.0171, "FAC_SEP": 1.0106, "FAC_OCT": 1.0699, "FAC_NOV": 1.0416, "FAC_DEC": 0.9495, "FAC_WIN": 0.8842, "FAC_SPR": 1.028, "FAC_SUM": 1.0471, "FAC_FAL": 1.0407, "FAC_MAXMO": 7.0, "FAC_MAX": 1.0874, "FACMANADJ": 1.0, "SUBAREAID": -1, "MIDPOINT_M": -1.0, "ROUTE_ID": null, "DIRECTION": "NB/SB", "MODEL_ROUTE": 15, "MODEL_MP": 246.9 }, "geometry": { "type": "LineString", "coordinates": [ [ -111.762479281835368, 40.00468197915319 ], [ -111.762369865086114, 40.005683310574597 ], [ -111.762291356571097, 40.006567042755044 ], [ -111.762257128655477, 40.007250199114452 ], [ -111.762228200769002, 40.008136037556547 ], [ -111.762248337500978, 40.009103721153764 ], [ -111.762286700526118, 40.011646530375089 ], [ -111.762456491644514, 40.018902133411387 ], [ -111.76248839114038, 40.020925756104418 ], [ -111.76246458954013, 40.021293054927945 ], [ -111.762441412612887, 40.021727020836124 ], [ -111.762378361968572, 40.02218989961559 ], [ -111.76230610646833, 40.022657613973458 ], [ -111.762226896559582, 40.023058612688985 ], [ -111.762096348745374, 40.023595814022904 ], [ -111.761950335826938, 40.024123026069724 ], [ -111.761803644973355, 40.024526269973443 ], [ -111.76163467779989, 40.025013089148928 ], [ -111.761214881022497, 40.025939693606396 ], [ -111.760847074434423, 40.026683960849759 ], [ -111.760550390806216, 40.027195402109413 ], [ -111.760199314931199, 40.027674404382928 ], [ -111.759904743365055, 40.028060145939683 ], [ -111.759753051147243, 40.028341880129155 ], [ -111.759271807308792, 40.028994627333702 ], [ -111.758789383771727, 40.029531156201223 ], [ -111.757754619559094, 40.030589799165014 ], [ -111.75743239913443, 40.030904719370582 ], [ -111.756906332803482, 40.031418641140554 ], [ -111.756881940147224, 40.031442469607903 ] ] } },
{ "type": "Feature", "properties": { "SEGID": "2932_001.3", "BMP": 1.285, "EMP": 2.221, "DISTANCE": 0.93450494525899996, "FULLNAME": null, "FNCLASS": null, "FC_CODE": -1, "FC_GROUP": null, "FC_NAME": null, "CO_FIPS": 49, "CO_NAME": null, "PLANAREA": "MAG", "X": -1.0, "Y": -1.0, "ONLRS": null, "T_MODEL": null, "RT_NUM": -1, "CCSGROUP": "COT", "SUTRUCKS": 0.1085, "CUTRUCKS": 0.0568, "F2050": -1, "F2040": -1, "FORNOTES": null, "ForecastSo": null, "AADT1981": 0, "AADT1982": 0, "AADT1983": 0, "AADT1984": 0, "AADT1985": 0, "AADT1986": 0, "AADT1987": 0, "AADT1988": 0, "AADT1989": 0, "AADT1990": 0, "AADT1991": 0, "AADT1992": 0, "AADT1993": 0, "AADT1994": 0, "AADT1995": -1, "AADT1996": 0, "AADT1997": 0, "AADT1998": 0, "AADT1999": 0, "AADT2000": 0, "AADT2001": 0, "AADT2002": 0, "AADT2003": 0, "AADT2004": 0, "AADT2005": 0, "AADT2006": 0, "AADT2007": 2000, "AADT2008": 1900, "AADT2009": 1890, "AADT2010": 1885, "AADT2011": 1875, "AADT2012": 1840, "AADT2013": 1795, "AADT2014": 1815, "AADT2015": 1890, "AADT2016": 1991, "AADT2017": 2045, "AADT2018": 2065, "AADT2019": 2102, "AADT2020": 1877, "AADT2021": 2035, "AADT2022": 2055, "AADT2023": 2084, "FACGEO": "Statewide", "FAC_MON": 1.0368, "FAC_TUE": 1.0865, "FAC_WED": 1.095, "FAC_THU": 1.1073, "FAC_FRI": 1.1176, "FAC_SAT": 0.9344, "FAC_SUN": 0.6223, "FAC_WDAVG": 1.0963, "FAC_WEAVG": 0.7784, "FAC_WEMAX": 0.9344, "FAC_JAN": 0.8755, "FAC_FEB": 0.9287, "FAC_MAR": 0.9462, "FAC_APR": 0.996, "FAC_MAY": 1.0349, "FAC_JUN": 1.0099, "FAC_JUL": 1.013, "FAC_AUG": 1.051, "FAC_SEP": 1.0444, "FAC_OCT": 1.0346, "FAC_NOV": 1.0468, "FAC_DEC": 1.0191, "FAC_WIN": 0.9411, "FAC_SPR": 0.9924, "FAC_SUM": 1.0246, "FAC_FAL": 1.0419, "FAC_MAXMO": 8.0, "FAC_MAX": 1.051, "FACMANADJ": 0.0, "SUBAREAID": -1, "MIDPOINT_M": -1.0, "ROUTE_ID": null, "DIRECTION": "NB/SB", "MODEL_ROUTE": 2932, "MODEL_MP": 1.3 }, "geometry": { "type": "LineString", "coordinates": [ [ -111.830259690635174, 40.406189798890814 ], [ -111.830275966903145, 40.407427790611145 ], [ -111.83034012702673, 40.411381744060499 ], [ -111.83034133426041, 40.413004257104944 ], [ -111.830358210938172, 40.414118099017202 ], [ -111.830372888238188, 40.415752766774673 ], [ -111.830392072759537, 40.417159564165182 ], [ -111.83039664615805, 40.417493134454347 ], [ -111.830396327221166, 40.417658902277175 ], [ -111.830396409413353, 40.418048991206952 ], [ -111.830394734972131, 40.418679632891646 ], [ -111.830398725232826, 40.41895618035101 ], [ -111.830409171609389, 40.419201780564158 ], [ -111.830405045019063, 40.419355053194231 ], [ -111.830417864039845, 40.419582708446789 ], [ -111.830414342289842, 40.419737237980684 ] ] } },
{ "type": "Feature", "properties": { "SEGID": "0080_104.3", "BMP": 104.277, "EMP": 111.287, "DISTANCE": 7.0291852951799996, "FULLNAME": null, "FNCLASS": null, "FC_CODE": -1, "FC_GROUP": null, "FC_NAME": null, "CO_FIPS": 35, "CO_NAME": null, "PLANAREA": "WFRC", "X": -1.0, "Y": -1.0, "ONLRS": null, "T_MODEL": null, "RT_NUM": -1, "CCSGROUP": "COB", "SUTRUCKS": 0.0746, "CUTRUCKS": 0.1119, "F2050": -1, "F2040": -1, "FORNOTES": null, "ForecastSo": null, "AADT1981": 11135, "AADT1982": 11135, "AADT1983": 11175, "AADT1984": 11385, "AADT1985": 11690, "AADT1986": 11890, "AADT1987": 12090, "AADT1988": 10925, "AADT1989": 13815, "AADT1990": 12850, "AADT1991": 13475, "AADT1992": 14240, "AADT1993": 15075, "AADT1994": 15500, "AADT1995": -1, "AADT1996": 17015, "AADT1997": 17865, "AADT1998": 19222, "AADT1999": 19938, "AADT2000": 20815, "AADT2001": 21565, "AADT2002": 22815, "AADT2003": 22790, "AADT2004": 20115, "AADT2005": 20515, "AADT2006": 21235, "AADT2007": 21385, "AADT2008": 21205, "AADT2009": 21460, "AADT2010": 21845, "AADT2011": 21515, "AADT2012": 21755, "AADT2013": 21820, "AADT2014": 22650, "AADT2015": 24075, "AADT2016": 25929, "AADT2017": 27303, "AADT2018": 28231, "AADT2019": 29473, "AADT2020": 25347, "AADT2021": 28642, "AADT2022": 29415, "AADT2023": 30650, "FACGEO": "I80SR36SR154", "FAC_MON": 1.0102, "FAC_TUE": 1.0571, "FAC_WED": 1.0761, "FAC_THU": 1.1036, "FAC_FRI": 1.1325, "FAC_SAT": 0.9307, "FAC_SUN": 0.6899, "FAC_WDAVG": 1.0789, "FAC_WEAVG": 0.8103, "FAC_WEMAX": 0.9307, "FAC_JAN": 0.8926, "FAC_FEB": 0.9352, "FAC_MAR": 0.9313, "FAC_APR": 0.9677, "FAC_MAY": 1.0331, "FAC_JUN": 1.0237, "FAC_JUL": 1.0444, "FAC_AUG": 1.0575, "FAC_SEP": 1.0691, "FAC_OCT": 1.046, "FAC_NOV": 1.0164, "FAC_DEC": 0.9831, "FAC_WIN": 0.937, "FAC_SPR": 0.9773, "FAC_SUM": 1.0418, "FAC_FAL": 1.0438, "FAC_MAXMO": 9.0, "FAC_MAX": 1.0691, "FACMANADJ": 1.0, "SUBAREAID": -1, "MIDPOINT_M": -1.0, "ROUTE_ID": null, "DIRECTION": "EB/WB", "MODEL_ROUTE": 80, "MODEL_MP": 104.3 }, "geometry": { "type": "LineString", "coordinates": [ [ -112.182956911149802, 40.745160599723576 ], [ -112.182950959336353, 40.745165615342188 ], [ -112.180610635848609, 40.747149714536818 ], [ -112.178387083168971, 40.749012852460091 ], [ -112.177277244147618, 40.749888984086361 ], [ -112.175462778881183, 40.751402417720378 ], [ -112.173772347348134, 40.752792948208544 ], [ -112.171093564101469, 40.754995682191442 ], [ -112.169223003491737, 40.756609308856312 ], [ -112.167307723668728, 40.758211286322648 ], [ -112.165285331464133, 40.759790531681446 ], [ -112.163304711738036, 40.761250140056077 ], [ -112.158634668017569, 40.765074145134761 ], [ -112.15716059477667, 40.766293352401121 ], [ -112.155541356046854, 40.767644345282157 ], [ -112.154797546470604, 40.76823517182838 ], [ -112.154397095789179, 40.768551948406753 ], [ -112.15385761410333, 40.768900562235714 ], [ -112.153224429659545, 40.769264433402192 ], [ -112.152576106324489, 40.76959602234011 ], [ -112.15178856295266, 40.769893955124147 ], [ -112.150827495880691, 40.770216584720366 ], [ -112.149825628987188, 40.770434395642077 ], [ -112.149077739511185, 40.770552468830878 ], [ -112.14854670227453, 40.770595861618105 ], [ -112.147840144828976, 40.770637214777913 ], [ -112.146521314873908, 40.770656093084064 ], [ -112.145329964397789, 40.770660268501921 ], [ -112.140096030042727, 40.770675892711459 ], [ -112.137038773584678, 40.770685072974764 ], [ -112.134387869443032, 40.77069017767613 ], [ -112.12878266242906, 40.770710830083402 ], [ -112.120697297726778, 40.770730194080294 ], [ -112.119235691829573, 40.770764200219219 ], [ -112.108302178876428, 40.770742726584636 ], [ -112.100137648799375, 40.770783930871062 ], [ -112.069319057871198, 40.770843058802427 ], [ -112.063064320180374, 40.770861941768125 ] ] } },
{ "type": "Feature", "properties": { "SEGID": "0266_001.7", "BMP": 1.698, "EMP": 2.179, "DISTANCE": 0.48017638859700001, "FULLNAME": null, "FNCLASS": null, "FC_CODE": -1, "FC_GROUP": null, "FC_NAME": null, "CO_FIPS": 35, "CO_NAME": null, "PLANAREA": "WFRC", "X": -1.0, "Y": -1.0, "ONLRS": null, "T_MODEL": null, "RT_NUM": -1, "CCSGROUP": "COU", "SUTRUCKS": 0.1576, "CUTRUCKS": 0.0229, "F2050": -1, "F2040": -1, "FORNOTES": null, "ForecastSo": null, "AADT1981": 21750, "AADT1982": 23000, "AADT1983": 23650, "AADT1984": 24700, "AADT1985": 25175, "AADT1986": 25500, "AADT1987": 25825, "AADT1988": 26340, "AADT1989": 26845, "AADT1990": 30790, "AADT1991": 31155, "AADT1992": 32135, "AADT1993": 32895, "AADT1994": 34525, "AADT1995": -1, "AADT1996": 35550, "AADT1997": 30396, "AADT1998": 29917, "AADT1999": 28475, "AADT2000": 18490, "AADT2001": 24712, "AADT2002": 23955, "AADT2003": 28055, "AADT2004": 27685, "AADT2005": 24205, "AADT2006": 24570, "AADT2007": 24915, "AADT2008": 26120, "AADT2009": 26300, "AADT2010": 26325, "AADT2011": 28840, "AADT2012": 28755, "AADT2013": 29500, "AADT2014": 30800, "AADT2015": 25075, "AADT2016": 24600, "AADT2017": 25818, "AADT2018": 25394, "AADT2019": 25115, "AADT2020": 21850, "AADT2021": 24210, "AADT2022": 24767, "AADT2023": 25262, "FACGEO": "Statewide", "FAC_MON": 1.0194, "FAC_TUE": 1.0804, "FAC_WED": 1.0914, "FAC_THU": 1.1033, "FAC_FRI": 1.1269, "FAC_SAT": 0.916, "FAC_SUN": 0.6627, "FAC_WDAVG": 1.0917, "FAC_WEAVG": 0.7893, "FAC_WEMAX": 0.916, "FAC_JAN": 0.915, "FAC_FEB": 0.9768, "FAC_MAR": 0.9735, "FAC_APR": 1.0241, "FAC_MAY": 1.0436, "FAC_JUN": 0.9992, "FAC_JUL": 1.0033, "FAC_AUG": 1.0398, "FAC_SEP": 1.0413, "FAC_OCT": 1.0209, "FAC_NOV": 0.9986, "FAC_DEC": 0.9639, "FAC_WIN": 0.9519, "FAC_SPR": 1.0137, "FAC_SUM": 1.0141, "FAC_FAL": 1.0203, "FAC_MAXMO": 5.0, "FAC_MAX": 1.0436, "FACMANADJ": 0.0, "SUBAREAID": -1, "MIDPOINT_M": -1.0, "ROUTE_ID": null, "DIRECTION": "EB/WB", "MODEL_ROUTE": 266, "MODEL_MP": 1.7 }, "geometry": { "type": "LineString", "coordinates": [ [ -111.922546429913481, 40.672035400644923 ], [ -111.921315874722637, 40.672374942804026 ], [ -111.918171378673264, 40.673179239714791 ], [ -111.913978566869972, 40.674335884039117 ], [ -111.913923349886545, 40.674347401782029 ] ] } },
{ "type": "Feature", "properties": { "SEGID": "0190_001.8", "BMP": 1.83, "EMP": 4.673, "DISTANCE": 2.82491938, "FULLNAME": null, "FNCLASS": null, "FC_CODE": -1, "FC_GROUP": null, "FC_NAME": null, "CO_FIPS": 35, "CO_NAME": null, "PLANAREA": "WFRC", "X": -1.0, "Y": -1.0, "ONLRS": null, "T_MODEL": null, "RT_NUM": -1, "CCSGROUP": "CO2", "SUTRUCKS": 0.1229, "CUTRUCKS": 0.0159, "F2050": -1, "F2040": -1, "FORNOTES": null, "ForecastSo": null, "AADT1981": 0, "AADT1982": 0, "AADT1983": 0, "AADT1984": 0, "AADT1985": 0, "AADT1986": 0, "AADT1987": 3725, "AADT1988": 4280, "AADT1989": 3725, "AADT1990": 3900, "AADT1991": 4100, "AADT1992": 4320, "AADT1993": 4385, "AADT1994": 4575, "AADT1995": -1, "AADT1996": 4820, "AADT1997": 4820, "AADT1998": 4723, "AADT1999": 4864, "AADT2000": 4971, "AADT2001": 4772, "AADT2002": 4533, "AADT2003": 4533, "AADT2004": 4555, "AADT2005": 4145, "AADT2006": 4570, "AADT2007": 4255, "AADT2008": 4040, "AADT2009": 4035, "AADT2010": 4080, "AADT2011": 3840, "AADT2012": 4045, "AADT2013": 4170, "AADT2014": 4500, "AADT2015": 5160, "AADT2016": 5631, "AADT2017": 5715, "AADT2018": 6205, "AADT2019": 6613, "AADT2020": 7883, "AADT2021": 8034, "AADT2022": 8379, "AADT2023": 8429, "FACGEO": "BigCottonwood", "FAC_MON": 0.8242, "FAC_TUE": 0.803, "FAC_WED": 0.8536, "FAC_THU": 0.925, "FAC_FRI": 1.1087, "FAC_SAT": 1.282, "FAC_SUN": 1.2035, "FAC_WDAVG": 0.8606, "FAC_WEAVG": 1.2427, "FAC_WEMAX": 1.282, "FAC_JAN": 1.3333, "FAC_FEB": 1.2418, "FAC_MAR": 1.227, "FAC_APR": 0.9324, "FAC_MAY": 0.6797, "FAC_JUN": 0.7963, "FAC_JUL": 1.1386, "FAC_AUG": 0.9899, "FAC_SEP": 1.0029, "FAC_OCT": 0.9094, "FAC_NOV": 0.6251, "FAC_DEC": 1.1237, "FAC_WIN": 1.2329, "FAC_SPR": 0.9464, "FAC_SUM": 0.9749, "FAC_FAL": 0.8458, "FAC_MAXMO": 1.0, "FAC_MAX": 1.3333, "FACMANADJ": 0.0, "SUBAREAID": -1, "MIDPOINT_M": -1.0, "ROUTE_ID": null, "DIRECTION": "EB/WB", "MODEL_ROUTE": 190, "MODEL_MP": 1.8 }, "geometry": { "type": "LineString", "coordinates": [ [ -111.789472293750109, 40.619335101197116 ], [ -111.789025862561004, 40.619353918093111 ], [ -111.788381432910825, 40.619365076696276 ], [ -111.788091985687402, 40.61938236752713 ], [ -111.787496421294364, 40.619306253640524 ], [ -111.786575867171493, 40.61916028149453 ], [ -111.786212391604721, 40.61909519181782 ], [ -111.785645773157086, 40.618966620769633 ], [ -111.785315891471868, 40.618882741736236 ], [ -111.785051450684733, 40.618794092643462 ], [ -111.784386204938642, 40.618622223463518 ], [ -111.783972782740406, 40.618551880625887 ], [ -111.783681734388949, 40.618533136441371 ], [ -111.783407362435682, 40.618525088822437 ], [ -111.782896699580306, 40.618530354318601 ], [ -111.781212920454649, 40.618546894121685 ], [ -111.780926157520355, 40.618550906025988 ], [ -111.780270101367975, 40.618558044066305 ], [ -111.779179027817676, 40.61856901576521 ], [ -111.778327823360598, 40.61867115012673 ], [ -111.777460661617326, 40.618824735307683 ], [ -111.777186653792299, 40.618929729751009 ], [ -111.777166409615205, 40.618937523419405 ], [ -111.776931159705001, 40.619040905062505 ], [ -111.776047966455295, 40.619648626407525 ], [ -111.775775612781999, 40.619815316028891 ], [ -111.775464699044676, 40.619919203042137 ], [ -111.774601347886147, 40.619995266286772 ], [ -111.774292140335007, 40.620042383840421 ], [ -111.774049175389678, 40.620092659973146 ], [ -111.773508184212986, 40.620349790585529 ], [ -111.772202717192584, 40.621139223618016 ], [ -111.771506542252652, 40.621463686702221 ], [ -111.771330247782529, 40.621523961698152 ], [ -111.770817537988023, 40.621692605428819 ], [ -111.770137329749261, 40.62207010502037 ], [ -111.769845257353623, 40.622272046115832 ], [ -111.76948523186563, 40.622507591406553 ], [ -111.769206590630816, 40.622757277588505 ], [ -111.769035054102034, 40.622964809703191 ], [ -111.768718327540654, 40.623275376945593 ], [ -111.768396087462207, 40.623538414045925 ], [ -111.768117859927756, 40.623711430752088 ], [ -111.767723637567286, 40.623873506826605 ], [ -111.767315886357466, 40.6240933271689 ], [ -111.767072003894341, 40.624375118398547 ], [ -111.766841440736016, 40.624581147537356 ], [ -111.76662145207348, 40.624678100696521 ], [ -111.766345330413031, 40.62472587816805 ], [ -111.766119368628424, 40.624703774967081 ], [ -111.765886409091536, 40.624607305856919 ], [ -111.76529041952729, 40.624288746245902 ], [ -111.764435740821085, 40.6239908148642 ], [ -111.763639717512547, 40.623755550126425 ], [ -111.763170495556864, 40.623665862963058 ], [ -111.76299394267771, 40.623631895887399 ], [ -111.762444474027845, 40.623555348233914 ], [ -111.761806697518068, 40.623510911135746 ], [ -111.761410987289409, 40.623543250146525 ], [ -111.760918912404762, 40.623523071565053 ], [ -111.760578139710518, 40.623395591544664 ], [ -111.760212896226278, 40.623195301115537 ], [ -111.759881727280316, 40.623080367981686 ], [ -111.759574062858064, 40.623057168077921 ], [ -111.758801877325212, 40.623254131022939 ], [ -111.758520618999299, 40.623265888724532 ], [ -111.758216297040903, 40.623224645831044 ], [ -111.75678266550122, 40.623061084483396 ], [ -111.755910481132872, 40.622988422280727 ], [ -111.755670489479925, 40.622989993276491 ], [ -111.755283901900697, 40.622992522846744 ], [ -111.754676785793009, 40.623045139822061 ], [ -111.754522299463133, 40.623080382595717 ], [ -111.754330762238652, 40.623185234292457 ], [ -111.754100584787679, 40.62338664114381 ], [ -111.753897805462884, 40.623585346196556 ], [ -111.753788759083378, 40.62366623568213 ], [ -111.753607413575935, 40.623731381320759 ], [ -111.753263533976664, 40.623747138427561 ], [ -111.752894708638195, 40.623741976807537 ], [ -111.752682974172941, 40.62378587843294 ], [ -111.752371672177333, 40.623923218232378 ], [ -111.751909102198354, 40.624109108394563 ], [ -111.751630146292172, 40.624231731517057 ], [ -111.751287126829396, 40.624324501592753 ], [ -111.750955078887216, 40.624288554945743 ], [ -111.750754123008491, 40.624218332689942 ], [ -111.75060253603931, 40.624090583842865 ], [ -111.750526075567009, 40.623967121074202 ], [ -111.750492824775733, 40.623795721320782 ], [ -111.750623914065841, 40.622842738663962 ], [ -111.750616990293963, 40.622435589973243 ], [ -111.750562572263206, 40.62222153642827 ], [ -111.750416272212448, 40.621984747508158 ], [ -111.750220884566005, 40.621862057389812 ], [ -111.750013404984131, 40.621768093189907 ], [ -111.749781429138594, 40.621724826329135 ], [ -111.749437216330719, 40.621709854109078 ], [ -111.749101804522539, 40.621741849248089 ], [ -111.748560163460894, 40.621802206575182 ], [ -111.74815953374501, 40.621848855487926 ], [ -111.747832212978636, 40.621949170645571 ], [ -111.747528924674455, 40.622137254335755 ], [ -111.746723605718955, 40.622641457212637 ], [ -111.746221053581067, 40.622911003342381 ], [ -111.745954468014816, 40.623019478959442 ], [ -111.745663198014512, 40.623087844419359 ], [ -111.745155231153419, 40.623158148185951 ], [ -111.744460737705012, 40.623157852950996 ], [ -111.744147851957521, 40.623217615492962 ], [ -111.743860006523576, 40.623371086659375 ], [ -111.743620141094993, 40.623501366020221 ], [ -111.743506754658625, 40.623607768303856 ], [ -111.743423340086835, 40.623698212279955 ] ] } },
{ "type": "Feature", "properties": { "SEGID": "0171_008.8", "BMP": 8.76, "EMP": 9.222, "DISTANCE": 0.46249164640899998, "FULLNAME": null, "FNCLASS": null, "FC_CODE": -1, "FC_GROUP": null, "FC_NAME": null, "CO_FIPS": 35, "CO_NAME": null, "PLANAREA": "WFRC", "X": -1.0, "Y": -1.0, "ONLRS": null, "T_MODEL": null, "RT_NUM": -1, "CCSGROUP": "COU", "SUTRUCKS": 0.0998, "CUTRUCKS": 0.0213, "F2050": -1, "F2040": -1, "FORNOTES": null, "ForecastSo": null, "AADT1981": 30800, "AADT1982": 30300, "AADT1983": 31800, "AADT1984": 33625, "AADT1985": 34050, "AADT1986": 37050, "AADT1987": 40610, "AADT1988": 40500, "AADT1989": 40095, "AADT1990": 40695, "AADT1991": 39345, "AADT1992": 39340, "AADT1993": 40010, "AADT1994": 41625, "AADT1995": -1, "AADT1996": 39500, "AADT1997": 33960, "AADT1998": 37655, "AADT1999": 42190, "AADT2000": 48825, "AADT2001": 26875, "AADT2002": 29650, "AADT2003": 32055, "AADT2004": 33565, "AADT2005": 35395, "AADT2006": 35835, "AADT2007": 34250, "AADT2008": 27460, "AADT2009": 27195, "AADT2010": 28915, "AADT2011": 29190, "AADT2012": 28920, "AADT2013": 27955, "AADT2014": 29045, "AADT2015": 30440, "AADT2016": 32011, "AADT2017": 32877, "AADT2018": 31882, "AADT2019": 31535, "AADT2020": 27719, "AADT2021": 30041, "AADT2022": 29230, "AADT2023": 28850, "FACGEO": "Statewide", "FAC_MON": 1.0194, "FAC_TUE": 1.0804, "FAC_WED": 1.0914, "FAC_THU": 1.1033, "FAC_FRI": 1.1269, "FAC_SAT": 0.916, "FAC_SUN": 0.6627, "FAC_WDAVG": 1.0917, "FAC_WEAVG": 0.7893, "FAC_WEMAX": 0.916, "FAC_JAN": 0.915, "FAC_FEB": 0.9768, "FAC_MAR": 0.9735, "FAC_APR": 1.0241, "FAC_MAY": 1.0436, "FAC_JUN": 0.9992, "FAC_JUL": 1.0033, "FAC_AUG": 1.0398, "FAC_SEP": 1.0413, "FAC_OCT": 1.0209, "FAC_NOV": 0.9986, "FAC_DEC": 0.9639, "FAC_WIN": 0.9519, "FAC_SPR": 1.0137, "FAC_SUM": 1.0141, "FAC_FAL": 1.0203, "FAC_MAXMO": 5.0, "FAC_MAX": 1.0436, "FACMANADJ": 0.0, "SUBAREAID": -1, "MIDPOINT_M": -1.0, "ROUTE_ID": null, "DIRECTION": "EB/WB", "MODEL_ROUTE": 171, "MODEL_MP": 8.8 }, "geometry": { "type": "LineString", "coordinates": [ [ -111.925749582708917, 40.699419201108952 ], [ -111.925074015268834, 40.699440833067854 ], [ -111.922604636624826, 40.699420960920797 ], [ -111.921213958077118, 40.699429366387669 ], [ -111.919825410449548, 40.699420621888081 ], [ -111.916940836883924, 40.699420152049633 ] ] } },
{ "type": "Feature", "properties": { "SEGID": "0015_267.0", "BMP": 266.531, "EMP": 267.881, "DISTANCE": 0.89185184200900003, "FULLNAME": null, "FNCLASS": null, "FC_CODE": -1, "FC_GROUP": null, "FC_NAME": null, "CO_FIPS": 49, "CO_NAME": null, "PLANAREA": "MAG", "X": -1.0, "Y": -1.0, "ONLRS": null, "T_MODEL": null, "RT_NUM": -1, "CCSGROUP": "CO6", "SUTRUCKS": 0.0832, "CUTRUCKS": 0.065, "F2050": -1, "F2040": -1, "FORNOTES": null, "ForecastSo": null, "AADT1981": 30490, "AADT1982": 32180, "AADT1983": 33995, "AADT1984": 36870, "AADT1985": 37680, "AADT1986": 34160, "AADT1987": 37845, "AADT1988": 41980, "AADT1989": 45120, "AADT1990": 49170, "AADT1991": 51575, "AADT1992": 55495, "AADT1993": 59180, "AADT1994": 64745, "AADT1995": -1, "AADT1996": 75340, "AADT1997": 78720, "AADT1998": 81185, "AADT1999": 89854, "AADT2000": 89565, "AADT2001": 87888, "AADT2002": 95897, "AADT2003": 97395, "AADT2004": 98390, "AADT2005": 99830, "AADT2006": 102145, "AADT2007": 104910, "AADT2008": 98980, "AADT2009": 102660, "AADT2010": 110110, "AADT2011": 104600, "AADT2012": 96855, "AADT2013": 111140, "AADT2014": 116075, "AADT2015": 125315, "AADT2016": 143239, "AADT2017": 146233, "AADT2018": 148648, "AADT2019": 156715, "AADT2020": 139790, "AADT2021": 172575, "AADT2022": 179133, "AADT2023": 184865, "FACGEO": "I15", "FAC_MON": 0.9821, "FAC_TUE": 1.0289, "FAC_WED": 1.0519, "FAC_THU": 1.0833, "FAC_FRI": 1.1293, "FAC_SAT": 1.0039, "FAC_SUN": 0.7206, "FAC_WDAVG": 1.0547, "FAC_WEAVG": 0.8622, "FAC_WEMAX": 1.0039, "FAC_JAN": 0.8976, "FAC_FEB": 0.9442, "FAC_MAR": 0.9656, "FAC_APR": 0.9912, "FAC_MAY": 1.0346, "FAC_JUN": 1.0017, "FAC_JUL": 1.049, "FAC_AUG": 1.0329, "FAC_SEP": 1.0248, "FAC_OCT": 1.0301, "FAC_NOV": 1.0196, "FAC_DEC": 1.0086, "FAC_WIN": 0.9501, "FAC_SPR": 0.9971, "FAC_SUM": 1.0279, "FAC_FAL": 1.0248, "FAC_MAXMO": 7.0, "FAC_MAX": 1.049, "FACMANADJ": 0.0, "SUBAREAID": -1, "MIDPOINT_M": -1.0, "ROUTE_ID": null, "DIRECTION": "NB/SB", "MODEL_ROUTE": 15, "MODEL_MP": 267.0 }, "geometry": { "type": "LineString", "coordinates": [ [ -111.695557412294221, 40.251549644977011 ], [ -111.695742892184057, 40.251864756992141 ], [ -111.695904184851273, 40.252114246165689 ], [ -111.696138911525566, 40.252415547480311 ], [ -111.696441056320381, 40.252755182713635 ], [ -111.696655747006545, 40.252994168998548 ], [ -111.696919694688276, 40.253254841028713 ], [ -111.704976151698347, 40.260328223709912 ], [ -111.7054598210199, 40.260752808208842 ], [ -111.706282432987265, 40.26149435083326 ] ] } },
{ "type": "Feature", "properties": { "SEGID": "0089_326.5", "BMP": 326.512, "EMP": 326.812, "DISTANCE": 0.28531082719700002, "FULLNAME": null, "FNCLASS": null, "FC_CODE": -1, "FC_GROUP": null, "FC_NAME": null, "CO_FIPS": 49, "CO_NAME": null, "PLANAREA": "MAG", "X": -1.0, "Y": -1.0, "ONLRS": null, "T_MODEL": null, "RT_NUM": -1, "CCSGROUP": "COT", "SUTRUCKS": 0.1085, "CUTRUCKS": 0.0568, "F2050": -1, "F2040": -1, "FORNOTES": null, "ForecastSo": null, "AADT1981": 5545, "AADT1982": 5545, "AADT1983": 5225, "AADT1984": 6175, "AADT1985": 6425, "AADT1986": 6500, "AADT1987": 6575, "AADT1988": 6605, "AADT1989": 6735, "AADT1990": 6795, "AADT1991": 6875, "AADT1992": 7560, "AADT1993": 7740, "AADT1994": 8045, "AADT1995": -1, "AADT1996": 8290, "AADT1997": 8480, "AADT1998": 8585, "AADT1999": 9290, "AADT2000": 9220, "AADT2001": 9285, "AADT2002": 9910, "AADT2003": 7535, "AADT2004": 8760, "AADT2005": 8750, "AADT2006": 8880, "AADT2007": 9005, "AADT2008": 8660, "AADT2009": 8725, "AADT2010": 8730, "AADT2011": 8480, "AADT2012": 8455, "AADT2013": 11460, "AADT2014": 11965, "AADT2015": 12550, "AADT2016": 13102, "AADT2017": 13456, "AADT2018": 13631, "AADT2019": 13767, "AADT2020": 11977, "AADT2021": 13271, "AADT2022": 13576, "AADT2023": 13848, "FACGEO": "Statewide", "FAC_MON": 1.0368, "FAC_TUE": 1.0865, "FAC_WED": 1.095, "FAC_THU": 1.1073, "FAC_FRI": 1.1176, "FAC_SAT": 0.9344, "FAC_SUN": 0.6223, "FAC_WDAVG": 1.0963, "FAC_WEAVG": 0.7784, "FAC_WEMAX": 0.9344, "FAC_JAN": 0.8755, "FAC_FEB": 0.9287, "FAC_MAR": 0.9462, "FAC_APR": 0.996, "FAC_MAY": 1.0349, "FAC_JUN": 1.0099, "FAC_JUL": 1.013, "FAC_AUG": 1.051, "FAC_SEP": 1.0444, "FAC_OCT": 1.0346, "FAC_NOV": 1.0468, "FAC_DEC": 1.0191, "FAC_WIN": 0.9411, "FAC_SPR": 0.9924, "FAC_SUM": 1.0246, "FAC_FAL": 1.0419, "FAC_MAXMO": 8.0, "FAC_MAX": 1.051, "FACMANADJ": 0.0, "SUBAREAID": -1, "MIDPOINT_M": -1.0, "ROUTE_ID": null, "DIRECTION": "NB/SB", "MODEL_ROUTE": 89, "MODEL_MP": 326.5 }, "geometry": { "type": "LineString", "coordinates": [ [ -111.600048246092172, 40.141203340596171 ], [ -111.602078422404119, 40.143649691555183 ], [ -111.60228270590531, 40.143917112028873 ], [ -111.602526613889808, 40.144284331243767 ], [ -111.602675567360848, 40.144534019845402 ], [ -111.602790239086616, 40.144756858221903 ] ] } },
{ "type": "Feature", "properties": { "SEGID": "0189_004.0", "BMP": 3.955, "EMP": 5.307, "DISTANCE": 1.35551324736, "FULLNAME": null, "FNCLASS": null, "FC_CODE": -1, "FC_GROUP": null, "FC_NAME": null, "CO_FIPS": 49, "CO_NAME": null, "PLANAREA": "MAG", "X": -1.0, "Y": -1.0, "ONLRS": null, "T_MODEL": null, "RT_NUM": -1, "CCSGROUP": "COT", "SUTRUCKS": 0.0456, "CUTRUCKS": 0.0164, "F2050": -1, "F2040": -1, "FORNOTES": null, "ForecastSo": null, "AADT1981": 14500, "AADT1982": 14575, "AADT1983": 14750, "AADT1984": 15000, "AADT1985": 15165, "AADT1986": 15275, "AADT1987": 15580, "AADT1988": 18685, "AADT1989": 19045, "AADT1990": 19425, "AADT1991": 22500, "AADT1992": 24750, "AADT1993": 25335, "AADT1994": 32800, "AADT1995": -1, "AADT1996": 34805, "AADT1997": 35635, "AADT1998": 36060, "AADT1999": 39015, "AADT2000": 38710, "AADT2001": 38942, "AADT2002": 38070, "AADT2003": 36335, "AADT2004": 36160, "AADT2005": 35990, "AADT2006": 26235, "AADT2007": 26025, "AADT2008": 28290, "AADT2009": 28485, "AADT2010": 28800, "AADT2011": 27965, "AADT2012": 27040, "AADT2013": 30790, "AADT2014": 32480, "AADT2015": 34075, "AADT2016": 35368, "AADT2017": 35545, "AADT2018": 35047, "AADT2019": 33154, "AADT2020": 27650, "AADT2021": 31438, "AADT2022": 31878, "AADT2023": 32994, "FACGEO": "Statewide", "FAC_MON": 1.0368, "FAC_TUE": 1.0865, "FAC_WED": 1.095, "FAC_THU": 1.1073, "FAC_FRI": 1.1176, "FAC_SAT": 0.9344, "FAC_SUN": 0.6223, "FAC_WDAVG": 1.0963, "FAC_WEAVG": 0.7784, "FAC_WEMAX": 0.9344, "FAC_JAN": 0.8755, "FAC_FEB": 0.9287, "FAC_MAR": 0.9462, "FAC_APR": 0.996, "FAC_MAY": 1.0349, "FAC_JUN": 1.0099, "FAC_JUL": 1.013, "FAC_AUG": 1.051, "FAC_SEP": 1.0444, "FAC_OCT": 1.0346, "FAC_NOV": 1.0468, "FAC_DEC": 1.0191, "FAC_WIN": 0.9411, "FAC_SPR": 0.9924, "FAC_SUM": 1.0246, "FAC_FAL": 1.0419, "FAC_MAXMO": 8.0, "FAC_MAX": 1.051, "FACMANADJ": 0.0, "SUBAREAID": -1, "MIDPOINT_M": -1.0, "ROUTE_ID": null, "DIRECTION": "NB/SB", "MODEL_ROUTE": 189, "MODEL_MP": 4.0 }, "geometry": { "type": "LineString", "coordinates": [ [ -111.658479565847642, 40.282839020464728 ], [ -111.658352278814704, 40.282050532170935 ], [ -111.658149626123205, 40.28065921105479 ], [ -111.658019001200643, 40.279719745547666 ], [ -111.657980576102915, 40.279432748193258 ], [ -111.657852810606485, 40.278654261874799 ], [ -111.657672409512827, 40.277396330140753 ], [ -111.65742571119975, 40.274903601399892 ], [ -111.657366945513076, 40.274361846393823 ], [ -111.657359536595791, 40.274301255969846 ], [ -111.65735672307099, 40.274277937895079 ], [ -111.657305726368449, 40.273991732174522 ], [ -111.657270402074971, 40.273744898099949 ], [ -111.657224717365409, 40.2734119940339 ], [ -111.657096751723202, 40.272489178326047 ], [ -111.657023709027385, 40.271893628398715 ], [ -111.65696021050195, 40.271068827791723 ], [ -111.656957486889112, 40.270495762126394 ], [ -111.656939320084021, 40.270247118642317 ], [ -111.657015458205009, 40.269388641276464 ], [ -111.657081487695692, 40.268919783088478 ], [ -111.657121776461594, 40.268707835911243 ], [ -111.657296817849812, 40.26807979498728 ], [ -111.657587432878742, 40.267120455958448 ], [ -111.657667902457703, 40.266807376105845 ], [ -111.658385676052859, 40.264297809112648 ], [ -111.658481597625965, 40.263881033689529 ], [ -111.658558943616967, 40.263367964298034 ] ] } },
{ "type": "Feature", "properties": { "SEGID": "0015_299.0", "BMP": 299.031, "EMP": 300.329, "DISTANCE": 1.2944701649100001, "FULLNAME": null, "FNCLASS": null, "FC_CODE": -1, "FC_GROUP": null, "FC_NAME": null, "CO_FIPS": 35, "CO_NAME": null, "PLANAREA": "WFRC", "X": -1.0, "Y": -1.0, "ONLRS": null, "T_MODEL": null, "RT_NUM": -1, "CCSGROUP": "CO6", "SUTRUCKS": 0.0828, "CUTRUCKS": 0.0365, "F2050": -1, "F2040": -1, "FORNOTES": null, "ForecastSo": null, "AADT1981": 75610, "AADT1982": 76600, "AADT1983": 81185, "AADT1984": 88020, "AADT1985": 94675, "AADT1986": 94030, "AADT1987": 106680, "AADT1988": 109285, "AADT1989": 105070, "AADT1990": 102945, "AADT1991": 110690, "AADT1992": 116670, "AADT1993": 120800, "AADT1994": 126865, "AADT1995": -1, "AADT1996": 132870, "AADT1997": 105056, "AADT1998": 71765, "AADT1999": 67370, "AADT2000": 73670, "AADT2001": 150074, "AADT2002": 158230, "AADT2003": 160512, "AADT2004": 163433, "AADT2005": 166355, "AADT2006": 171220, "AADT2007": 173790, "AADT2008": 167010, "AADT2009": 168180, "AADT2010": 171205, "AADT2011": 173430, "AADT2012": 176035, "AADT2013": 179205, "AADT2014": 184580, "AADT2015": 186610, "AADT2016": 196313, "AADT2017": 200436, "AADT2018": 201839, "AADT2019": 205674, "AADT2020": 176880, "AADT2021": 188731, "AADT2022": 191939, "AADT2023": 196354, "FACGEO": "I15", "FAC_MON": 0.9821, "FAC_TUE": 1.0289, "FAC_WED": 1.0519, "FAC_THU": 1.0833, "FAC_FRI": 1.1293, "FAC_SAT": 1.0039, "FAC_SUN": 0.7206, "FAC_WDAVG": 1.0547, "FAC_WEAVG": 0.8622, "FAC_WEMAX": 1.0039, "FAC_JAN": 0.8976, "FAC_FEB": 0.9442, "FAC_MAR": 0.9656, "FAC_APR": 0.9912, "FAC_MAY": 1.0346, "FAC_JUN": 1.0017, "FAC_JUL": 1.049, "FAC_AUG": 1.0329, "FAC_SEP": 1.0248, "FAC_OCT": 1.0301, "FAC_NOV": 1.0196, "FAC_DEC": 1.0086, "FAC_WIN": 0.9501, "FAC_SPR": 0.9971, "FAC_SUM": 1.0279, "FAC_FAL": 1.0248, "FAC_MAXMO": 7.0, "FAC_MAX": 1.049, "FACMANADJ": 0.0, "SUBAREAID": -1, "MIDPOINT_M": -1.0, "ROUTE_ID": null, "DIRECTION": "NB/SB", "MODEL_ROUTE": 15, "MODEL_MP": 299.0 }, "geometry": { "type": "LineString", "coordinates": [ [ -111.904673902783628, 40.636233561181243 ], [ -111.904635075341432, 40.636361968318965 ], [ -111.904539292352538, 40.636695047603304 ], [ -111.904323868996883, 40.637223470464633 ], [ -111.904003735337412, 40.637993603871905 ], [ -111.903793401981417, 40.63848793313548 ], [ -111.903644421118457, 40.638840436244024 ], [ -111.90351094025246, 40.63929011113666 ], [ -111.903253798771871, 40.63995335724443 ], [ -111.903054947193652, 40.640607228236419 ], [ -111.902959154358527, 40.641159936622799 ], [ -111.902862795504561, 40.641951558299027 ], [ -111.902790083357147, 40.642646332247907 ], [ -111.9027614808968, 40.642919697669619 ], [ -111.90243785037103, 40.646014440377627 ], [ -111.902393019596943, 40.646637286996366 ], [ -111.902061197526805, 40.649925325773069 ], [ -111.901851431245362, 40.651826882851537 ], [ -111.901764651558054, 40.652760853675247 ], [ -111.9016900491537, 40.653369518099758 ], [ -111.901631027068305, 40.654028508984808 ], [ -111.901563775435335, 40.654779181657368 ] ] } },
{ "type": "Feature", "properties": { "SEGID": "0089_412.4", "BMP": 412.376, "EMP": 412.911, "DISTANCE": 0.531022600131, "FULLNAME": null, "FNCLASS": null, "FC_CODE": -1, "FC_GROUP": null, "FC_NAME": null, "CO_FIPS": 57, "CO_NAME": null, "PLANAREA": "WFRC", "X": -1.0, "Y": -1.0, "ONLRS": null, "T_MODEL": null, "RT_NUM": -1, "CCSGROUP": "COU", "SUTRUCKS": 0.0845, "CUTRUCKS": 0.0149, "F2050": -1, "F2040": -1, "FORNOTES": null, "ForecastSo": null, "AADT1981": 28415, "AADT1982": 26790, "AADT1983": 27915, "AADT1984": 26425, "AADT1985": 27350, "AADT1986": 25915, "AADT1987": 25285, "AADT1988": 24940, "AADT1989": 25145, "AADT1990": 25755, "AADT1991": 26095, "AADT1992": 26675, "AADT1993": 26765, "AADT1994": 26940, "AADT1995": -1, "AADT1996": 25415, "AADT1997": 26660, "AADT1998": 27780, "AADT1999": 27780, "AADT2000": 29575, "AADT2001": 29070, "AADT2002": 32785, "AADT2003": 29525, "AADT2004": 27220, "AADT2005": 26880, "AADT2006": 27885, "AADT2007": 27770, "AADT2008": 25695, "AADT2009": 26720, "AADT2010": 26015, "AADT2011": 24190, "AADT2012": 23105, "AADT2013": 23580, "AADT2014": 24880, "AADT2015": 26425, "AADT2016": 27503, "AADT2017": 28449, "AADT2018": 27830, "AADT2019": 29285, "AADT2020": 27118, "AADT2021": 29026, "AADT2022": 29984, "AADT2023": 31303, "FACGEO": "Statewide", "FAC_MON": 1.0194, "FAC_TUE": 1.0804, "FAC_WED": 1.0914, "FAC_THU": 1.1033, "FAC_FRI": 1.1269, "FAC_SAT": 0.916, "FAC_SUN": 0.6627, "FAC_WDAVG": 1.0917, "FAC_WEAVG": 0.7893, "FAC_WEMAX": 0.916, "FAC_JAN": 0.915, "FAC_FEB": 0.9768, "FAC_MAR": 0.9735, "FAC_APR": 1.0241, "FAC_MAY": 1.0436, "FAC_JUN": 0.9992, "FAC_JUL": 1.0033, "FAC_AUG": 1.0398, "FAC_SEP": 1.0413, "FAC_OCT": 1.0209, "FAC_NOV": 0.9986, "FAC_DEC": 0.9639, "FAC_WIN": 0.9519, "FAC_SPR": 1.0137, "FAC_SUM": 1.0141, "FAC_FAL": 1.0203, "FAC_MAXMO": 5.0, "FAC_MAX": 1.0436, "FACMANADJ": 0.0, "SUBAREAID": -1, "MIDPOINT_M": -1.0, "ROUTE_ID": null, "DIRECTION": "NB/SB", "MODEL_ROUTE": 89, "MODEL_MP": 412.4 }, "geometry": { "type": "LineString", "coordinates": [ [ -111.970938359984814, 41.200470532839425 ], [ -111.970930341343859, 41.200799473591218 ], [ -111.970906362608233, 41.201872229052199 ], [ -111.970865802738032, 41.203380558808746 ], [ -111.970845575834218, 41.204594253441421 ], [ -111.970799146115027, 41.206076779735554 ], [ -111.970751661021453, 41.207455725472705 ], [ -111.970740697717105, 41.208166528924458 ] ] } },
{ "type": "Feature", "properties": { "SEGID": "0089_349.3", "BMP": 349.27, "EMP": 349.761, "DISTANCE": 0.48415727137999998, "FULLNAME": null, "FNCLASS": null, "FC_CODE": -1, "FC_GROUP": null, "FC_NAME": null, "CO_FIPS": 49, "CO_NAME": null, "PLANAREA": "MAG", "X": -1.0, "Y": -1.0, "ONLRS": null, "T_MODEL": null, "RT_NUM": -1, "CCSGROUP": "COU", "SUTRUCKS": 0.1328, "CUTRUCKS": 0.0446, "F2050": -1, "F2040": -1, "FORNOTES": null, "ForecastSo": null, "AADT1981": 7115, "AADT1982": 7115, "AADT1983": 7200, "AADT1984": 7345, "AADT1985": 7650, "AADT1986": 7770, "AADT1987": 7890, "AADT1988": 12130, "AADT1989": 12360, "AADT1990": 12325, "AADT1991": 12295, "AADT1992": 12835, "AADT1993": 12950, "AADT1994": 13845, "AADT1995": -1, "AADT1996": 14260, "AADT1997": 14600, "AADT1998": 14775, "AADT1999": 15985, "AADT2000": 17145, "AADT2001": 17260, "AADT2002": 18425, "AADT2003": 18100, "AADT2004": 17860, "AADT2005": 17845, "AADT2006": 27695, "AADT2007": 28085, "AADT2008": 27015, "AADT2009": 27205, "AADT2010": 26835, "AADT2011": 26055, "AADT2012": 25980, "AADT2013": 24710, "AADT2014": 25795, "AADT2015": 27060, "AADT2016": 28250, "AADT2017": 29013, "AADT2018": 29390, "AADT2019": 29684, "AADT2020": 25825, "AADT2021": 28614, "AADT2022": 29272, "AADT2023": 29857, "FACGEO": "Statewide", "FAC_MON": 1.0194, "FAC_TUE": 1.0804, "FAC_WED": 1.0914, "FAC_THU": 1.1033, "FAC_FRI": 1.1269, "FAC_SAT": 0.916, "FAC_SUN": 0.6627, "FAC_WDAVG": 1.0917, "FAC_WEAVG": 0.7893, "FAC_WEMAX": 0.916, "FAC_JAN": 0.915, "FAC_FEB": 0.9768, "FAC_MAR": 0.9735, "FAC_APR": 1.0241, "FAC_MAY": 1.0436, "FAC_JUN": 0.9992, "FAC_JUL": 1.0033, "FAC_AUG": 1.0398, "FAC_SEP": 1.0413, "FAC_OCT": 1.0209, "FAC_NOV": 0.9986, "FAC_DEC": 0.9639, "FAC_WIN": 0.9519, "FAC_SPR": 1.0137, "FAC_SUM": 1.0141, "FAC_FAL": 1.0203, "FAC_MAXMO": 5.0, "FAC_MAX": 1.0436, "FACMANADJ": 0.0, "SUBAREAID": -1, "MIDPOINT_M": -1.0, "ROUTE_ID": null, "DIRECTION": "EB/WB", "MODEL_ROUTE": 89, "MODEL_MP": 349.3 }, "geometry": { "type": "LineString", "coordinates": [ [ -111.814557953874456, 40.383047205215625 ], [ -111.814760575337317, 40.383339472594365 ], [ -111.814932662422351, 40.383541864297108 ], [ -111.815219197739992, 40.383856061920852 ], [ -111.815555934291766, 40.384132066647837 ], [ -111.816057332625519, 40.384482584201216 ], [ -111.816375393599543, 40.384674934133471 ], [ -111.816597078100344, 40.384788684325684 ], [ -111.816873323012871, 40.384932679354073 ], [ -111.818174219307892, 40.385438797623841 ], [ -111.821997731907246, 40.386927897135294 ] ] } },
{ "type": "Feature", "properties": { "SEGID": "0114_000.0", "BMP": 0.0, "EMP": 0.357, "DISTANCE": 0.36893982592800001, "FULLNAME": null, "FNCLASS": null, "FC_CODE": -1, "FC_GROUP": null, "FC_NAME": null, "CO_FIPS": 49, "CO_NAME": null, "PLANAREA": "MAG", "X": -1.0, "Y": -1.0, "ONLRS": null, "T_MODEL": null, "RT_NUM": -1, "CCSGROUP": "COU", "SUTRUCKS": 0.0412, "CUTRUCKS": 0.0079, "F2050": -1, "F2040": -1, "FORNOTES": null, "ForecastSo": null, "AADT1981": 16885, "AADT1982": 17150, "AADT1983": 17320, "AADT1984": 17700, "AADT1985": 17970, "AADT1986": 18200, "AADT1987": 18430, "AADT1988": 19200, "AADT1989": 19570, "AADT1990": 30090, "AADT1991": 30445, "AADT1992": 31400, "AADT1993": 32140, "AADT1994": 33730, "AADT1995": -1, "AADT1996": 34730, "AADT1997": 35555, "AADT1998": 35555, "AADT1999": 28444, "AADT2000": 28220, "AADT2001": 33020, "AADT2002": 35245, "AADT2003": 34615, "AADT2004": 34195, "AADT2005": 29425, "AADT2006": 29865, "AADT2007": 30285, "AADT2008": 29130, "AADT2009": 29335, "AADT2010": 29365, "AADT2011": 28515, "AADT2012": 28425, "AADT2013": 29165, "AADT2014": 30450, "AADT2015": 31940, "AADT2016": 33346, "AADT2017": 34246, "AADT2018": 34691, "AADT2019": 35038, "AADT2020": 30483, "AADT2021": 33775, "AADT2022": 34552, "AADT2023": 35243, "FACGEO": "Statewide", "FAC_MON": 1.0194, "FAC_TUE": 1.0804, "FAC_WED": 1.0914, "FAC_THU": 1.1033, "FAC_FRI": 1.1269, "FAC_SAT": 0.916, "FAC_SUN": 0.6627, "FAC_WDAVG": 1.0917, "FAC_WEAVG": 0.7893, "FAC_WEMAX": 0.916, "FAC_JAN": 0.915, "FAC_FEB": 0.9768, "FAC_MAR": 0.9735, "FAC_APR": 1.0241, "FAC_MAY": 1.0436, "FAC_JUN": 0.9992, "FAC_JUL": 1.0033, "FAC_AUG": 1.0398, "FAC_SEP": 1.0413, "FAC_OCT": 1.0209, "FAC_NOV": 0.9986, "FAC_DEC": 0.9639, "FAC_WIN": 0.9519, "FAC_SPR": 1.0137, "FAC_SUM": 1.0141, "FAC_FAL": 1.0203, "FAC_MAXMO": 5.0, "FAC_MAX": 1.0436, "FACMANADJ": 0.0, "SUBAREAID": -1, "MIDPOINT_M": -1.0, "ROUTE_ID": null, "DIRECTION": "EB/WB", "MODEL_ROUTE": 114, "MODEL_MP": 0.0 }, "geometry": { "type": "LineString", "coordinates": [ [ -111.667479741526961, 40.233752806075316 ], [ -111.669284151788901, 40.233752298942349 ], [ -111.671016948265219, 40.233761188100658 ], [ -111.672723911738132, 40.233772904223081 ], [ -111.674459050429306, 40.23378082729554 ] ] } },
{ "type": "Feature", "properties": { "SEGID": "0015_330.1", "BMP": 330.095, "EMP": 331.601, "DISTANCE": 1.5038717588, "FULLNAME": null, "FNCLASS": null, "FC_CODE": -1, "FC_GROUP": null, "FC_NAME": null, "CO_FIPS": 11, "CO_NAME": null, "PLANAREA": "WFRC", "X": -1.0, "Y": -1.0, "ONLRS": null, "T_MODEL": null, "RT_NUM": -1, "CCSGROUP": "CO6", "SUTRUCKS": 0.0857, "CUTRUCKS": 0.0713, "F2050": -1, "F2040": -1, "FORNOTES": null, "ForecastSo": null, "AADT1981": 0, "AADT1982": 0, "AADT1983": 32600, "AADT1984": 25835, "AADT1985": 35080, "AADT1986": 34310, "AADT1987": 37400, "AADT1988": 38400, "AADT1989": 45160, "AADT1990": 47280, "AADT1991": 49710, "AADT1992": 53435, "AADT1993": 56075, "AADT1994": 60875, "AADT1995": -1, "AADT1996": 65310, "AADT1997": 66640, "AADT1998": 71260, "AADT1999": 71984, "AADT2000": 73425, "AADT2001": 75395, "AADT2002": 78830, "AADT2003": 90000, "AADT2004": 90860, "AADT2005": 91120, "AADT2006": 93050, "AADT2007": 92900, "AADT2008": 86075, "AADT2009": 97595, "AADT2010": 98960, "AADT2011": 107300, "AADT2012": 110040, "AADT2013": 111105, "AADT2014": 115250, "AADT2015": 121320, "AADT2016": 124522, "AADT2017": 129210, "AADT2018": 131479, "AADT2019": 131973, "AADT2020": 113497, "AADT2021": 133864, "AADT2022": 143101, "AADT2023": 144818, "FACGEO": "I15", "FAC_MON": 0.9821, "FAC_TUE": 1.0289, "FAC_WED": 1.0519, "FAC_THU": 1.0833, "FAC_FRI": 1.1293, "FAC_SAT": 1.0039, "FAC_SUN": 0.7206, "FAC_WDAVG": 1.0547, "FAC_WEAVG": 0.8622, "FAC_WEMAX": 1.0039, "FAC_JAN": 0.8976, "FAC_FEB": 0.9442, "FAC_MAR": 0.9656, "FAC_APR": 0.9912, "FAC_MAY": 1.0346, "FAC_JUN": 1.0017, "FAC_JUL": 1.049, "FAC_AUG": 1.0329, "FAC_SEP": 1.0248, "FAC_OCT": 1.0301, "FAC_NOV": 1.0196, "FAC_DEC": 1.0086, "FAC_WIN": 0.9501, "FAC_SPR": 0.9971, "FAC_SUM": 1.0279, "FAC_FAL": 1.0248, "FAC_MAXMO": 7.0, "FAC_MAX": 1.049, "FACMANADJ": 0.0, "SUBAREAID": -1, "MIDPOINT_M": -1.0, "ROUTE_ID": null, "DIRECTION": "NB/SB", "MODEL_ROUTE": 15, "MODEL_MP": 330.1 }, "geometry": { "type": "LineString", "coordinates": [ [ -111.960697760002191, 41.056058948211422 ], [ -111.960737308430879, 41.056413352629619 ], [ -111.96077691303762, 41.056714339237914 ], [ -111.960823272224133, 41.056956087080827 ], [ -111.960868771895434, 41.057138749735387 ], [ -111.960926579342171, 41.057300321134313 ], [ -111.960986969776357, 41.057467636060601 ], [ -111.961036745508736, 41.057600629019191 ], [ -111.961128304222981, 41.057832541308265 ], [ -111.961221722498806, 41.058020479081371 ], [ -111.961312219247134, 41.058187542645165 ], [ -111.961498420937346, 41.058519644325933 ], [ -111.961802050817653, 41.058955618308275 ], [ -111.962122185370717, 41.059315246178329 ], [ -111.96239547932926, 41.059571852866306 ], [ -111.962717496451106, 41.059847959406689 ], [ -111.963061761028996, 41.060131535848676 ], [ -111.964177188125518, 41.06104894702694 ], [ -111.965427425925185, 41.062092320102863 ], [ -111.966094699420779, 41.062699989357988 ], [ -111.966594269972319, 41.063159799711784 ], [ -111.966995198911334, 41.063596294431022 ], [ -111.967000035484844, 41.06360147845804 ], [ -111.972563074737678, 41.069578997036487 ], [ -111.976381617008201, 41.073725668411072 ], [ -111.976604216592676, 41.073967356633929 ] ] } },
{ "type": "Feature", "properties": { "SEGID": "0071_021.2", "BMP": 21.16, "EMP": 21.724, "DISTANCE": 0.56298833855099994, "FULLNAME": null, "FNCLASS": null, "FC_CODE": -1, "FC_GROUP": null, "FC_NAME": null, "CO_FIPS": 35, "CO_NAME": null, "PLANAREA": "WFRC", "X": -1.0, "Y": -1.0, "ONLRS": null, "T_MODEL": null, "RT_NUM": -1, "CCSGROUP": "COU", "SUTRUCKS": 0.0356, "CUTRUCKS": 0.0056, "F2050": -1, "F2040": -1, "FORNOTES": null, "ForecastSo": null, "AADT1981": 34710, "AADT1982": 36495, "AADT1983": 40355, "AADT1984": 44065, "AADT1985": 43375, "AADT1986": 41050, "AADT1987": 39255, "AADT1988": 40930, "AADT1989": 42340, "AADT1990": 42530, "AADT1991": 43445, "AADT1992": 43310, "AADT1993": 42090, "AADT1994": 41570, "AADT1995": -1, "AADT1996": 43155, "AADT1997": 47780, "AADT1998": 53275, "AADT1999": 53290, "AADT2000": 49315, "AADT2001": 43085, "AADT2002": 39355, "AADT2003": 38495, "AADT2004": 36115, "AADT2005": 36435, "AADT2006": 37790, "AADT2007": 37075, "AADT2008": 33685, "AADT2009": 35405, "AADT2010": 35830, "AADT2011": 37350, "AADT2012": 37655, "AADT2013": 37950, "AADT2014": 39435, "AADT2015": 39555, "AADT2016": 41806, "AADT2017": 43943, "AADT2018": 44255, "AADT2019": 44196, "AADT2020": 34826, "AADT2021": 39376, "AADT2022": 41424, "AADT2023": 40761, "FACGEO": "Statewide", "FAC_MON": 1.0194, "FAC_TUE": 1.0804, "FAC_WED": 1.0914, "FAC_THU": 1.1033, "FAC_FRI": 1.1269, "FAC_SAT": 0.916, "FAC_SUN": 0.6627, "FAC_WDAVG": 1.0917, "FAC_WEAVG": 0.7893, "FAC_WEMAX": 0.916, "FAC_JAN": 0.915, "FAC_FEB": 0.9768, "FAC_MAR": 0.9735, "FAC_APR": 1.0241, "FAC_MAY": 1.0436, "FAC_JUN": 0.9992, "FAC_JUL": 1.0033, "FAC_AUG": 1.0398, "FAC_SEP": 1.0413, "FAC_OCT": 1.0209, "FAC_NOV": 0.9986, "FAC_DEC": 0.9639, "FAC_WIN": 0.9519, "FAC_SPR": 1.0137, "FAC_SUM": 1.0141, "FAC_FAL": 1.0203, "FAC_MAXMO": 5.0, "FAC_MAX": 1.0436, "FACMANADJ": 0.0, "SUBAREAID": -1, "MIDPOINT_M": -1.0, "ROUTE_ID": null, "DIRECTION": "NB/SB", "MODEL_ROUTE": 71, "MODEL_MP": 21.2 }, "geometry": { "type": "LineString", "coordinates": [ [ -111.871060854726451, 40.749791718232281 ], [ -111.871060374060519, 40.748030563764907 ], [ -111.871060308543235, 40.745665837087657 ], [ -111.871060017784217, 40.744282135628332 ], [ -111.871059750819541, 40.743263277518487 ], [ -111.871059758016003, 40.741630038009987 ] ] } },
{ "type": "Feature", "properties": { "SEGID": "0015_248.8", "BMP": 248.845, "EMP": 250.923, "DISTANCE": 2.0859655018800001, "FULLNAME": null, "FNCLASS": null, "FC_CODE": -1, "FC_GROUP": null, "FC_NAME": null, "CO_FIPS": 49, "CO_NAME": null, "PLANAREA": "MAG", "X": -1.0, "Y": -1.0, "ONLRS": null, "T_MODEL": null, "RT_NUM": -1, "CCSGROUP": "CO5", "SUTRUCKS": 0.1038, "CUTRUCKS": 0.1083, "F2050": -1, "F2040": -1, "FORNOTES": null, "ForecastSo": null, "AADT1981": 8115, "AADT1982": 8225, "AADT1983": 10225, "AADT1984": 11570, "AADT1985": 11030, "AADT1986": 10465, "AADT1987": 11000, "AADT1988": 12205, "AADT1989": 13050, "AADT1990": 14290, "AADT1991": 14465, "AADT1992": 15260, "AADT1993": 16375, "AADT1994": 17575, "AADT1995": -1, "AADT1996": 20135, "AADT1997": 22165, "AADT1998": 23715, "AADT1999": 25019, "AADT2000": 26270, "AADT2001": 27790, "AADT2002": 29485, "AADT2003": 32344, "AADT2004": 33815, "AADT2005": 34575, "AADT2006": 36150, "AADT2007": 35355, "AADT2008": 33730, "AADT2009": 34775, "AADT2010": 33940, "AADT2011": 35250, "AADT2012": 34175, "AADT2013": 35100, "AADT2014": 37030, "AADT2015": 40215, "AADT2016": 42988, "AADT2017": 45094, "AADT2018": 46943, "AADT2019": 48398, "AADT2020": 46994, "AADT2021": 56057, "AADT2022": 56001, "AADT2023": 57569, "FACGEO": "I15", "FAC_MON": 0.9192, "FAC_TUE": 0.9277, "FAC_WED": 0.9728, "FAC_THU": 1.0674, "FAC_FRI": 1.177, "FAC_SAT": 1.0235, "FAC_SUN": 0.9124, "FAC_WDAVG": 0.9893, "FAC_WEAVG": 0.968, "FAC_WEMAX": 1.054, "FAC_JAN": 0.8236, "FAC_FEB": 0.8993, "FAC_MAR": 0.9959, "FAC_APR": 1.0348, "FAC_MAY": 1.0401, "FAC_JUN": 1.0318, "FAC_JUL": 1.0819, "FAC_AUG": 1.0194, "FAC_SEP": 1.0126, "FAC_OCT": 1.0642, "FAC_NOV": 1.0384, "FAC_DEC": 0.958, "FAC_WIN": 0.8936, "FAC_SPR": 1.0236, "FAC_SUM": 1.0443, "FAC_FAL": 1.0384, "FAC_MAXMO": 7.0, "FAC_MAX": 1.0819, "FACMANADJ": 1.0, "SUBAREAID": -1, "MIDPOINT_M": -1.0, "ROUTE_ID": null, "DIRECTION": "NB/SB", "MODEL_ROUTE": 15, "MODEL_MP": 248.8 }, "geometry": { "type": "LineString", "coordinates": [ [ -111.756881983798124, 40.031442495450669 ], [ -111.755921545662559, 40.032380628412014 ], [ -111.754755446057843, 40.033515781717576 ], [ -111.753313988439061, 40.034960211436925 ], [ -111.752479008841505, 40.035729831211817 ], [ -111.751998925637338, 40.036285777080643 ], [ -111.751402875536698, 40.036891845580399 ], [ -111.750373574770521, 40.037956062674354 ], [ -111.749163662998185, 40.039160100777096 ], [ -111.747416851638008, 40.040898337093054 ], [ -111.747371911093083, 40.040943765959021 ], [ -111.746613511756181, 40.041710409487379 ], [ -111.745595391769328, 40.042739560849263 ], [ -111.744754417033164, 40.043593056936373 ], [ -111.744690462488961, 40.043657962274153 ], [ -111.743432230509825, 40.044892968638258 ], [ -111.742016690582787, 40.04628465443318 ], [ -111.740072145155807, 40.048239829039403 ], [ -111.739700489849199, 40.048616640832869 ], [ -111.739212956001694, 40.049097530742515 ], [ -111.738368961714229, 40.049931253757819 ], [ -111.7374983452968, 40.050744237753285 ], [ -111.736750292359119, 40.051389578324454 ], [ -111.735726293548254, 40.052257401383436 ], [ -111.735318573980976, 40.052566315473712 ], [ -111.733734091024672, 40.053966358843979 ], [ -111.732480210290248, 40.055150943934613 ] ] } },
{ "type": "Feature", "properties": { "SEGID": "0186_006.0", "BMP": 6.036, "EMP": 6.398, "DISTANCE": 0.36372872057400002, "FULLNAME": null, "FNCLASS": null, "FC_CODE": -1, "FC_GROUP": null, "FC_NAME": null, "CO_FIPS": 35, "CO_NAME": null, "PLANAREA": "WFRC", "X": -1.0, "Y": -1.0, "ONLRS": null, "T_MODEL": null, "RT_NUM": -1, "CCSGROUP": "COT", "SUTRUCKS": 0.1174, "CUTRUCKS": 0.0252, "F2050": -1, "F2040": -1, "FORNOTES": null, "ForecastSo": null, "AADT1981": 27460, "AADT1982": 29350, "AADT1983": 31195, "AADT1984": 32085, "AADT1985": 33670, "AADT1986": 35690, "AADT1987": 38460, "AADT1988": 38400, "AADT1989": 38955, "AADT1990": 41740, "AADT1991": 43480, "AADT1992": 44690, "AADT1993": 45440, "AADT1994": 45910, "AADT1995": -1, "AADT1996": 44595, "AADT1997": 47855, "AADT1998": 50680, "AADT1999": 50625, "AADT2000": 47565, "AADT2001": 46930, "AADT2002": 45715, "AADT2003": 45870, "AADT2004": 45275, "AADT2005": 45625, "AADT2006": 45280, "AADT2007": 45305, "AADT2008": 44900, "AADT2009": 45585, "AADT2010": 44480, "AADT2011": 44165, "AADT2012": 45340, "AADT2013": 44095, "AADT2014": 43700, "AADT2015": 43220, "AADT2016": 41751, "AADT2017": 43806, "AADT2018": 45180, "AADT2019": 47874, "AADT2020": 36815, "AADT2021": 41307, "AADT2022": 42133, "AADT2023": 43439, "FACGEO": "Statewide", "FAC_MON": 1.0368, "FAC_TUE": 1.0865, "FAC_WED": 1.095, "FAC_THU": 1.1073, "FAC_FRI": 1.1176, "FAC_SAT": 0.9344, "FAC_SUN": 0.6223, "FAC_WDAVG": 1.0963, "FAC_WEAVG": 0.7784, "FAC_WEMAX": 0.9344, "FAC_JAN": 0.8755, "FAC_FEB": 0.9287, "FAC_MAR": 0.9462, "FAC_APR": 0.996, "FAC_MAY": 1.0349, "FAC_JUN": 1.0099, "FAC_JUL": 1.013, "FAC_AUG": 1.051, "FAC_SEP": 1.0444, "FAC_OCT": 1.0346, "FAC_NOV": 1.0468, "FAC_DEC": 1.0191, "FAC_WIN": 0.9411, "FAC_SPR": 0.9924, "FAC_SUM": 1.0246, "FAC_FAL": 1.0419, "FAC_MAXMO": 8.0, "FAC_MAX": 1.051, "FACMANADJ": 0.0, "SUBAREAID": -1, "MIDPOINT_M": -1.0, "ROUTE_ID": null, "DIRECTION": "NB/SB", "MODEL_ROUTE": 186, "MODEL_MP": 6.0 }, "geometry": { "type": "LineString", "coordinates": [ [ -111.830323520451842, 40.745495093364191 ], [ -111.830421676389307, 40.745692033508519 ], [ -111.830471276083728, 40.74589905219694 ], [ -111.83060854493246, 40.746602348575863 ], [ -111.830687343094397, 40.747756220157385 ], [ -111.830681898662093, 40.748746292907448 ], [ -111.830677432873969, 40.749624653139868 ], [ -111.830677306455044, 40.749804823897243 ], [ -111.830671199771487, 40.750741751189359 ] ] } },
{ "type": "Feature", "properties": { "SEGID": "0154_012.9", "BMP": 12.884, "EMP": 13.885, "DISTANCE": 1.0019451961600001, "FULLNAME": null, "FNCLASS": null, "FC_CODE": -1, "FC_GROUP": null, "FC_NAME": null, "CO_FIPS": 35, "CO_NAME": null, "PLANAREA": "WFRC", "X": -1.0, "Y": -1.0, "ONLRS": null, "T_MODEL": null, "RT_NUM": -1, "CCSGROUP": "COU", "SUTRUCKS": 0.1137, "CUTRUCKS": 0.0202, "F2050": -1, "F2040": -1, "FORNOTES": null, "ForecastSo": null, "AADT1981": 0, "AADT1982": 0, "AADT1983": 0, "AADT1984": 0, "AADT1985": 0, "AADT1986": 0, "AADT1987": 0, "AADT1988": 0, "AADT1989": 0, "AADT1990": 0, "AADT1991": 0, "AADT1992": 0, "AADT1993": 0, "AADT1994": 19845, "AADT1995": -1, "AADT1996": 23250, "AADT1997": 35587, "AADT1998": 44500, "AADT1999": 45960, "AADT2000": 42715, "AADT2001": 43000, "AADT2002": 46010, "AADT2003": 42570, "AADT2004": 44670, "AADT2005": 44605, "AADT2006": 46035, "AADT2007": 48470, "AADT2008": 48280, "AADT2009": 49275, "AADT2010": 48710, "AADT2011": 47250, "AADT2012": 47110, "AADT2013": 51790, "AADT2014": 54070, "AADT2015": 53410, "AADT2016": 57615, "AADT2017": 54194, "AADT2018": 54772, "AADT2019": 66910, "AADT2020": 58212, "AADT2021": 57752, "AADT2022": 59080, "AADT2023": 67115, "FACGEO": "Statewide", "FAC_MON": 1.0194, "FAC_TUE": 1.0804, "FAC_WED": 1.0914, "FAC_THU": 1.1033, "FAC_FRI": 1.1269, "FAC_SAT": 0.916, "FAC_SUN": 0.6627, "FAC_WDAVG": 1.0917, "FAC_WEAVG": 0.7893, "FAC_WEMAX": 0.916, "FAC_JAN": 0.915, "FAC_FEB": 0.9768, "FAC_MAR": 0.9735, "FAC_APR": 1.0241, "FAC_MAY": 1.0436, "FAC_JUN": 0.9992, "FAC_JUL": 1.0033, "FAC_AUG": 1.0398, "FAC_SEP": 1.0413, "FAC_OCT": 1.0209, "FAC_NOV": 0.9986, "FAC_DEC": 0.9639, "FAC_WIN": 0.9519, "FAC_SPR": 1.0137, "FAC_SUM": 1.0141, "FAC_FAL": 1.0203, "FAC_MAXMO": 5.0, "FAC_MAX": 1.0436, "FACMANADJ": 0.0, "SUBAREAID": -1, "MIDPOINT_M": -1.0, "ROUTE_ID": null, "DIRECTION": "NB/SB", "MODEL_ROUTE": 154, "MODEL_MP": 12.9 }, "geometry": { "type": "LineString", "coordinates": [ [ -111.976569054745084, 40.609497719085731 ], [ -111.976498531045976, 40.610840425235168 ], [ -111.976431197843638, 40.616599685086904 ], [ -111.976391929190157, 40.619959250670071 ], [ -111.976344331559559, 40.624021468338157 ] ] } },
{ "type": "Feature", "properties": { "SEGID": "0015_313.7", "BMP": 313.702, "EMP": 315.261, "DISTANCE": 2.0929431900500002, "FULLNAME": null, "FNCLASS": null, "FC_CODE": -1, "FC_GROUP": null, "FC_NAME": null, "CO_FIPS": 11, "CO_NAME": null, "PLANAREA": "WFRC", "X": -1.0, "Y": -1.0, "ONLRS": null, "T_MODEL": null, "RT_NUM": -1, "CCSGROUP": "CO6", "SUTRUCKS": 0.0873, "CUTRUCKS": 0.0728, "F2050": -1, "F2040": -1, "FORNOTES": null, "ForecastSo": null, "AADT1981": 68815, "AADT1982": 69150, "AADT1983": 71090, "AADT1984": 67140, "AADT1985": 76500, "AADT1986": 78940, "AADT1987": 82890, "AADT1988": 89285, "AADT1989": 83180, "AADT1990": 95080, "AADT1991": 101600, "AADT1992": 107530, "AADT1993": 111820, "AADT1994": 117855, "AADT1995": -1, "AADT1996": 121655, "AADT1997": 124926, "AADT1998": 139935, "AADT1999": 147527, "AADT2000": 160804, "AADT2001": 170800, "AADT2002": 179510, "AADT2003": 143076, "AADT2004": 145901, "AADT2005": 151090, "AADT2006": 155890, "AADT2007": 158560, "AADT2008": 146050, "AADT2009": 135410, "AADT2010": 138890, "AADT2011": 143350, "AADT2012": 145345, "AADT2013": 145285, "AADT2014": 148610, "AADT2015": 153355, "AADT2016": 171035, "AADT2017": 174979, "AADT2018": 176375, "AADT2019": 175520, "AADT2020": 146910, "AADT2021": 164351, "AADT2022": 164022, "AADT2023": 168615, "FACGEO": "I15", "FAC_MON": 0.9821, "FAC_TUE": 1.0289, "FAC_WED": 1.0519, "FAC_THU": 1.0833, "FAC_FRI": 1.1293, "FAC_SAT": 1.0039, "FAC_SUN": 0.7206, "FAC_WDAVG": 1.0547, "FAC_WEAVG": 0.8622, "FAC_WEMAX": 1.0039, "FAC_JAN": 0.8976, "FAC_FEB": 0.9442, "FAC_MAR": 0.9656, "FAC_APR": 0.9912, "FAC_MAY": 1.0346, "FAC_JUN": 1.0017, "FAC_JUL": 1.049, "FAC_AUG": 1.0329, "FAC_SEP": 1.0248, "FAC_OCT": 1.0301, "FAC_NOV": 1.0196, "FAC_DEC": 1.0086, "FAC_WIN": 0.9501, "FAC_SPR": 0.9971, "FAC_SUM": 1.0279, "FAC_FAL": 1.0248, "FAC_MAXMO": 7.0, "FAC_MAX": 1.049, "FACMANADJ": 0.0, "SUBAREAID": -1, "MIDPOINT_M": -1.0, "ROUTE_ID": null, "DIRECTION": "NB/SB", "MODEL_ROUTE": 15, "MODEL_MP": 313.7 }, "geometry": { "type": "LineString", "coordinates": [ [ -111.915437341026816, 40.8340649862295 ], [ -111.915414810618998, 40.835542537024551 ], [ -111.915366834349783, 40.83726260804778 ], [ -111.915277937083246, 40.840931413900485 ], [ -111.915228661121716, 40.841841735613613 ], [ -111.915228813541006, 40.841852814640269 ], [ -111.915234116816052, 40.842376246129369 ], [ -111.915195719080671, 40.843008214278342 ], [ -111.915159868038415, 40.843480444636917 ], [ -111.915035265171383, 40.844347763304427 ], [ -111.914948100244828, 40.844901385370939 ], [ -111.914752109608685, 40.845658737797507 ], [ -111.914364587193646, 40.846722089485475 ], [ -111.913847822927991, 40.847790968003416 ], [ -111.91335822166451, 40.848592982904535 ], [ -111.912491116542853, 40.849723183079341 ], [ -111.911816850445206, 40.850470350232008 ], [ -111.911816032447376, 40.850471257530174 ], [ -111.911183729227432, 40.851191064231038 ], [ -111.906459329784084, 40.85647473128401 ], [ -111.905271701046473, 40.857782156198638 ], [ -111.903151070623693, 40.860110312832163 ], [ -111.902555062997678, 40.860816545127314 ], [ -111.902098704846793, 40.861313410167384 ], [ -111.902053333377808, 40.861371238003969 ], [ -111.901911049270012, 40.861536031607564 ] ] } },
{ "type": "Feature", "properties": { "SEGID": "0015_271.6", "BMP": 271.616, "EMP": 272.716, "DISTANCE": 1.1069368768000001, "FULLNAME": null, "FNCLASS": null, "FC_CODE": -1, "FC_GROUP": null, "FC_NAME": null, "CO_FIPS": 49, "CO_NAME": null, "PLANAREA": "MAG", "X": -1.0, "Y": -1.0, "ONLRS": null, "T_MODEL": null, "RT_NUM": -1, "CCSGROUP": "CO6", "SUTRUCKS": 0.1077, "CUTRUCKS": 0.0767, "F2050": -1, "F2040": -1, "FORNOTES": null, "ForecastSo": null, "AADT1981": 37975, "AADT1982": 39115, "AADT1983": 40930, "AADT1984": 43340, "AADT1985": 44150, "AADT1986": 40730, "AADT1987": 44315, "AADT1988": 0, "AADT1989": 55710, "AADT1990": 56875, "AADT1991": 59660, "AADT1992": 64195, "AADT1993": 68460, "AADT1994": 74905, "AADT1995": -1, "AADT1996": 87165, "AADT1997": 91075, "AADT1998": 93930, "AADT1999": 103886, "AADT2000": 107349, "AADT2001": 112716, "AADT2002": 120997, "AADT2003": 122885, "AADT2004": 126750, "AADT2005": 133875, "AADT2006": 136980, "AADT2007": 140680, "AADT2008": 132660, "AADT2009": 137570, "AADT2010": 147610, "AADT2011": 140225, "AADT2012": 139665, "AADT2013": 160335, "AADT2014": 167390, "AADT2015": 180780, "AADT2016": 206632, "AADT2017": 210971, "AADT2018": 214558, "AADT2019": 226144, "AADT2020": 201720, "AADT2021": 191254, "AADT2022": 197374, "AADT2023": 202900, "FACGEO": "I15", "FAC_MON": 0.9821, "FAC_TUE": 1.0289, "FAC_WED": 1.0519, "FAC_THU": 1.0833, "FAC_FRI": 1.1293, "FAC_SAT": 1.0039, "FAC_SUN": 0.7206, "FAC_WDAVG": 1.0547, "FAC_WEAVG": 0.8622, "FAC_WEMAX": 1.0039, "FAC_JAN": 0.8976, "FAC_FEB": 0.9442, "FAC_MAR": 0.9656, "FAC_APR": 0.9912, "FAC_MAY": 1.0346, "FAC_JUN": 1.0017, "FAC_JUL": 1.049, "FAC_AUG": 1.0329, "FAC_SEP": 1.0248, "FAC_OCT": 1.0301, "FAC_NOV": 1.0196, "FAC_DEC": 1.0086, "FAC_WIN": 0.9501, "FAC_SPR": 0.9971, "FAC_SUM": 1.0279, "FAC_FAL": 1.0248, "FAC_MAXMO": 7.0, "FAC_MAX": 1.049, "FACMANADJ": 0.0, "SUBAREAID": -1, "MIDPOINT_M": -1.0, "ROUTE_ID": null, "DIRECTION": "NB/SB", "MODEL_ROUTE": 15, "MODEL_MP": 271.6 }, "geometry": { "type": "LineString", "coordinates": [ [ -111.725826468769853, 40.311465221581791 ], [ -111.725829451200852, 40.311578448534796 ], [ -111.72583599317052, 40.311826701079987 ], [ -111.725835440520839, 40.311884994076834 ], [ -111.725834898492536, 40.311955269243498 ], [ -111.725836769950078, 40.312130035995807 ], [ -111.72588578424137, 40.316849556647433 ], [ -111.725916710147999, 40.317495231644493 ], [ -111.72591163944513, 40.318219512376565 ], [ -111.725976778227505, 40.318751727020924 ], [ -111.72601404519169, 40.319044291850581 ], [ -111.72613792368189, 40.319719834274025 ], [ -111.726407703952333, 40.320555364609831 ], [ -111.726706670288806, 40.32130206046714 ], [ -111.727225964771407, 40.32236485439131 ], [ -111.727645379884834, 40.322992679976956 ], [ -111.728341066299294, 40.32368669427219 ], [ -111.729231163011548, 40.324550293079199 ], [ -111.729963422151457, 40.325106947097609 ], [ -111.730755386474371, 40.325621236515943 ], [ -111.730885426320739, 40.325705731975034 ], [ -111.731508483787962, 40.326088738284078 ] ] } },
{ "type": "Feature", "properties": { "SEGID": "0092_018.8", "BMP": 18.829, "EMP": 22.669, "DISTANCE": 3.8420481839399998, "FULLNAME": null, "FNCLASS": null, "FC_CODE": -1, "FC_GROUP": null, "FC_NAME": null, "CO_FIPS": 49, "CO_NAME": null, "PLANAREA": "MAG", "X": -1.0, "Y": -1.0, "ONLRS": null, "T_MODEL": null, "RT_NUM": -1, "CCSGROUP": "CO0", "SUTRUCKS": 0.2299, "CUTRUCKS": 0.0505, "F2050": -1, "F2040": -1, "FORNOTES": null, "ForecastSo": null, "AADT1981": 775, "AADT1982": 750, "AADT1983": 735, "AADT1984": 750, "AADT1985": 750, "AADT1986": 760, "AADT1987": 770, "AADT1988": 805, "AADT1989": 820, "AADT1990": 335, "AADT1991": 340, "AADT1992": 355, "AADT1993": 370, "AADT1994": 450, "AADT1995": -1, "AADT1996": 750, "AADT1997": 750, "AADT1998": 780, "AADT1999": 810, "AADT2000": 905, "AADT2001": 935, "AADT2002": 870, "AADT2003": 485, "AADT2004": 500, "AADT2005": 495, "AADT2006": 420, "AADT2007": 500, "AADT2008": 505, "AADT2009": 495, "AADT2010": 425, "AADT2011": 410, "AADT2012": 440, "AADT2013": 515, "AADT2014": 565, "AADT2015": 655, "AADT2016": 631, "AADT2017": 733, "AADT2018": 727, "AADT2019": 676, "AADT2020": 1308, "AADT2021": 1007, "AADT2022": 996, "AADT2023": 1039, "FACGEO": "AlpineLoop", "FAC_MON": 0.7083, "FAC_TUE": 0.6827, "FAC_WED": 0.7294, "FAC_THU": 0.7202, "FAC_FRI": 1.007, "FAC_SAT": 1.5802, "FAC_SUN": 1.5722, "FAC_WDAVG": 0.7108, "FAC_WEAVG": 1.5762, "FAC_WEMAX": 1.5802, "FAC_JAN": 0.3992, "FAC_FEB": 0.3868, "FAC_MAR": 0.3671, "FAC_APR": 0.4837, "FAC_MAY": 0.9611, "FAC_JUN": 1.407, "FAC_JUL": 2.1537, "FAC_AUG": 1.7949, "FAC_SEP": 1.6588, "FAC_OCT": 1.58, "FAC_NOV": 0.4429, "FAC_DEC": 0.3648, "FAC_WIN": 0.3836, "FAC_SPR": 0.604, "FAC_SUM": 1.7852, "FAC_FAL": 1.2272, "FAC_MAXMO": 7.0, "FAC_MAX": 2.1537, "FACMANADJ": 0.0, "SUBAREAID": -1, "MIDPOINT_M": -1.0, "ROUTE_ID": null, "DIRECTION": "NB/SB", "MODEL_ROUTE": 92, "MODEL_MP": 18.8 }, "geometry": { "type": "LineString", "coordinates": [ [ -111.601816159799441, 40.404789145068527 ], [ -111.602132290716682, 40.404848851256077 ], [ -111.602351878804598, 40.404866086111248 ], [ -111.602535126230137, 40.404838824756013 ], [ -111.602587264102269, 40.404831075493419 ], [ -111.602834035530336, 40.404751409954443 ], [ -111.603067040505735, 40.404647851465626 ], [ -111.603241172894087, 40.404589735295268 ], [ -111.603338056964645, 40.40457796841433 ], [ -111.603459788227525, 40.404590486457458 ], [ -111.603628369003161, 40.40464969725258 ], [ -111.603947705202515, 40.404791004248501 ], [ -111.60418630609513, 40.404944353997941 ], [ -111.604520003083763, 40.405096665558567 ], [ -111.604871103899796, 40.40521825414632 ], [ -111.605226411245368, 40.405283062279686 ], [ -111.605888614858699, 40.405402118023744 ], [ -111.606122641488838, 40.405478369775587 ], [ -111.606254240998595, 40.405565969070629 ], [ -111.606495084340764, 40.405692545215182 ], [ -111.606691820254781, 40.405723675608151 ], [ -111.60681818216959, 40.405726616157601 ], [ -111.607060556693838, 40.405643090774909 ], [ -111.607330935065292, 40.405541579770315 ], [ -111.607512747313123, 40.40547269600598 ], [ -111.607709225314707, 40.405475177073171 ], [ -111.607878364907478, 40.405556541104467 ], [ -111.608099511954919, 40.405667992060415 ], [ -111.608253342639387, 40.405737453941541 ], [ -111.608461614150528, 40.405845458379105 ], [ -111.608568372363123, 40.405935438020308 ], [ -111.608572348734853, 40.406023616210753 ], [ -111.608492402356759, 40.406097280971736 ], [ -111.608374666152599, 40.406188532086254 ], [ -111.608245344027267, 40.406288853131123 ], [ -111.608061691884643, 40.406402252684906 ], [ -111.607844449748669, 40.406515468170468 ], [ -111.607620703338043, 40.406600068482568 ], [ -111.607421912254139, 40.406681474170284 ], [ -111.607295699977541, 40.406747813497937 ], [ -111.607108071551508, 40.406812493176936 ], [ -111.606610361835621, 40.406941503117935 ], [ -111.605975221094141, 40.407069069074481 ], [ -111.605586812313547, 40.407204258556867 ], [ -111.605223463141201, 40.407361117594078 ], [ -111.604629482899554, 40.407545398235072 ], [ -111.604356540191262, 40.407704124122155 ], [ -111.604161067809457, 40.407814786442231 ], [ -111.603969304159349, 40.407905338761758 ], [ -111.603762980502452, 40.407936056266266 ], [ -111.603538713062349, 40.407963443609169 ], [ -111.603245879183746, 40.407993620727176 ], [ -111.60311845971394, 40.408044285958908 ], [ -111.603016152708037, 40.408109234646453 ], [ -111.602965993504441, 40.408180487954311 ], [ -111.602977981681406, 40.408282408467755 ], [ -111.603015967222348, 40.408352481358982 ], [ -111.603122713002207, 40.408428231684056 ], [ -111.603323233248062, 40.40853925876381 ], [ -111.603522424143321, 40.408672905273761 ], [ -111.60359519542385, 40.408784508526502 ], [ -111.603607210118525, 40.408902465021505 ], [ -111.603565063854745, 40.409079083220696 ], [ -111.603471278403859, 40.409227321994123 ], [ -111.603336483397854, 40.409323341728857 ], [ -111.603120773676523, 40.409412125673114 ], [ -111.603021844547996, 40.409446425797007 ], [ -111.602966109232327, 40.409487257415911 ], [ -111.602953999791978, 40.409530203879989 ], [ -111.602960713975719, 40.40958260182633 ], [ -111.603020290889646, 40.409615624791627 ], [ -111.603104436925321, 40.409615185904272 ], [ -111.603229408186962, 40.409553992819795 ], [ -111.603430445091263, 40.409458618518208 ], [ -111.603610750278321, 40.409390919944123 ], [ -111.603706706236693, 40.409314111890396 ], [ -111.603766023226825, 40.409238936541684 ], [ -111.603924504288798, 40.40890540280401 ], [ -111.604016765688002, 40.408771405999154 ], [ -111.604103836389754, 40.408742302169344 ], [ -111.604203783508183, 40.408756104396666 ], [ -111.604295630541159, 40.408826165658112 ], [ -111.604398699675627, 40.408938601045833 ], [ -111.604588692562942, 40.409347792045828 ], [ -111.604675432773902, 40.40942652843367 ], [ -111.604763029858461, 40.409469313967598 ], [ -111.604851620016646, 40.409491373311759 ], [ -111.604936776556869, 40.409472188879022 ], [ -111.605011776159998, 40.409411165220966 ], [ -111.60511293702109, 40.409297211280482 ], [ -111.605237345674013, 40.409265568818881 ], [ -111.605356483307375, 40.40927701731497 ], [ -111.605430059624922, 40.409333389399009 ], [ -111.605463473962388, 40.409419071141755 ], [ -111.605443081483685, 40.409589630075367 ], [ -111.605372976444471, 40.409762791660633 ], [ -111.604802827638295, 40.410531188394536 ], [ -111.604644732464109, 40.410736611863051 ], [ -111.604524948052486, 40.410824356184847 ], [ -111.604369539544862, 40.410882376397524 ], [ -111.603818260395229, 40.410982104490913 ], [ -111.603697146439899, 40.411039944696661 ], [ -111.603623097350535, 40.411128530367627 ], [ -111.603599474326941, 40.411254690959105 ], [ -111.603589509288, 40.411352942135224 ], [ -111.603596837359888, 40.411487139417709 ], [ -111.603569714565481, 40.411590975707554 ], [ -111.603523649843453, 40.411672207942807 ], [ -111.603343063030749, 40.411867386550128 ], [ -111.603235966859856, 40.412016955805917 ], [ -111.603205028890542, 40.412129190366954 ], [ -111.603145721042367, 40.412469683207576 ], [ -111.603116900511779, 40.412541906309869 ], [ -111.603023234537645, 40.412611764899566 ], [ -111.602867345446995, 40.412708975159177 ], [ -111.602744648878669, 40.412827634002234 ], [ -111.602663943201648, 40.41296310103386 ], [ -111.60260557722863, 40.413132145587731 ], [ -111.602511692434874, 40.413375790324167 ], [ -111.602454015277203, 40.41362212922521 ], [ -111.602421291641477, 40.41378545441507 ], [ -111.602397634437722, 40.413960984720468 ], [ -111.602338709550949, 40.414120392297669 ], [ -111.602156037194163, 40.414466121796728 ], [ -111.602064794673964, 40.414596688256914 ], [ -111.601947262918159, 40.414700274149816 ], [ -111.601774122990662, 40.414872798648261 ], [ -111.601726839221271, 40.415029352485611 ], [ -111.60171235788944, 40.415216366500687 ], [ -111.601707975052705, 40.415571077226325 ], [ -111.601779620657481, 40.415912959687297 ], [ -111.601838510152817, 40.416225358669678 ], [ -111.601826342663841, 40.416394252345995 ], [ -111.601753850562815, 40.416565892460241 ], [ -111.601642311644909, 40.416760438627165 ], [ -111.601402415814519, 40.41703484231946 ], [ -111.601179539264905, 40.417221949035159 ], [ -111.600969431012089, 40.417439980213267 ], [ -111.600806049950279, 40.417650560922219 ], [ -111.600716619612768, 40.417853099459741 ], [ -111.600679214581177, 40.417994376114706 ], [ -111.600643759788099, 40.418222400132173 ], [ -111.600638987512824, 40.418361705410021 ], [ -111.600647458138525, 40.418479139895219 ], [ -111.600695094939965, 40.418666461582163 ], [ -111.600774239573923, 40.418857763700551 ], [ -111.600868642504778, 40.419094662522568 ], [ -111.600932479681703, 40.419261178994994 ], [ -111.60102195798251, 40.419368462534756 ], [ -111.601138449204669, 40.419411731138062 ], [ -111.601274402375793, 40.419416699888536 ], [ -111.601417551705183, 40.419382621707179 ], [ -111.601555520855896, 40.419322804318867 ], [ -111.602006421939407, 40.418969553471292 ], [ -111.602352478329649, 40.41874270407363 ], [ -111.602735045355701, 40.418539177016335 ], [ -111.602916260811881, 40.418451835008803 ], [ -111.603037758299649, 40.418211019116782 ], [ -111.603149148458584, 40.418105572297257 ], [ -111.603288621468423, 40.418016645644371 ], [ -111.603475239107254, 40.417953689193922 ], [ -111.603677926147455, 40.417947856237213 ], [ -111.603814845169893, 40.417916149984286 ], [ -111.603873459621866, 40.417853861333498 ], [ -111.603894892819497, 40.417798974137142 ], [ -111.60389738125275, 40.417734546170017 ], [ -111.603876440493153, 40.417567717170414 ], [ -111.603900452049984, 40.417379391923497 ], [ -111.603983713574678, 40.417213099692759 ], [ -111.604085136929797, 40.417113830208223 ], [ -111.604177868372503, 40.417097039207277 ], [ -111.604290940040002, 40.417100862722648 ], [ -111.604815809262689, 40.417205416420671 ], [ -111.604942939395315, 40.417186462853905 ], [ -111.605008289850517, 40.417113147292874 ], [ -111.605039068760874, 40.41700956190347 ], [ -111.605083844376864, 40.416863200177644 ], [ -111.605167290462958, 40.416704744030092 ], [ -111.605362543468686, 40.41652750409925 ], [ -111.605561055492046, 40.416385202028529 ], [ -111.605713222241718, 40.416240439700452 ], [ -111.60578198603487, 40.416114222463591 ], [ -111.605815966626508, 40.416012962441755 ], [ -111.605869365703299, 40.415868987661185 ], [ -111.605966118123533, 40.415761993177448 ], [ -111.606115375422348, 40.415713552721435 ], [ -111.606314787441818, 40.415698182693532 ], [ -111.606477180133396, 40.415721205051724 ], [ -111.606689941784069, 40.41580108050799 ], [ -111.606863768510635, 40.415863502129561 ], [ -111.607053793908676, 40.415852864821737 ], [ -111.607240749531698, 40.415802333063262 ], [ -111.607424950556734, 40.41570767094148 ], [ -111.607564144678747, 40.415588920505272 ], [ -111.60764805680229, 40.415483073182521 ], [ -111.607743681456952, 40.415421398857454 ], [ -111.607843617280977, 40.415432765497975 ], [ -111.607897115374968, 40.41549671902844 ], [ -111.607885471913306, 40.415591195495352 ], [ -111.607789022864765, 40.415692243986271 ], [ -111.607548837832852, 40.415944409476083 ], [ -111.607366291042226, 40.416105099717171 ], [ -111.607236331356049, 40.416215422956697 ], [ -111.607015680621572, 40.416307122969336 ], [ -111.606841489570826, 40.416348578278885 ], [ -111.606726593583971, 40.41640395653436 ], [ -111.606668229370626, 40.416506786217319 ], [ -111.606641366241746, 40.416652333842706 ], [ -111.606623674172567, 40.416742877907957 ], [ -111.606626564868122, 40.416841602335403 ], [ -111.606656954471433, 40.416983606271387 ], [ -111.606774988058405, 40.417264160459318 ], [ -111.60690367434924, 40.417523307057955 ], [ -111.606961224503763, 40.417683907214986 ], [ -111.607024045954958, 40.417906372077816 ], [ -111.607096684869902, 40.418027703412605 ], [ -111.607188266919934, 40.418158304662413 ], [ -111.607226799206117, 40.418274950119759 ], [ -111.607121426408028, 40.418354152813933 ], [ -111.607028247590534, 40.418399957776131 ], [ -111.606969592678922, 40.418457473411536 ], [ -111.606917633223119, 40.418564864196313 ], [ -111.606937778617166, 40.418734129222777 ], [ -111.606978719783029, 40.418935177220192 ], [ -111.606959015754043, 40.419024830956211 ], [ -111.606866574813822, 40.419139731581879 ], [ -111.606786852194929, 40.4192926738042 ], [ -111.606754793972996, 40.419437347746211 ], [ -111.606742778512057, 40.419595610298849 ], [ -111.60667253499345, 40.419727871886749 ], [ -111.606589891959331, 40.419844522683675 ], [ -111.606506973498057, 40.41993054398516 ], [ -111.606354705898099, 40.420038550758527 ], [ -111.606189087930176, 40.420103834190819 ], [ -111.605924619614228, 40.420174410313017 ], [ -111.605775395199259, 40.420227625154773 ], [ -111.605657936606917, 40.420287250027911 ], [ -111.605603095192336, 40.420349699976576 ], [ -111.605575678987918, 40.4204471416693 ], [ -111.605563682844434, 40.420555313485089 ], [ -111.605536153387334, 40.420640143044437 ], [ -111.605482498364836, 40.420703487627485 ], [ -111.605371005681832, 40.420758125967843 ], [ -111.605254279572762, 40.420781259813829 ], [ -111.605119302721633, 40.420780344730005 ], [ -111.60497394027459, 40.420804348899459 ], [ -111.604900007583112, 40.420841132437673 ], [ -111.60485852478574, 40.420921169935113 ], [ -111.604817608467542, 40.421051294944931 ], [ -111.604790317801587, 40.421307655974346 ], [ -111.604785330299705, 40.421448313814459 ], [ -111.604733142345609, 40.42154399296912 ], [ -111.60461219180209, 40.421635256912694 ], [ -111.604500560727956, 40.421753679423112 ], [ -111.604474195760517, 40.421876611037106 ], [ -111.604480063198949, 40.422018473367956 ], [ -111.604509312565611, 40.4221386817376 ], [ -111.604600821724333, 40.422287393574138 ], [ -111.604713850698275, 40.422403920452531 ], [ -111.604785527298787, 40.422509852652468 ], [ -111.604824072467295, 40.42265442690492 ], [ -111.604877870226957, 40.422896219386217 ], [ -111.604915432353081, 40.423102060471329 ], [ -111.604903834392957, 40.423202212010921 ], [ -111.604836106713009, 40.423300314853641 ], [ -111.604728085443099, 40.423427187203991 ], [ -111.604654632866911, 40.423557392198838 ], [ -111.604635203723689, 40.423665062196797 ], [ -111.604643955013174, 40.423773485716218 ], [ -111.604689480106956, 40.423973429297618 ], [ -111.60476718769101, 40.424120771682894 ], [ -111.604867926134133, 40.42423348875441 ], [ -111.604996773794653, 40.424338941469806 ], [ -111.605111113168491, 40.424390775885122 ], [ -111.605223406678917, 40.424398476425097 ], [ -111.605343267596723, 40.424369290112239 ], [ -111.605440773500632, 40.424305445716485 ], [ -111.605508650774382, 40.424224008543241 ], [ -111.605567642780898, 40.424150816130428 ], [ -111.605650753451087, 40.424085515415555 ], [ -111.605788045636857, 40.424054705779646 ], [ -111.605933151243164, 40.424067008504203 ], [ -111.606069596103296, 40.424125663100348 ], [ -111.606162130758051, 40.424204097466273 ], [ -111.606182895458119, 40.424284800000692 ], [ -111.60618073018918, 40.424384992274703 ], [ -111.606145903152367, 40.424484274709897 ], [ -111.606131241987725, 40.424584442404964 ], [ -111.606191198012695, 40.424671155710065 ], [ -111.6064218706058, 40.42483895620358 ], [ -111.606667111227367, 40.425040463811591 ], [ -111.606837252034353, 40.425227860507377 ], [ -111.606924461253612, 40.425395512025169 ], [ -111.607062701694517, 40.42567965310586 ], [ -111.60719369815132, 40.425852930364961 ], [ -111.607250720655188, 40.42595398292768 ], [ -111.607273428409613, 40.426040801199967 ], [ -111.607251095923203, 40.426166054524082 ], [ -111.607260120035662, 40.426304296382213 ], [ -111.607383349435793, 40.42647887547141 ], [ -111.607480023774144, 40.426649990335072 ], [ -111.607556560521317, 40.426849589517701 ], [ -111.607618579762416, 40.426968633760104 ], [ -111.607704997296821, 40.427060972956731 ], [ -111.607905461638182, 40.427145685366156 ], [ -111.608140413435237, 40.427263639663138 ], [ -111.60874840511579, 40.427582243749548 ], [ -111.609208443317243, 40.427756217992609 ], [ -111.609565259912031, 40.427870103669818 ], [ -111.609740404833218, 40.427918099281968 ], [ -111.609912020525343, 40.427940797764265 ], [ -111.610084611870576, 40.42790186881345 ], [ -111.610254156352312, 40.427838901475582 ], [ -111.610341303942178, 40.427802855593185 ], [ -111.610444097803693, 40.427789249699885 ], [ -111.610637931949412, 40.427831109188219 ], [ -111.611142823009104, 40.427958351992046 ], [ -111.6115382104623, 40.428048063534511 ], [ -111.611748990464406, 40.428008389539023 ], [ -111.611861880669039, 40.427990134333889 ], [ -111.611955544651366, 40.427996755729744 ], [ -111.612005733628592, 40.428032256044936 ], [ -111.612022072695126, 40.428118025961268 ], [ -111.611985524441479, 40.428208760571678 ], [ -111.611886854209445, 40.428313157409235 ], [ -111.611806495735436, 40.428421871696827 ], [ -111.611741998327219, 40.428524646103966 ], [ -111.611743284587988, 40.428653559045664 ], [ -111.611786633393805, 40.428792790004216 ], [ -111.612347913722672, 40.429975681625905 ], [ -111.612356570441648, 40.430072212943109 ], [ -111.612308083367466, 40.430250488879999 ], [ -111.612282828294596, 40.430364587303892 ], [ -111.612277823276841, 40.430501641674255 ], [ -111.612296854517609, 40.430572171936454 ] ] } },
{ "type": "Feature", "properties": { "SEGID": "0067_000.0", "BMP": 0.0, "EMP": 3.999, "DISTANCE": 1.04230888308, "FULLNAME": null, "FNCLASS": null, "FC_CODE": -1, "FC_GROUP": null, "FC_NAME": null, "CO_FIPS": 11, "CO_NAME": null, "PLANAREA": "WFRC", "X": -1.0, "Y": -1.0, "ONLRS": null, "T_MODEL": null, "RT_NUM": -1, "CCSGROUP": "COF", "SUTRUCKS": 0.0646, "CUTRUCKS": 0.0957, "F2050": -1, "F2040": -1, "FORNOTES": null, "ForecastSo": null, "AADT1981": 0, "AADT1982": 0, "AADT1983": 0, "AADT1984": 0, "AADT1985": 0, "AADT1986": 0, "AADT1987": 0, "AADT1988": 0, "AADT1989": 0, "AADT1990": 0, "AADT1991": 0, "AADT1992": 0, "AADT1993": 0, "AADT1994": 0, "AADT1995": -1, "AADT1996": 0, "AADT1997": 0, "AADT1998": 0, "AADT1999": 0, "AADT2000": 0, "AADT2001": 0, "AADT2002": 0, "AADT2003": 0, "AADT2004": 0, "AADT2005": 0, "AADT2006": 0, "AADT2007": 0, "AADT2008": 27785, "AADT2009": 27980, "AADT2010": 23095, "AADT2011": 20040, "AADT2012": 20240, "AADT2013": 21015, "AADT2014": 23230, "AADT2015": 25275, "AADT2016": 22119, "AADT2017": 21436, "AADT2018": 23146, "AADT2019": 23570, "AADT2020": 19728, "AADT2021": 30139, "AADT2022": 34660, "AADT2023": 36774, "FACGEO": "Legacy", "FAC_MON": 1.1779, "FAC_TUE": 1.2184, "FAC_WED": 1.2266, "FAC_THU": 1.229, "FAC_FRI": 1.1784, "FAC_SAT": 0.5639, "FAC_SUN": 0.4057, "FAC_WDAVG": 1.2247, "FAC_WEAVG": 0.4848, "FAC_WEMAX": 0.5639, "FAC_JAN": 0.9277, "FAC_FEB": 0.9457, "FAC_MAR": 0.9745, "FAC_APR": 1.0042, "FAC_MAY": 1.0269, "FAC_JUN": 1.0501, "FAC_JUL": 1.012, "FAC_AUG": 1.0479, "FAC_SEP": 1.0319, "FAC_OCT": 1.0257, "FAC_NOV": 1.001, "FAC_DEC": 0.9524, "FAC_WIN": 0.9419, "FAC_SPR": 1.0019, "FAC_SUM": 1.0367, "FAC_FAL": 1.0195, "FAC_MAXMO": 6.0, "FAC_MAX": 1.0501, "FACMANADJ": 0.0, "SUBAREAID": -1, "MIDPOINT_M": -1.0, "ROUTE_ID": null, "DIRECTION": "NB/SB", "MODEL_ROUTE": 67, "MODEL_MP": 0.0 }, "geometry": { "type": "LineString", "coordinates": [ [ -111.947095219319323, 40.82775560973969 ], [ -111.946925738293444, 40.828163276935129 ], [ -111.946655763111153, 40.828809768750183 ], [ -111.946540704861945, 40.829025111240718 ], [ -111.94631512531096, 40.829433057650007 ], [ -111.945869164516097, 40.83004784058172 ], [ -111.945685031727336, 40.830301673670064 ], [ -111.945017025548239, 40.830965387116294 ], [ -111.944267791053406, 40.831630932757463 ], [ -111.942894654438675, 40.832921168053097 ], [ -111.942226737272634, 40.833636842506763 ], [ -111.941796992160349, 40.834312553414307 ], [ -111.941565721323371, 40.834824492821582 ], [ -111.941405615131217, 40.835252884265032 ], [ -111.941266151918597, 40.835832717043154 ], [ -111.941222796691576, 40.836314565583727 ], [ -111.941224399219763, 40.83687225758451 ], [ -111.941306113217621, 40.837324438924846 ], [ -111.941843101196142, 40.839279544299742 ], [ -111.942246000467762, 40.840701098594984 ], [ -111.942453762584549, 40.841501140898394 ] ] } },
{ "type": "Feature", "properties": { "SEGID": "0215_003.7", "BMP": 3.667, "EMP": 6.264, "DISTANCE": 2.6021930841300001, "FULLNAME": null, "FNCLASS": null, "FC_CODE": -1, "FC_GROUP": null, "FC_NAME": null, "CO_FIPS": 35, "CO_NAME": null, "PLANAREA": "WFRC", "X": -1.0, "Y": -1.0, "ONLRS": null, "T_MODEL": null, "RT_NUM": -1, "CCSGROUP": "CO8", "SUTRUCKS": 0.0713, "CUTRUCKS": 0.0207, "F2050": -1, "F2040": -1, "FORNOTES": null, "ForecastSo": null, "AADT1981": 0, "AADT1982": 0, "AADT1983": 0, "AADT1984": 0, "AADT1985": 0, "AADT1986": 0, "AADT1987": 22155, "AADT1988": 22920, "AADT1989": 33790, "AADT1990": 34785, "AADT1991": 36780, "AADT1992": 42325, "AADT1993": 43680, "AADT1994": 46780, "AADT1995": -1, "AADT1996": 50270, "AADT1997": 49285, "AADT1998": 49800, "AADT1999": 50796, "AADT2000": 51810, "AADT2001": 53200, "AADT2002": 55328, "AADT2003": 65920, "AADT2004": 66450, "AADT2005": 63280, "AADT2006": 64850, "AADT2007": 66050, "AADT2008": 65265, "AADT2009": 66315, "AADT2010": 66700, "AADT2011": 65855, "AADT2012": 66260, "AADT2013": 66375, "AADT2014": 68165, "AADT2015": 71100, "AADT2016": 71049, "AADT2017": 67724, "AADT2018": 70907, "AADT2019": 71231, "AADT2020": 60831, "AADT2021": 68277, "AADT2022": 68072, "AADT2023": 67936, "FACGEO": "I215", "FAC_MON": 1.0317, "FAC_TUE": 1.0951, "FAC_WED": 1.1089, "FAC_THU": 1.1287, "FAC_FRI": 1.1197, "FAC_SAT": 0.8759, "FAC_SUN": 0.6399, "FAC_WDAVG": 1.1109, "FAC_WEAVG": 0.7579, "FAC_WEMAX": 0.8759, "FAC_JAN": 0.9349, "FAC_FEB": 0.9718, "FAC_MAR": 0.9643, "FAC_APR": 0.9819, "FAC_MAY": 1.0193, "FAC_JUN": 0.99, "FAC_JUL": 1.014, "FAC_AUG": 1.0495, "FAC_SEP": 1.0288, "FAC_OCT": 1.0163, "FAC_NOV": 1.0107, "FAC_DEC": 1.0186, "FAC_WIN": 0.9751, "FAC_SPR": 0.9885, "FAC_SUM": 1.0179, "FAC_FAL": 1.0186, "FAC_MAXMO": 8.0, "FAC_MAX": 1.0495, "FACMANADJ": 0.0, "SUBAREAID": -1, "MIDPOINT_M": -1.0, "ROUTE_ID": null, "DIRECTION": "NB/SB", "MODEL_ROUTE": 215, "MODEL_MP": 3.7 }, "geometry": { "type": "LineString", "coordinates": [ [ -111.80270633046915, 40.674528007731716 ], [ -111.802727402396215, 40.674499303884218 ], [ -111.802849876911537, 40.674332603494236 ], [ -111.803651312019397, 40.673282027039697 ], [ -111.804354361203877, 40.672316811515167 ], [ -111.804558227213235, 40.672051438229239 ], [ -111.805293857480976, 40.670944554403427 ], [ -111.805386323021466, 40.670762836026185 ], [ -111.805599592214648, 40.670040928387358 ], [ -111.805693518348463, 40.669351743837389 ], [ -111.805723124001233, 40.667388557924788 ], [ -111.80579978615026, 40.665609719776157 ], [ -111.805953957600678, 40.66307631742837 ], [ -111.806014722872035, 40.662404750005976 ], [ -111.806114887070109, 40.661753356958734 ], [ -111.806633899525437, 40.659321273421305 ], [ -111.807030392890795, 40.657768115444242 ], [ -111.807182234080742, 40.657214824163475 ], [ -111.807774011928018, 40.654888256722849 ], [ -111.807869423204323, 40.654345178556547 ], [ -111.807922395430253, 40.654049414354304 ], [ -111.808103147988319, 40.653070260640476 ], [ -111.808183093478576, 40.65226540891323 ], [ -111.808276106421701, 40.649642609837201 ], [ -111.808339044557457, 40.648585454138441 ], [ -111.808390804444315, 40.647484234081013 ], [ -111.808541539574051, 40.645891709154505 ], [ -111.808656879882022, 40.644541944681798 ], [ -111.808635968302156, 40.643593479163847 ], [ -111.808580396322014, 40.642712821221323 ], [ -111.808551684217832, 40.642097730597506 ], [ -111.808343852494758, 40.639869541210054 ], [ -111.808349538832431, 40.639458706147153 ], [ -111.808372612510638, 40.638920727082237 ], [ -111.808405543814303, 40.638709693640209 ], [ -111.80851207686041, 40.63820842594648 ], [ -111.808638992297332, 40.637867549863792 ], [ -111.808761642839684, 40.637633906683988 ], [ -111.808803951194449, 40.637553252952522 ] ] } },
{ "type": "Feature", "properties": { "SEGID": "0015_261.8", "BMP": 261.785, "EMP": 263.359, "DISTANCE": 1.5775023588399999, "FULLNAME": null, "FNCLASS": null, "FC_CODE": -1, "FC_GROUP": null, "FC_NAME": null, "CO_FIPS": 49, "CO_NAME": null, "PLANAREA": "MAG", "X": -1.0, "Y": -1.0, "ONLRS": null, "T_MODEL": null, "RT_NUM": -1, "CCSGROUP": "CO6", "SUTRUCKS": 0.0846, "CUTRUCKS": 0.0795, "F2050": -1, "F2040": -1, "FORNOTES": null, "ForecastSo": null, "AADT1981": 24225, "AADT1982": 25525, "AADT1983": 27340, "AADT1984": 37100, "AADT1985": 37140, "AADT1986": 30905, "AADT1987": 35965, "AADT1988": 39895, "AADT1989": 42285, "AADT1990": 47550, "AADT1991": 48115, "AADT1992": 50785, "AADT1993": 54490, "AADT1994": 58485, "AADT1995": -1, "AADT1996": 66985, "AADT1997": 73730, "AADT1998": 78875, "AADT1999": 83213, "AADT2000": 87373, "AADT2001": 85717, "AADT2002": 93977, "AADT2003": 95251, "AADT2004": 94025, "AADT2005": 98075, "AADT2006": 101640, "AADT2007": 96030, "AADT2008": 93845, "AADT2009": 99685, "AADT2010": 102280, "AADT2011": 97780, "AADT2012": 96900, "AADT2013": 101260, "AADT2014": 105005, "AADT2015": 111620, "AADT2016": 121220, "AADT2017": 132736, "AADT2018": 135656, "AADT2019": 139454, "AADT2020": 129971, "AADT2021": 144110, "AADT2022": 146272, "AADT2023": 150368, "FACGEO": "I15", "FAC_MON": 0.9821, "FAC_TUE": 1.0289, "FAC_WED": 1.0519, "FAC_THU": 1.0833, "FAC_FRI": 1.1293, "FAC_SAT": 1.0039, "FAC_SUN": 0.7206, "FAC_WDAVG": 1.0547, "FAC_WEAVG": 0.8622, "FAC_WEMAX": 1.0039, "FAC_JAN": 0.8976, "FAC_FEB": 0.9442, "FAC_MAR": 0.9656, "FAC_APR": 0.9912, "FAC_MAY": 1.0346, "FAC_JUN": 1.0017, "FAC_JUL": 1.049, "FAC_AUG": 1.0329, "FAC_SEP": 1.0248, "FAC_OCT": 1.0301, "FAC_NOV": 1.0196, "FAC_DEC": 1.0086, "FAC_WIN": 0.9501, "FAC_SPR": 0.9971, "FAC_SUM": 1.0279, "FAC_FAL": 1.0248, "FAC_MAXMO": 7.0, "FAC_MAX": 1.049, "FACMANADJ": 0.0, "SUBAREAID": -1, "MIDPOINT_M": -1.0, "ROUTE_ID": null, "DIRECTION": "NB/SB", "MODEL_ROUTE": 15, "MODEL_MP": 261.8 }, "geometry": { "type": "LineString", "coordinates": [ [ -111.646376475789651, 40.187771797692207 ], [ -111.646373706026637, 40.188135883132162 ], [ -111.646395345768596, 40.188843811263304 ], [ -111.646413549394154, 40.189189760756818 ], [ -111.646461532208008, 40.189603655050256 ], [ -111.646543730189023, 40.190218538156117 ], [ -111.646618088222297, 40.190626248743925 ], [ -111.646733328878881, 40.19113283430756 ], [ -111.647001009438199, 40.192005070331852 ], [ -111.647143177127504, 40.192476548445477 ], [ -111.647363474547646, 40.193034800521907 ], [ -111.647643070710544, 40.193651281535978 ], [ -111.647888466566485, 40.194130109447215 ], [ -111.648267165367315, 40.194789279363789 ], [ -111.648541493188858, 40.195221094968367 ], [ -111.648860732932107, 40.195680587335367 ], [ -111.649568789719879, 40.196600800695421 ], [ -111.651172198934916, 40.198559625200261 ], [ -111.652142148903764, 40.199792506360822 ], [ -111.65384101557116, 40.201887697452676 ], [ -111.6550737538427, 40.203361060821784 ], [ -111.655908292988244, 40.204318267522851 ], [ -111.657520607200837, 40.206272986242205 ], [ -111.658319624957045, 40.207231457782555 ], [ -111.658969234493057, 40.208072571106619 ], [ -111.658985388637845, 40.208093484511593 ] ] } },
{ "type": "Feature", "properties": { "SEGID": "2878_004.4", "BMP": 4.367, "EMP": 4.887, "DISTANCE": 0.51614299114600004, "FULLNAME": null, "FNCLASS": null, "FC_CODE": -1, "FC_GROUP": null, "FC_NAME": null, "CO_FIPS": 49, "CO_NAME": null, "PLANAREA": "MAG", "X": -1.0, "Y": -1.0, "ONLRS": null, "T_MODEL": null, "RT_NUM": -1, "CCSGROUP": "COS", "SUTRUCKS": 0.1242, "CUTRUCKS": 0.0924, "F2050": -1, "F2040": -1, "FORNOTES": null, "ForecastSo": null, "AADT1981": 0, "AADT1982": 0, "AADT1983": 0, "AADT1984": 0, "AADT1985": 0, "AADT1986": 0, "AADT1987": 0, "AADT1988": 0, "AADT1989": 0, "AADT1990": 0, "AADT1991": 0, "AADT1992": 0, "AADT1993": 0, "AADT1994": 0, "AADT1995": -1, "AADT1996": 0, "AADT1997": 0, "AADT1998": 0, "AADT1999": 0, "AADT2000": 0, "AADT2001": 0, "AADT2002": 0, "AADT2003": 0, "AADT2004": 0, "AADT2005": 0, "AADT2006": 0, "AADT2007": 0, "AADT2008": 2000, "AADT2009": 1990, "AADT2010": 1980, "AADT2011": 1975, "AADT2012": 1935, "AADT2013": 1885, "AADT2014": 1910, "AADT2015": 1990, "AADT2016": 2095, "AADT2017": 2152, "AADT2018": 2174, "AADT2019": 2213, "AADT2020": 1976, "AADT2021": 2142, "AADT2022": 2163, "AADT2023": 2193, "FACGEO": "Statewide", "FAC_MON": 1.0192, "FAC_TUE": 1.0405, "FAC_WED": 1.0681, "FAC_THU": 1.0969, "FAC_FRI": 1.1387, "FAC_SAT": 0.933, "FAC_SUN": 0.7037, "FAC_WDAVG": 1.0685, "FAC_WEAVG": 0.8183, "FAC_WEMAX": 0.933, "FAC_JAN": 0.8955, "FAC_FEB": 0.9293, "FAC_MAR": 0.9648, "FAC_APR": 1.0277, "FAC_MAY": 1.0822, "FAC_JUN": 1.0365, "FAC_JUL": 1.0362, "FAC_AUG": 1.0513, "FAC_SEP": 1.0553, "FAC_OCT": 1.0503, "FAC_NOV": 0.9777, "FAC_DEC": 0.893, "FAC_WIN": 0.906, "FAC_SPR": 1.0249, "FAC_SUM": 1.0414, "FAC_FAL": 1.0278, "FAC_MAXMO": 5.0, "FAC_MAX": 1.0822, "FACMANADJ": 0.0, "SUBAREAID": -1, "MIDPOINT_M": -1.0, "ROUTE_ID": null, "DIRECTION": "NB/SB", "MODEL_ROUTE": 2878, "MODEL_MP": 4.4 }, "geometry": { "type": "LineString", "coordinates": [ [ -111.886425763605089, 40.398686974588323 ], [ -111.886461432979615, 40.399923816992889 ], [ -111.886569076026532, 40.403861544507855 ], [ -111.886595368857627, 40.404787467291307 ], [ -111.886634703480496, 40.406168243890292 ] ] } },
{ "type": "Feature", "properties": { "SEGID": "0089_297.1", "BMP": 297.111, "EMP": 312.784, "DISTANCE": 15.725146022000001, "FULLNAME": null, "FNCLASS": null, "FC_CODE": -1, "FC_GROUP": null, "FC_NAME": null, "CO_FIPS": 49, "CO_NAME": null, "PLANAREA": "MAG", "X": -1.0, "Y": -1.0, "ONLRS": null, "T_MODEL": null, "RT_NUM": -1, "CCSGROUP": "COQ", "SUTRUCKS": 0.1169, "CUTRUCKS": 0.0491, "F2050": -1, "F2040": -1, "FORNOTES": null, "ForecastSo": null, "AADT1981": 1785, "AADT1982": 1685, "AADT1983": 420, "AADT1984": 960, "AADT1985": 1300, "AADT1986": 1410, "AADT1987": 1455, "AADT1988": 1500, "AADT1989": 1470, "AADT1990": 1480, "AADT1991": 1500, "AADT1992": 1515, "AADT1993": 1595, "AADT1994": 1800, "AADT1995": -1, "AADT1996": 2060, "AADT1997": 2155, "AADT1998": 2430, "AADT1999": 2675, "AADT2000": 2525, "AADT2001": 2470, "AADT2002": 2410, "AADT2003": 2425, "AADT2004": 2535, "AADT2005": 2615, "AADT2006": 2835, "AADT2007": 2060, "AADT2008": 2305, "AADT2009": 2435, "AADT2010": 2360, "AADT2011": 2345, "AADT2012": 2340, "AADT2013": 2420, "AADT2014": 2425, "AADT2015": 2625, "AADT2016": 2806, "AADT2017": 2897, "AADT2018": 2971, "AADT2019": 3000, "AADT2020": 3210, "AADT2021": 3366, "AADT2022": 3457, "AADT2023": 3547, "FACGEO": "Statewide", "FAC_MON": 0.9285, "FAC_TUE": 0.9239, "FAC_WED": 0.9652, "FAC_THU": 1.0239, "FAC_FRI": 1.1765, "FAC_SAT": 1.0757, "FAC_SUN": 0.9062, "FAC_WDAVG": 0.971, "FAC_WEAVG": 0.991, "FAC_WEMAX": 1.0757, "FAC_JAN": 0.8114, "FAC_FEB": 0.8515, "FAC_MAR": 0.9126, "FAC_APR": 1.0098, "FAC_MAY": 1.0494, "FAC_JUN": 1.1517, "FAC_JUL": 1.1599, "FAC_AUG": 1.0955, "FAC_SEP": 1.1001, "FAC_OCT": 1.0857, "FAC_NOV": 0.9277, "FAC_DEC": 0.8447, "FAC_WIN": 0.8359, "FAC_SPR": 0.9906, "FAC_SUM": 1.1357, "FAC_FAL": 1.0378, "FAC_MAXMO": 7.0, "FAC_MAX": 1.1599, "FACMANADJ": 0.0, "SUBAREAID": -1, "MIDPOINT_M": -1.0, "ROUTE_ID": null, "DIRECTION": "NB/SB", "MODEL_ROUTE": 89, "MODEL_MP": 297.1 }, "geometry": { "type": "LineString", "coordinates": [ [ -111.506024874427354, 39.813109719585412 ], [ -111.506046209740745, 39.813183238404676 ], [ -111.506959794898762, 39.816198507368675 ], [ -111.508253657658656, 39.820544682660085 ], [ -111.508587913631843, 39.821506387788411 ], [ -111.509194931720742, 39.823010198338807 ], [ -111.5099730086921, 39.824888069598508 ], [ -111.510557085426328, 39.826283852888288 ], [ -111.510675977618007, 39.826559035607687 ], [ -111.510797788287974, 39.82691259232255 ], [ -111.510935070824161, 39.827461597687872 ], [ -111.51106025603292, 39.828112469075052 ], [ -111.511262321909143, 39.829360364117584 ], [ -111.511885627846979, 39.833261554654065 ], [ -111.51206140448042, 39.83444315953929 ], [ -111.512625343430983, 39.838065205069199 ], [ -111.512769917177536, 39.838646610852841 ], [ -111.513135502865509, 39.839871252474822 ], [ -111.51325115784293, 39.840177981087521 ], [ -111.513381933815864, 39.840474731681809 ], [ -111.513814221456983, 39.841393637425995 ], [ -111.517354620802791, 39.847635326829803 ], [ -111.517843486258059, 39.848525762737324 ], [ -111.518282375234875, 39.849312895256752 ], [ -111.518728366025059, 39.850094858558087 ], [ -111.519088830004023, 39.850648169596752 ], [ -111.519979809415375, 39.85179430053455 ], [ -111.522906620943971, 39.855373052839553 ], [ -111.523624777750911, 39.856251887529069 ], [ -111.524652610995261, 39.857526115516066 ], [ -111.52553312412752, 39.858624947227398 ], [ -111.526053403623152, 39.859241572194236 ], [ -111.529204616401202, 39.863107820344354 ], [ -111.530958799045052, 39.865286515523835 ], [ -111.532955810577846, 39.867704632815865 ], [ -111.533968700229764, 39.868952354563689 ], [ -111.534816448422305, 39.870009818254175 ], [ -111.535026230970587, 39.870282302040771 ], [ -111.536510425773415, 39.87206977282473 ], [ -111.537370829891387, 39.873045799014726 ], [ -111.537758031748467, 39.873499275763173 ], [ -111.543025463871601, 39.87959183573718 ], [ -111.543672160580741, 39.880375461291365 ], [ -111.543897665763666, 39.880720024069156 ], [ -111.545054872869713, 39.882671813370088 ], [ -111.546080758747664, 39.884440586947548 ], [ -111.546347844503899, 39.884951812227776 ], [ -111.546615597506488, 39.885546555452457 ], [ -111.546830221386742, 39.886122087113051 ], [ -111.547712841872993, 39.888423554626151 ], [ -111.548652431343456, 39.890821150734411 ], [ -111.548943169030593, 39.891637872917116 ], [ -111.549118667715987, 39.892083932564766 ], [ -111.549630715602106, 39.893324871393176 ], [ -111.549832986711749, 39.893943792716264 ], [ -111.549943772276492, 39.894267713373146 ], [ -111.550083145066935, 39.894948469884326 ], [ -111.5501233902785, 39.895329757416931 ], [ -111.550115266707266, 39.895601173594748 ], [ -111.550129444174203, 39.895765086191183 ], [ -111.550110289754059, 39.896514889239654 ], [ -111.5500394446629, 39.896944365844092 ], [ -111.549893259386451, 39.897636387097585 ], [ -111.549258229903572, 39.900585535865609 ], [ -111.54916026222952, 39.901194166290303 ], [ -111.549138434412811, 39.901551871511558 ], [ -111.549134822192414, 39.901876063830777 ], [ -111.549161354122248, 39.902415359228506 ], [ -111.549219853094158, 39.902841159010443 ], [ -111.549313083689015, 39.903543577428877 ], [ -111.549617581355065, 39.905635217174265 ], [ -111.549910436901399, 39.907585275490646 ], [ -111.550149297742124, 39.909408729713292 ], [ -111.550258590688955, 39.910156840428606 ], [ -111.550410609149623, 39.911316588757202 ], [ -111.55054847321388, 39.912212955661801 ], [ -111.550703215544985, 39.913375573401105 ], [ -111.550733606212162, 39.913985396169515 ], [ -111.550688656095915, 39.914567195633033 ], [ -111.550556371375748, 39.915128416737645 ], [ -111.550386448218944, 39.915563047687762 ], [ -111.550224948764992, 39.915880870731698 ], [ -111.550032967260208, 39.9161913599469 ], [ -111.549616221249934, 39.916722574472566 ], [ -111.549250335727763, 39.917117948354509 ], [ -111.547975810052648, 39.918401754749119 ], [ -111.5475465369707, 39.91881823544395 ], [ -111.547041655314302, 39.919335981510812 ], [ -111.546409539118542, 39.919996770603632 ], [ -111.54610600783181, 39.920365351635233 ], [ -111.545830507426629, 39.920771911555569 ], [ -111.545527107901606, 39.921349608878991 ], [ -111.545124718279482, 39.92225338645185 ], [ -111.544619863879404, 39.923370816624576 ], [ -111.54434070872712, 39.924101654123859 ], [ -111.544278202456326, 39.924262052371986 ], [ -111.544151051765297, 39.924904149622414 ], [ -111.543801010459561, 39.9268086692324 ], [ -111.543562539996671, 39.92827703883345 ], [ -111.543432619971412, 39.929073846676786 ], [ -111.54339872728832, 39.929479267733313 ], [ -111.543423852028681, 39.930318235502355 ], [ -111.543804390081235, 39.933003812761939 ], [ -111.54388857739896, 39.933481839617968 ], [ -111.543928850363088, 39.93386781178372 ], [ -111.543924652764886, 39.934623845778013 ], [ -111.543899931507113, 39.935019763257671 ], [ -111.543837934870425, 39.935408557588097 ], [ -111.54376334784773, 39.935759389459996 ], [ -111.543666707488129, 39.936074465583545 ], [ -111.543560839549087, 39.936392017521285 ], [ -111.5433481959126, 39.93691270060549 ], [ -111.543198696567046, 39.937204238051542 ], [ -111.542884060046617, 39.937749183917816 ], [ -111.541921174155789, 39.939341398310404 ], [ -111.541583057713893, 39.94005808720771 ], [ -111.541416347733104, 39.940514221831847 ], [ -111.541177147330615, 39.941218554532355 ], [ -111.540387516263095, 39.943642363015385 ], [ -111.539620443442502, 39.945964519710977 ], [ -111.539452173547005, 39.946344705696248 ], [ -111.539253684963342, 39.946708003436065 ], [ -111.53896604819856, 39.947152713411093 ], [ -111.538732967656259, 39.947449408365493 ], [ -111.538489290453541, 39.947723627546033 ], [ -111.538016362900919, 39.948171808381673 ], [ -111.537698791948969, 39.948428259046928 ], [ -111.537179426304931, 39.948777543958336 ], [ -111.536905564126187, 39.948935583065747 ], [ -111.536685068764427, 39.949062020391061 ], [ -111.535412892809276, 39.949731474200775 ], [ -111.532034878003032, 39.951997763025268 ], [ -111.531323088797095, 39.952480168294265 ], [ -111.53080559080054, 39.952852030560173 ], [ -111.530291701461564, 39.953297754338024 ], [ -111.529947667059574, 39.953666476657105 ], [ -111.529754373510684, 39.953908101808523 ], [ -111.529524740695123, 39.954250081545212 ], [ -111.529359618897885, 39.954532121428798 ], [ -111.529207070340206, 39.954835546988313 ], [ -111.529085507097406, 39.955134055743201 ], [ -111.528967298977435, 39.955473093125221 ], [ -111.528868402098908, 39.955902680806389 ], [ -111.528584289604098, 39.957229407143018 ], [ -111.528476248653234, 39.957673271529877 ], [ -111.528296962616182, 39.958124578193541 ], [ -111.528098803520876, 39.958542724395109 ], [ -111.52790916430385, 39.95885109220076 ], [ -111.527700607638479, 39.959135669850056 ], [ -111.527279984534729, 39.959614381676985 ], [ -111.526735252807555, 39.960093655892749 ], [ -111.526128238703905, 39.960513565396568 ], [ -111.525640820129155, 39.960773185996239 ], [ -111.525156168993107, 39.960997113249327 ], [ -111.524748394268642, 39.961153928012685 ], [ -111.52399130171672, 39.961395751330471 ], [ -111.52341654853879, 39.961581877016499 ], [ -111.523181735101346, 39.961666367543145 ], [ -111.522675427369009, 39.961892724690749 ], [ -111.522067729782023, 39.962243510901573 ], [ -111.521710489256023, 39.962519286856832 ], [ -111.521295348740324, 39.962926414440616 ], [ -111.521068108837511, 39.963192053394827 ], [ -111.520826135364814, 39.963553081602853 ], [ -111.519999745034667, 39.964884562995785 ], [ -111.519772736999741, 39.965166866398739 ], [ -111.519423226140987, 39.965477017920293 ], [ -111.519111692334775, 39.965715370570308 ], [ -111.518766085616363, 39.965907654676435 ], [ -111.518401580927431, 39.966047585332468 ], [ -111.51806768896094, 39.966148005301903 ], [ -111.517523360091275, 39.966261256823792 ], [ -111.516879235846275, 39.966308278399239 ], [ -111.516462297736737, 39.966296621917856 ], [ -111.514224495855544, 39.966119166164667 ], [ -111.513072255435262, 39.966081114509947 ], [ -111.512607816229732, 39.966121370525158 ], [ -111.512137785331674, 39.966228321769648 ], [ -111.511662861867507, 39.966401694795131 ], [ -111.511298730479439, 39.966594038416225 ], [ -111.510904135636579, 39.966862737898133 ], [ -111.510670721337505, 39.967061080532702 ], [ -111.510399805005548, 39.967365542829796 ], [ -111.509841648558861, 39.968252759275792 ], [ -111.508871568452221, 39.969887611209508 ], [ -111.50791077428849, 39.97151754868549 ], [ -111.507733086611552, 39.971780601594553 ], [ -111.507561062883553, 39.971986327259934 ], [ -111.507189137247352, 39.972381321798373 ], [ -111.50684287806618, 39.972684573516631 ], [ -111.505245254665823, 39.973896334324323 ], [ -111.504793732783654, 39.974219860095339 ], [ -111.504423783956, 39.974553030022342 ], [ -111.504202883502828, 39.97477112649355 ], [ -111.504017186326337, 39.975015017624955 ], [ -111.503870424721015, 39.975282615112569 ], [ -111.503766868406288, 39.975533356582858 ], [ -111.503681525349307, 39.975856367263539 ], [ -111.50277392123121, 39.981256525812718 ], [ -111.50229844072247, 39.984026204851524 ], [ -111.502216742069123, 39.984305410805547 ], [ -111.502122239902619, 39.984515657420438 ], [ -111.502008992340393, 39.984709226988635 ], [ -111.501836989231947, 39.984924494040918 ], [ -111.501655628350875, 39.985125565916547 ], [ -111.50146777966718, 39.985288464209034 ], [ -111.500746996489056, 39.985882800228985 ], [ -111.500192648572124, 39.986350006820558 ], [ -111.49989096298242, 39.98662781759527 ], [ -111.499577432692291, 39.986984333824651 ], [ -111.499411797752373, 39.987223445662771 ], [ -111.499255687783986, 39.987483959440318 ], [ -111.499107228350439, 39.987958962241535 ], [ -111.499029716313601, 39.988381312730958 ], [ -111.498858332295953, 39.99037491693695 ], [ -111.498747354196013, 39.990883093799283 ], [ -111.498613162933296, 39.991179280945822 ], [ -111.498435549199215, 39.991480429830574 ], [ -111.498186682548493, 39.991777109548735 ], [ -111.497676206080783, 39.992229519556595 ], [ -111.496316073361115, 39.993241650166318 ], [ -111.495871598183953, 39.993493843303781 ], [ -111.495448290582829, 39.993676839517036 ], [ -111.494900930204068, 39.993843695922038 ], [ -111.494543687935646, 39.993913424533389 ], [ -111.494168353565982, 39.993959713752901 ], [ -111.49261404623492, 39.99410985552997 ], [ -111.491455807935736, 39.994377676831483 ], [ -111.490034716391094, 39.994861480582017 ], [ -111.487420305906667, 39.995712212859537 ], [ -111.486918883967249, 39.995870189029198 ], [ -111.486217265045795, 39.996045220581671 ], [ -111.485503743434023, 39.996194169495716 ], [ -111.484691476531154, 39.996294874397094 ], [ -111.484070949179426, 39.996342516446347 ], [ -111.483451350922351, 39.996355914276435 ], [ -111.482429642459252, 39.996325934523206 ], [ -111.48186706931142, 39.996285929022378 ], [ -111.480858380867531, 39.996124519216572 ], [ -111.480191000401049, 39.995988986578851 ], [ -111.479358792607229, 39.995768359144961 ], [ -111.477495581426766, 39.995155909406215 ], [ -111.477203792521507, 39.99509034892948 ], [ -111.476868778227569, 39.995058391730275 ], [ -111.476509511349789, 39.995093205399414 ], [ -111.476156916722857, 39.9951948428645 ], [ -111.475604269624114, 39.995401813401564 ], [ -111.475336855576643, 39.995472645860637 ], [ -111.475135475091392, 39.995487797080514 ], [ -111.474853237995987, 39.995465077923932 ], [ -111.474555357840941, 39.995416293864785 ], [ -111.474068373774841, 39.995260616195772 ], [ -111.473552548679677, 39.99506721337395 ], [ -111.47309918630782, 39.994945090694927 ], [ -111.472710908549104, 39.994900995517433 ], [ -111.472354765679924, 39.994862354122461 ], [ -111.471430997970643, 39.994847014528133 ], [ -111.469750091451658, 39.994789780047959 ], [ -111.469492953785846, 39.994805147431556 ], [ -111.469242545987342, 39.994896709475029 ], [ -111.469048156860666, 39.995026245623542 ], [ -111.468950146934333, 39.995203053098038 ], [ -111.468883430017144, 39.995519294892794 ] ] } },
{ "type": "Feature", "properties": { "SEGID": "0080_128.7", "BMP": 128.672, "EMP": 130.398, "DISTANCE": 1.7272167415899999, "FULLNAME": null, "FNCLASS": null, "FC_CODE": -1, "FC_GROUP": null, "FC_NAME": null, "CO_FIPS": 35, "CO_NAME": null, "PLANAREA": "WFRC", "X": -1.0, "Y": -1.0, "ONLRS": null, "T_MODEL": null, "RT_NUM": -1, "CCSGROUP": "COD", "SUTRUCKS": 0.0997, "CUTRUCKS": 0.0892, "F2050": -1, "F2040": -1, "FORNOTES": null, "ForecastSo": null, "AADT1981": 18580, "AADT1982": 19205, "AADT1983": 19280, "AADT1984": 20110, "AADT1985": 21370, "AADT1986": 20785, "AADT1987": 22510, "AADT1988": 23355, "AADT1989": 24585, "AADT1990": 25735, "AADT1991": 27945, "AADT1992": 31535, "AADT1993": 31890, "AADT1994": 35350, "AADT1995": -1, "AADT1996": 38565, "AADT1997": 40608, "AADT1998": 39325, "AADT1999": 38295, "AADT2000": 39060, "AADT2001": 41040, "AADT2002": 45179, "AADT2003": 43890, "AADT2004": 43880, "AADT2005": 43955, "AADT2006": 44375, "AADT2007": 51005, "AADT2008": 46695, "AADT2009": 46245, "AADT2010": 46205, "AADT2011": 46730, "AADT2012": 47160, "AADT2013": 49500, "AADT2014": 51775, "AADT2015": 54370, "AADT2016": 59100, "AADT2017": 58424, "AADT2018": 58236, "AADT2019": 58852, "AADT2020": 52967, "AADT2021": 59885, "AADT2022": 61562, "AADT2023": 63594, "FACGEO": "I80SR186US40", "FAC_MON": 0.9621, "FAC_TUE": 1.0304, "FAC_WED": 1.0417, "FAC_THU": 1.0932, "FAC_FRI": 1.12, "FAC_SAT": 0.9705, "FAC_SUN": 0.7819, "FAC_WDAVG": 1.0551, "FAC_WEAVG": 0.8762, "FAC_WEMAX": 0.9705, "FAC_JAN": 0.8669, "FAC_FEB": 0.9483, "FAC_MAR": 0.8491, "FAC_APR": 0.8611, "FAC_MAY": 0.9693, "FAC_JUN": 1.0308, "FAC_JUL": 1.2055, "FAC_AUG": 1.1866, "FAC_SEP": 1.1244, "FAC_OCT": 1.036, "FAC_NOV": 0.9561, "FAC_DEC": 0.9657, "FAC_WIN": 0.927, "FAC_SPR": 0.8932, "FAC_SUM": 1.141, "FAC_FAL": 1.0389, "FAC_MAXMO": 7.0, "FAC_MAX": 1.2055, "FACMANADJ": 0.0, "SUBAREAID": -1, "MIDPOINT_M": -1.0, "ROUTE_ID": null, "DIRECTION": "EB/WB", "MODEL_ROUTE": 80, "MODEL_MP": 128.7 }, "geometry": { "type": "LineString", "coordinates": [ [ -111.788930270120645, 40.712330692541869 ], [ -111.788567412335013, 40.712481543392201 ], [ -111.788110988907107, 40.712729693932779 ], [ -111.787698564649489, 40.712994658640426 ], [ -111.787131970443113, 40.71333814706589 ], [ -111.785570226812311, 40.714330721002035 ], [ -111.785153227167143, 40.714611022277488 ], [ -111.784848257097792, 40.714934431923162 ], [ -111.784563164422664, 40.715277164112642 ], [ -111.784431230437846, 40.715535705693895 ], [ -111.784314696157011, 40.715795043317435 ], [ -111.78421919559112, 40.716030815641162 ], [ -111.784117193761887, 40.716317980823902 ], [ -111.78401033192911, 40.716675355575141 ], [ -111.783898378289535, 40.717042854375926 ], [ -111.783744874462769, 40.717380816903123 ], [ -111.78356208877689, 40.717746003685122 ], [ -111.783348858706248, 40.718039328370217 ], [ -111.783047140313073, 40.718359377881875 ], [ -111.78269418383077, 40.718651847580297 ], [ -111.782289735856253, 40.718895118189174 ], [ -111.781708150668038, 40.719178324110892 ], [ -111.781423022937616, 40.719298267087567 ], [ -111.78112472358049, 40.719405686535964 ], [ -111.780820314124114, 40.719496931157195 ], [ -111.780083754827572, 40.71969109176532 ], [ -111.779672004607235, 40.719817291361892 ], [ -111.77926628805541, 40.719953358157326 ], [ -111.7786709643824, 40.720177185086278 ], [ -111.778283317478568, 40.720340152164674 ], [ -111.777902898195975, 40.720513879485857 ], [ -111.777529685440484, 40.720696565552338 ], [ -111.777166067980758, 40.720889996057586 ], [ -111.776496473336792, 40.721346732520018 ], [ -111.775888676380731, 40.721823769295682 ], [ -111.775353336140768, 40.722219239124612 ], [ -111.775022674763676, 40.722498923519744 ], [ -111.774813765628195, 40.722658876752071 ], [ -111.774363043354541, 40.723000623379896 ], [ -111.772847501959689, 40.724133247703072 ], [ -111.772284882456944, 40.724527985042116 ], [ -111.771955596644929, 40.724723871892984 ], [ -111.771690743208922, 40.724859870563705 ], [ -111.770983179661627, 40.725111433898626 ], [ -111.770073214275115, 40.725370649634527 ], [ -111.769174261131411, 40.725661314716376 ], [ -111.768732694520665, 40.725876858606405 ], [ -111.767981520595171, 40.726353907681869 ], [ -111.767817317547483, 40.726491029325366 ], [ -111.767488377520266, 40.726822029293366 ], [ -111.767062564079481, 40.727276188454731 ], [ -111.766348249106358, 40.72787189462732 ], [ -111.765955143988307, 40.72808170090839 ], [ -111.765593510969225, 40.728248056055428 ], [ -111.765119718248812, 40.72844398107285 ], [ -111.765101553497374, 40.728450227312059 ] ] } },
{ "type": "Feature", "properties": { "SEGID": "0154_008.3", "BMP": 8.274, "EMP": 9.6, "DISTANCE": 1.32868637041, "FULLNAME": null, "FNCLASS": null, "FC_CODE": -1, "FC_GROUP": null, "FC_NAME": null, "CO_FIPS": 35, "CO_NAME": null, "PLANAREA": "WFRC", "X": -1.0, "Y": -1.0, "ONLRS": null, "T_MODEL": null, "RT_NUM": -1, "CCSGROUP": "COT", "SUTRUCKS": 0.1307, "CUTRUCKS": 0.024, "F2050": -1, "F2040": -1, "FORNOTES": null, "ForecastSo": null, "AADT1981": 0, "AADT1982": 0, "AADT1983": 0, "AADT1984": 0, "AADT1985": 0, "AADT1986": 0, "AADT1987": 0, "AADT1988": 0, "AADT1989": 0, "AADT1990": 0, "AADT1991": 0, "AADT1992": 0, "AADT1993": 0, "AADT1994": 0, "AADT1995": -1, "AADT1996": 0, "AADT1997": 14775, "AADT1998": 25500, "AADT1999": 24980, "AADT2000": 24785, "AADT2001": 25030, "AADT2002": 25565, "AADT2003": 28253, "AADT2004": 29490, "AADT2005": 30630, "AADT2006": 31090, "AADT2007": 44025, "AADT2008": 39375, "AADT2009": 41965, "AADT2010": 42765, "AADT2011": 45490, "AADT2012": 43270, "AADT2013": 42325, "AADT2014": 45990, "AADT2015": 48245, "AADT2016": 50369, "AADT2017": 51729, "AADT2018": 52401, "AADT2019": 52925, "AADT2020": 46045, "AADT2021": 51018, "AADT2022": 52191, "AADT2023": 53235, "FACGEO": "Statewide", "FAC_MON": 1.0368, "FAC_TUE": 1.0865, "FAC_WED": 1.095, "FAC_THU": 1.1073, "FAC_FRI": 1.1176, "FAC_SAT": 0.9344, "FAC_SUN": 0.6223, "FAC_WDAVG": 1.0963, "FAC_WEAVG": 0.7784, "FAC_WEMAX": 0.9344, "FAC_JAN": 0.8755, "FAC_FEB": 0.9287, "FAC_MAR": 0.9462, "FAC_APR": 0.996, "FAC_MAY": 1.0349, "FAC_JUN": 1.0099, "FAC_JUL": 1.013, "FAC_AUG": 1.051, "FAC_SEP": 1.0444, "FAC_OCT": 1.0346, "FAC_NOV": 1.0468, "FAC_DEC": 1.0191, "FAC_WIN": 0.9411, "FAC_SPR": 0.9924, "FAC_SUM": 1.0246, "FAC_FAL": 1.0419, "FAC_MAXMO": 8.0, "FAC_MAX": 1.051, "FACMANADJ": 0.0, "SUBAREAID": -1, "MIDPOINT_M": -1.0, "ROUTE_ID": null, "DIRECTION": "NB/SB", "MODEL_ROUTE": 154, "MODEL_MP": 8.3 }, "geometry": { "type": "LineString", "coordinates": [ [ -111.984296071121989, 40.544203681510318 ], [ -111.984295880616642, 40.544932671480872 ], [ -111.984248429835262, 40.545321353088831 ], [ -111.98412379842506, 40.545875011925538 ], [ -111.983873521513729, 40.546606852977447 ], [ -111.98368109676079, 40.546991003495748 ], [ -111.98357174674328, 40.547209405967152 ], [ -111.983080205046207, 40.547910327441429 ], [ -111.98243054724459, 40.54861322240837 ], [ -111.981629715426337, 40.549413702110087 ], [ -111.980164213097012, 40.550799081112686 ], [ -111.979247705701852, 40.55168881146151 ], [ -111.978740507120818, 40.55222012216467 ], [ -111.977950986840852, 40.553316867905224 ], [ -111.977378365111477, 40.554548705710069 ], [ -111.977114408539222, 40.555565323284988 ], [ -111.977037103518072, 40.556665944286138 ], [ -111.977040892932706, 40.55773885283174 ], [ -111.977073877671273, 40.559925894581177 ], [ -111.977079226943317, 40.561918130308726 ] ] } },
{ "type": "Feature", "properties": { "SEGID": "0089_344.0", "BMP": 343.974, "EMP": 344.323, "DISTANCE": 0.343085239333, "FULLNAME": null, "FNCLASS": null, "FC_CODE": -1, "FC_GROUP": null, "FC_NAME": null, "CO_FIPS": 49, "CO_NAME": null, "PLANAREA": "MAG", "X": -1.0, "Y": -1.0, "ONLRS": null, "T_MODEL": null, "RT_NUM": -1, "CCSGROUP": "COU", "SUTRUCKS": 0.0801, "CUTRUCKS": 0.0144, "F2050": -1, "F2040": -1, "FORNOTES": null, "ForecastSo": null, "AADT1981": 12355, "AADT1982": 12300, "AADT1983": 12750, "AADT1984": 13050, "AADT1985": 13600, "AADT1986": 13825, "AADT1987": 14050, "AADT1988": 14110, "AADT1989": 14525, "AADT1990": 14810, "AADT1991": 16810, "AADT1992": 17340, "AADT1993": 17750, "AADT1994": 18630, "AADT1995": -1, "AADT1996": 22000, "AADT1997": 22525, "AADT1998": 30970, "AADT1999": 33505, "AADT2000": 33245, "AADT2001": 33465, "AADT2002": 35707, "AADT2003": 35070, "AADT2004": 34605, "AADT2005": 34555, "AADT2006": 35075, "AADT2007": 30975, "AADT2008": 29795, "AADT2009": 30005, "AADT2010": 30555, "AADT2011": 29670, "AADT2012": 29580, "AADT2013": 28765, "AADT2014": 30035, "AADT2015": 31505, "AADT2016": 32891, "AADT2017": 33779, "AADT2018": 34218, "AADT2019": 34560, "AADT2020": 30067, "AADT2021": 33314, "AADT2022": 34080, "AADT2023": 34762, "FACGEO": "Statewide", "FAC_MON": 1.0194, "FAC_TUE": 1.0804, "FAC_WED": 1.0914, "FAC_THU": 1.1033, "FAC_FRI": 1.1269, "FAC_SAT": 0.916, "FAC_SUN": 0.6627, "FAC_WDAVG": 1.0917, "FAC_WEAVG": 0.7893, "FAC_WEMAX": 0.916, "FAC_JAN": 0.915, "FAC_FEB": 0.9768, "FAC_MAR": 0.9735, "FAC_APR": 1.0241, "FAC_MAY": 1.0436, "FAC_JUN": 0.9992, "FAC_JUL": 1.0033, "FAC_AUG": 1.0398, "FAC_SEP": 1.0413, "FAC_OCT": 1.0209, "FAC_NOV": 0.9986, "FAC_DEC": 0.9639, "FAC_WIN": 0.9519, "FAC_SPR": 1.0137, "FAC_SUM": 1.0141, "FAC_FAL": 1.0203, "FAC_MAXMO": 5.0, "FAC_MAX": 1.0436, "FACMANADJ": 0.0, "SUBAREAID": -1, "MIDPOINT_M": -1.0, "ROUTE_ID": null, "DIRECTION": "NB/SB", "MODEL_ROUTE": 89, "MODEL_MP": 344.0 }, "geometry": { "type": "LineString", "coordinates": [ [ -111.731632971523155, 40.351877473015143 ], [ -111.7320076553234, 40.352191773611757 ], [ -111.732979344787324, 40.352971216844423 ], [ -111.734530879150427, 40.35433436640939 ], [ -111.734904780799766, 40.354639202778458 ], [ -111.735285338720018, 40.354949401077 ], [ -111.736018208300706, 40.355548712030547 ] ] } },
{ "type": "Feature", "properties": { "SEGID": "0156_001.0", "BMP": 0.98, "EMP": 1.17, "DISTANCE": 0.19040741841700001, "FULLNAME": null, "FNCLASS": null, "FC_CODE": -1, "FC_GROUP": null, "FC_NAME": null, "CO_FIPS": 49, "CO_NAME": null, "PLANAREA": "MAG", "X": -1.0, "Y": -1.0, "ONLRS": null, "T_MODEL": null, "RT_NUM": -1, "CCSGROUP": "COU", "SUTRUCKS": 0.1006, "CUTRUCKS": 0.0221, "F2050": -1, "F2040": -1, "FORNOTES": null, "ForecastSo": null, "AADT1981": 15700, "AADT1982": 15800, "AADT1983": 15800, "AADT1984": 16000, "AADT1985": 16150, "AADT1986": 16275, "AADT1987": 16400, "AADT1988": 16205, "AADT1989": 15390, "AADT1990": 15740, "AADT1991": 15700, "AADT1992": 15000, "AADT1993": 15135, "AADT1994": 22100, "AADT1995": -1, "AADT1996": 23160, "AADT1997": 23710, "AADT1998": 23995, "AADT1999": 25960, "AADT2000": 26225, "AADT2001": 25685, "AADT2002": 27415, "AADT2003": 26925, "AADT2004": 26570, "AADT2005": 26535, "AADT2006": 26935, "AADT2007": 27310, "AADT2008": 26275, "AADT2009": 26460, "AADT2010": 25350, "AADT2011": 24615, "AADT2012": 24540, "AADT2013": 25180, "AADT2014": 26285, "AADT2015": 27575, "AADT2016": 28788, "AADT2017": 29565, "AADT2018": 29949, "AADT2019": 30248, "AADT2020": 26316, "AADT2021": 29158, "AADT2022": 29829, "AADT2023": 30426, "FACGEO": "Statewide", "FAC_MON": 1.0194, "FAC_TUE": 1.0804, "FAC_WED": 1.0914, "FAC_THU": 1.1033, "FAC_FRI": 1.1269, "FAC_SAT": 0.916, "FAC_SUN": 0.6627, "FAC_WDAVG": 1.0917, "FAC_WEAVG": 0.7893, "FAC_WEMAX": 0.916, "FAC_JAN": 0.915, "FAC_FEB": 0.9768, "FAC_MAR": 0.9735, "FAC_APR": 1.0241, "FAC_MAY": 1.0436, "FAC_JUN": 0.9992, "FAC_JUL": 1.0033, "FAC_AUG": 1.0398, "FAC_SEP": 1.0413, "FAC_OCT": 1.0209, "FAC_NOV": 0.9986, "FAC_DEC": 0.9639, "FAC_WIN": 0.9519, "FAC_SPR": 1.0137, "FAC_SUM": 1.0141, "FAC_FAL": 1.0203, "FAC_MAXMO": 5.0, "FAC_MAX": 1.0436, "FACMANADJ": 0.0, "SUBAREAID": -1, "MIDPOINT_M": -1.0, "ROUTE_ID": null, "DIRECTION": "NB/SB", "MODEL_ROUTE": 156, "MODEL_MP": 1.0 }, "geometry": { "type": "LineString", "coordinates": [ [ -111.654695282855698, 40.120151279991411 ], [ -111.654682653018909, 40.121416105616774 ], [ -111.654670126466826, 40.122911934000577 ] ] } },
{ "type": "Feature", "properties": { "SEGID": "0154_001.4", "BMP": 1.433, "EMP": 3.242, "DISTANCE": 1.80351745028, "FULLNAME": null, "FNCLASS": null, "FC_CODE": -1, "FC_GROUP": null, "FC_NAME": null, "CO_FIPS": 35, "CO_NAME": null, "PLANAREA": "WFRC", "X": -1.0, "Y": -1.0, "ONLRS": null, "T_MODEL": null, "RT_NUM": -1, "CCSGROUP": "XX3", "SUTRUCKS": 0.1519, "CUTRUCKS": 0.0288, "F2050": -1, "F2040": -1, "FORNOTES": null, "ForecastSo": null, "AADT1981": 0, "AADT1982": 0, "AADT1983": 0, "AADT1984": 0, "AADT1985": 0, "AADT1986": 0, "AADT1987": 0, "AADT1988": 0, "AADT1989": 0, "AADT1990": 0, "AADT1991": 0, "AADT1992": 0, "AADT1993": 0, "AADT1994": 0, "AADT1995": -1, "AADT1996": 0, "AADT1997": 0, "AADT1998": 17000, "AADT1999": 16655, "AADT2000": 16525, "AADT2001": 16635, "AADT2002": 27590, "AADT2003": 28504, "AADT2004": 30551, "AADT2005": 32295, "AADT2006": 33715, "AADT2007": 40175, "AADT2008": 39605, "AADT2009": 39085, "AADT2010": 44525, "AADT2011": 44310, "AADT2012": 44585, "AADT2013": 45745, "AADT2014": 43620, "AADT2015": 45755, "AADT2016": 47768, "AADT2017": 49058, "AADT2018": 49696, "AADT2019": 65387, "AADT2020": 56887, "AADT2021": 63788, "AADT2022": 63533, "AADT2023": 63851, "FACGEO": "Statewide", "FAC_MON": 0.344, "FAC_TUE": 0.3651, "FAC_WED": 0.3697, "FAC_THU": 0.3763, "FAC_FRI": 0.3733, "FAC_SAT": 0.292, "FAC_SUN": 0.2133, "FAC_WDAVG": 0.3704, "FAC_WEAVG": 0.2527, "FAC_WEMAX": 0.292, "FAC_JAN": 0.3117, "FAC_FEB": 0.324, "FAC_MAR": 0.3215, "FAC_APR": 0.3274, "FAC_MAY": 0.3398, "FAC_JUN": 0.3301, "FAC_JUL": 0.3381, "FAC_AUG": 0.3499, "FAC_SEP": 0.343, "FAC_OCT": 0.3388, "FAC_NOV": 0.337, "FAC_DEC": 0.3396, "FAC_WIN": 0.3251, "FAC_SPR": 0.3296, "FAC_SUM": 0.3394, "FAC_FAL": 0.3396, "FAC_MAXMO": 2.0, "FAC_MAX": 0.3499, "FACMANADJ": 0.0, "SUBAREAID": -1, "MIDPOINT_M": -1.0, "ROUTE_ID": null, "DIRECTION": "EB/WB", "MODEL_ROUTE": 154, "MODEL_MP": 1.4 }, "geometry": { "type": "LineString", "coordinates": [ [ -111.907413079484471, 40.50066855844306 ], [ -111.909721020330267, 40.49888899867527 ], [ -111.909984036320523, 40.498703146946958 ], [ -111.910447197203766, 40.498394999053176 ], [ -111.910873349884611, 40.498142995897936 ], [ -111.911347793196597, 40.497884304049641 ], [ -111.911544871305551, 40.497797165247391 ], [ -111.911744150288854, 40.497698297249165 ], [ -111.911921399552199, 40.497628431087087 ], [ -111.912185307541009, 40.4975092327144 ], [ -111.912448266541773, 40.497407158029525 ], [ -111.913261715405085, 40.49717280686415 ], [ -111.91354418635747, 40.49711742140807 ], [ -111.91396301920237, 40.497023119437721 ], [ -111.914518665275352, 40.496923228604786 ], [ -111.91510223710587, 40.496881130829919 ], [ -111.916097805365638, 40.496849817655942 ], [ -111.919914314882675, 40.496831743161053 ], [ -111.923495644656967, 40.496814702079895 ], [ -111.925330204928386, 40.496805968516043 ], [ -111.925957319061624, 40.496841483681081 ], [ -111.926737865988599, 40.496904232662608 ], [ -111.927093451861808, 40.496957504740266 ], [ -111.927883191659035, 40.497096296842521 ], [ -111.928423104210509, 40.49722619080584 ], [ -111.928925496043803, 40.497373500715 ], [ -111.92940702736152, 40.497548273009826 ], [ -111.929931487962463, 40.497755129529196 ], [ -111.930071670214105, 40.497822468176707 ], [ -111.931056954584307, 40.498327134262709 ], [ -111.931618516224674, 40.498664402158354 ], [ -111.93242879637674, 40.499150918349848 ], [ -111.933156918377279, 40.49954142772156 ], [ -111.934141748778117, 40.499941838744775 ], [ -111.93485627042952, 40.500150469232246 ], [ -111.93578830731073, 40.500385261061325 ], [ -111.936233565619091, 40.500477777818915 ], [ -111.93685383242088, 40.500544189548641 ], [ -111.937524979075306, 40.500628563081172 ], [ -111.938716030317337, 40.500682313461411 ] ] } },
{ "type": "Feature", "properties": { "SEGID": "0015_283.9", "BMP": 283.943, "EMP": 285.136, "DISTANCE": 1.2006114564000001, "FULLNAME": null, "FNCLASS": null, "FC_CODE": -1, "FC_GROUP": null, "FC_NAME": null, "CO_FIPS": 49, "CO_NAME": null, "PLANAREA": "MAG", "X": -1.0, "Y": -1.0, "ONLRS": null, "T_MODEL": null, "RT_NUM": -1, "CCSGROUP": "CO6", "SUTRUCKS": 0.0702, "CUTRUCKS": 0.0566, "F2050": -1, "F2040": -1, "FORNOTES": null, "ForecastSo": null, "AADT1981": 37070, "AADT1982": 37580, "AADT1983": 39145, "AADT1984": 37460, "AADT1985": 38305, "AADT1986": 40510, "AADT1987": 46700, "AADT1988": 47960, "AADT1989": 50730, "AADT1990": 53390, "AADT1991": 56000, "AADT1992": 60260, "AADT1993": 64265, "AADT1994": 69700, "AADT1995": -1, "AADT1996": 79360, "AADT1997": 82375, "AADT1998": 82786, "AADT1999": 89988, "AADT2000": 98356, "AADT2001": 110158, "AADT2002": 117828, "AADT2003": 119665, "AADT2004": 121824, "AADT2005": 123605, "AADT2006": 126475, "AADT2007": 128490, "AADT2008": 121165, "AADT2009": 125650, "AADT2010": 134820, "AADT2011": 136575, "AADT2012": 136030, "AADT2013": 156160, "AADT2014": 163030, "AADT2015": 176075, "AADT2016": 201254, "AADT2017": 180266, "AADT2018": 181234, "AADT2019": 183972, "AADT2020": 164103, "AADT2021": 198473, "AADT2022": 203633, "AADT2023": 209335, "FACGEO": "I15", "FAC_MON": 0.9821, "FAC_TUE": 1.0289, "FAC_WED": 1.0519, "FAC_THU": 1.0833, "FAC_FRI": 1.1293, "FAC_SAT": 1.0039, "FAC_SUN": 0.7206, "FAC_WDAVG": 1.0547, "FAC_WEAVG": 0.8622, "FAC_WEMAX": 1.0039, "FAC_JAN": 0.8976, "FAC_FEB": 0.9442, "FAC_MAR": 0.9656, "FAC_APR": 0.9912, "FAC_MAY": 1.0346, "FAC_JUN": 1.0017, "FAC_JUL": 1.049, "FAC_AUG": 1.0329, "FAC_SEP": 1.0248, "FAC_OCT": 1.0301, "FAC_NOV": 1.0196, "FAC_DEC": 1.0086, "FAC_WIN": 0.9501, "FAC_SPR": 0.9971, "FAC_SUM": 1.0279, "FAC_FAL": 1.0248, "FAC_MAXMO": 7.0, "FAC_MAX": 1.049, "FACMANADJ": 0.0, "SUBAREAID": -1, "MIDPOINT_M": -1.0, "ROUTE_ID": null, "DIRECTION": "NB/SB", "MODEL_ROUTE": 15, "MODEL_MP": 283.9 }, "geometry": { "type": "LineString", "coordinates": [ [ -111.890601824853434, 40.431424212134637 ], [ -111.890908246949493, 40.431731756523106 ], [ -111.892719830270806, 40.433506233754159 ], [ -111.894636032814518, 40.435472212843599 ], [ -111.895538859564752, 40.436338186888385 ], [ -111.89628426113066, 40.437067537912114 ], [ -111.896917389555753, 40.437829106474091 ], [ -111.897950299508551, 40.438852338493419 ], [ -111.898721814819964, 40.439519849299771 ], [ -111.899160651935503, 40.439863550033223 ], [ -111.900035378268143, 40.440514573271862 ], [ -111.902556966622512, 40.442256874143091 ], [ -111.903501938344448, 40.442935970427264 ], [ -111.904916930156006, 40.443930745760674 ], [ -111.905119534853569, 40.444073211814008 ], [ -111.9056200567519, 40.444423763800685 ] ] } },
{ "type": "Feature", "properties": { "SEGID": "0015_303.4", "BMP": 303.443, "EMP": 304.737, "DISTANCE": 1.29587925797, "FULLNAME": null, "FNCLASS": null, "FC_CODE": -1, "FC_GROUP": null, "FC_NAME": null, "CO_FIPS": 35, "CO_NAME": null, "PLANAREA": "WFRC", "X": -1.0, "Y": -1.0, "ONLRS": null, "T_MODEL": null, "RT_NUM": -1, "CCSGROUP": "CO6", "SUTRUCKS": 0.0541, "CUTRUCKS": 0.034, "F2050": -1, "F2040": -1, "FORNOTES": null, "ForecastSo": null, "AADT1981": 103515, "AADT1982": 105800, "AADT1983": 110700, "AADT1984": 116925, "AADT1985": 123580, "AADT1986": 124820, "AADT1987": 127440, "AADT1988": 130015, "AADT1989": 125920, "AADT1990": 132060, "AADT1991": 141030, "AADT1992": 148650, "AADT1993": 153915, "AADT1994": 161640, "AADT1995": -1, "AADT1996": 169295, "AADT1997": 134081, "AADT1998": 72050, "AADT1999": 65919, "AADT2000": 72085, "AADT2001": 185039, "AADT2002": 194661, "AADT2003": 198554, "AADT2004": 200155, "AADT2005": 204345, "AADT2006": 210320, "AADT2007": 213475, "AADT2008": 205150, "AADT2009": 206585, "AADT2010": 210305, "AADT2011": 213040, "AADT2012": 216235, "AADT2013": 230000, "AADT2014": 236900, "AADT2015": 220000, "AADT2016": 229160, "AADT2017": 232582, "AADT2018": 228893, "AADT2019": 224050, "AADT2020": 192683, "AADT2021": 205556, "AADT2022": 209050, "AADT2023": 213858, "FACGEO": "I15", "FAC_MON": 0.9821, "FAC_TUE": 1.0289, "FAC_WED": 1.0519, "FAC_THU": 1.0833, "FAC_FRI": 1.1293, "FAC_SAT": 1.0039, "FAC_SUN": 0.7206, "FAC_WDAVG": 1.0547, "FAC_WEAVG": 0.8622, "FAC_WEMAX": 1.0039, "FAC_JAN": 0.8976, "FAC_FEB": 0.9442, "FAC_MAR": 0.9656, "FAC_APR": 0.9912, "FAC_MAY": 1.0346, "FAC_JUN": 1.0017, "FAC_JUL": 1.049, "FAC_AUG": 1.0329, "FAC_SEP": 1.0248, "FAC_OCT": 1.0301, "FAC_NOV": 1.0196, "FAC_DEC": 1.0086, "FAC_WIN": 0.9501, "FAC_SPR": 0.9971, "FAC_SUM": 1.0279, "FAC_FAL": 1.0248, "FAC_MAXMO": 7.0, "FAC_MAX": 1.049, "FACMANADJ": 0.0, "SUBAREAID": -1, "MIDPOINT_M": -1.0, "ROUTE_ID": null, "DIRECTION": "NB/SB", "MODEL_ROUTE": 15, "MODEL_MP": 303.4 }, "geometry": { "type": "LineString", "coordinates": [ [ -111.902015095838109, 40.699896483973504 ], [ -111.902188486977366, 40.700325106663215 ], [ -111.902970548404227, 40.702516625130507 ], [ -111.90322795879932, 40.703257815649508 ], [ -111.903408175205584, 40.70389240811604 ], [ -111.903497458976929, 40.704279977274211 ], [ -111.903523783020617, 40.704563540177531 ], [ -111.903527030003502, 40.705189067650025 ], [ -111.903530198618498, 40.705913869743561 ], [ -111.903586825947087, 40.707388123677042 ], [ -111.903697362589014, 40.709609663221052 ], [ -111.903738874753458, 40.710228224210191 ], [ -111.903845026346531, 40.711512009172409 ], [ -111.903857968529195, 40.711768650856911 ], [ -111.903965317444701, 40.71265046556104 ], [ -111.90401247724273, 40.71303854380777 ], [ -111.904130795778116, 40.714958234297129 ], [ -111.904219383707101, 40.71585280716927 ], [ -111.904272919515705, 40.716974128664617 ], [ -111.904323720043294, 40.717823233938574 ], [ -111.904330803589303, 40.718005420752604 ], [ -111.904337065320789, 40.718223107559332 ], [ -111.904339792179456, 40.718380825331799 ], [ -111.904338234199642, 40.718519388534347 ] ] } },
{ "type": "Feature", "properties": { "SEGID": "0077_007.4", "BMP": 7.402, "EMP": 7.927, "DISTANCE": 0.52759178577800003, "FULLNAME": null, "FNCLASS": null, "FC_CODE": -1, "FC_GROUP": null, "FC_NAME": null, "CO_FIPS": 49, "CO_NAME": null, "PLANAREA": "MAG", "X": -1.0, "Y": -1.0, "ONLRS": null, "T_MODEL": null, "RT_NUM": -1, "CCSGROUP": "COS", "SUTRUCKS": 0.076, "CUTRUCKS": 0.0175, "F2050": -1, "F2040": -1, "FORNOTES": null, "ForecastSo": null, "AADT1981": 6100, "AADT1982": 6125, "AADT1983": 6275, "AADT1984": 6425, "AADT1985": 6550, "AADT1986": 6550, "AADT1987": 6550, "AADT1988": 7730, "AADT1989": 7255, "AADT1990": 9240, "AADT1991": 9000, "AADT1992": 9395, "AADT1993": 9480, "AADT1994": 12830, "AADT1995": -1, "AADT1996": 12740, "AADT1997": 13045, "AADT1998": 13200, "AADT1999": 14280, "AADT2000": 15640, "AADT2001": 16422, "AADT2002": 17530, "AADT2003": 18335, "AADT2004": 19140, "AADT2005": 19080, "AADT2006": 19925, "AADT2007": 18965, "AADT2008": 20335, "AADT2009": 20210, "AADT2010": 20130, "AADT2011": 20070, "AADT2012": 19670, "AADT2013": 29660, "AADT2014": 29985, "AADT2015": 31275, "AADT2016": 32933, "AADT2017": 33822, "AADT2018": 34160, "AADT2019": 34775, "AADT2020": 31054, "AADT2021": 33663, "AADT2022": 33999, "AADT2023": 34475, "FACGEO": "Statewide", "FAC_MON": 1.0192, "FAC_TUE": 1.0405, "FAC_WED": 1.0681, "FAC_THU": 1.0969, "FAC_FRI": 1.1387, "FAC_SAT": 0.933, "FAC_SUN": 0.7037, "FAC_WDAVG": 1.0685, "FAC_WEAVG": 0.8183, "FAC_WEMAX": 0.933, "FAC_JAN": 0.8955, "FAC_FEB": 0.9293, "FAC_MAR": 0.9648, "FAC_APR": 1.0277, "FAC_MAY": 1.0822, "FAC_JUN": 1.0365, "FAC_JUL": 1.0362, "FAC_AUG": 1.0513, "FAC_SEP": 1.0553, "FAC_OCT": 1.0503, "FAC_NOV": 0.9777, "FAC_DEC": 0.893, "FAC_WIN": 0.906, "FAC_SPR": 1.0249, "FAC_SUM": 1.0414, "FAC_FAL": 1.0278, "FAC_MAXMO": 5.0, "FAC_MAX": 1.0822, "FACMANADJ": 0.0, "SUBAREAID": -1, "MIDPOINT_M": -1.0, "ROUTE_ID": null, "DIRECTION": "EB/WB", "MODEL_ROUTE": 77, "MODEL_MP": 7.4 }, "geometry": { "type": "LineString", "coordinates": [ [ -111.632385280946679, 40.161276735689846 ], [ -111.636292472866685, 40.161270380784352 ], [ -111.637412748667415, 40.161273229872243 ], [ -111.637600646738605, 40.161274898399476 ], [ -111.642355389975648, 40.161290067319605 ] ] } },
{ "type": "Feature", "properties": { "SEGID": "0015_357.6", "BMP": 357.566, "EMP": 362.023, "DISTANCE": 4.4583674370899997, "FULLNAME": null, "FNCLASS": null, "FC_CODE": -1, "FC_GROUP": null, "FC_NAME": null, "CO_FIPS": 3, "CO_NAME": null, "PLANAREA": "WFRC", "X": -1.0, "Y": -1.0, "ONLRS": null, "T_MODEL": null, "RT_NUM": -1, "CCSGROUP": "CO5", "SUTRUCKS": 0.1245, "CUTRUCKS": 0.1439, "F2050": -1, "F2040": -1, "FORNOTES": null, "ForecastSo": null, "AADT1981": 17840, "AADT1982": 18025, "AADT1983": 18375, "AADT1984": 15000, "AADT1985": 15320, "AADT1986": 15480, "AADT1987": 11585, "AADT1988": 0, "AADT1989": 22530, "AADT1990": 23150, "AADT1991": 24595, "AADT1992": 26360, "AADT1993": 27840, "AADT1994": 30260, "AADT1995": -1, "AADT1996": 34085, "AADT1997": 35130, "AADT1998": 36430, "AADT1999": 38898, "AADT2000": 40610, "AADT2001": 42070, "AADT2002": 44510, "AADT2003": 39490, "AADT2004": 38490, "AADT2005": 37690, "AADT2006": 38155, "AADT2007": 38755, "AADT2008": 38665, "AADT2009": 41990, "AADT2010": 42010, "AADT2011": 40800, "AADT2012": 41290, "AADT2013": 41785, "AADT2014": 42210, "AADT2015": 45785, "AADT2016": 45381, "AADT2017": 47000, "AADT2018": 52658, "AADT2019": 54223, "AADT2020": 50590, "AADT2021": 58172, "AADT2022": 58637, "AADT2023": 59575, "FACGEO": "I15", "FAC_MON": 0.9286, "FAC_TUE": 0.9402, "FAC_WED": 0.9843, "FAC_THU": 1.0477, "FAC_FRI": 1.1655, "FAC_SAT": 1.028, "FAC_SUN": 0.9057, "FAC_WDAVG": 0.9907, "FAC_WEAVG": 0.9669, "FAC_WEMAX": 1.028, "FAC_JAN": 0.8056, "FAC_FEB": 0.8536, "FAC_MAR": 0.9628, "FAC_APR": 1.0147, "FAC_MAY": 1.0508, "FAC_JUN": 1.0856, "FAC_JUL": 1.1253, "FAC_AUG": 1.0682, "FAC_SEP": 1.0215, "FAC_OCT": 1.0498, "FAC_NOV": 1.0283, "FAC_DEC": 0.9338, "FAC_WIN": 0.8643, "FAC_SPR": 1.0094, "FAC_SUM": 1.093, "FAC_FAL": 1.0332, "FAC_MAXMO": 7.0, "FAC_MAX": 1.1253, "FACMANADJ": 1.0, "SUBAREAID": -1, "MIDPOINT_M": -1.0, "ROUTE_ID": null, "DIRECTION": "NB/SB", "MODEL_ROUTE": 15, "MODEL_MP": 357.6 }, "geometry": { "type": "LineString", "coordinates": [ [ -112.052595917634662, 41.422018943204158 ], [ -112.052597764758119, 41.422022168953049 ], [ -112.052845405542556, 41.422410281777168 ], [ -112.052912072738266, 41.422514697427168 ], [ -112.053260619393214, 41.423000336113503 ], [ -112.053636191003818, 41.423484375046961 ], [ -112.054433240188246, 41.424448425329722 ], [ -112.054866067463934, 41.424978953638075 ], [ -112.055254239484256, 41.425485840276188 ], [ -112.055612071304452, 41.42599588633658 ], [ -112.055932185806583, 41.426519157990235 ], [ -112.056100971797193, 41.426854033198907 ], [ -112.056277624766281, 41.427164696182302 ], [ -112.05647696225877, 41.427589994303062 ], [ -112.056696046867586, 41.428133197046748 ], [ -112.056884927998311, 41.428688206245454 ], [ -112.057038392094427, 41.429243540546139 ], [ -112.057156533419715, 41.429812440032848 ], [ -112.057248997262249, 41.43039193380703 ], [ -112.057299188429042, 41.43096983440298 ], [ -112.057309683319275, 41.431557467456372 ], [ -112.057289746131815, 41.432143128344677 ], [ -112.057038063687656, 41.434969154275024 ], [ -112.05686450357706, 41.437380843542357 ], [ -112.056662635797935, 41.439612554857263 ], [ -112.056547088144086, 41.441041639272889 ], [ -112.056343183547753, 41.443562232520271 ], [ -112.05626176638583, 41.444668179607277 ], [ -112.055761791872996, 41.450946551609363 ], [ -112.055277466192749, 41.456880782272847 ], [ -112.055263308331803, 41.457063580436085 ], [ -112.05506555378112, 41.459496197128914 ], [ -112.054917275314779, 41.461059424105756 ], [ -112.054849616015503, 41.461982392605336 ], [ -112.054757104506123, 41.462997463327973 ], [ -112.054369182935545, 41.467973589305672 ], [ -112.054040670434816, 41.471844691853462 ], [ -112.053316951988847, 41.480947776560193 ], [ -112.053184323528541, 41.482343317267507 ], [ -112.053129207144337, 41.483288865018359 ], [ -112.052931137715703, 41.485740205700381 ] ] } },
{ "type": "Feature", "properties": { "SEGID": "0189_013.1", "BMP": 13.127, "EMP": 14.3, "DISTANCE": 1.1619851971199999, "FULLNAME": null, "FNCLASS": null, "FC_CODE": -1, "FC_GROUP": null, "FC_NAME": null, "CO_FIPS": 49, "CO_NAME": null, "PLANAREA": "MAG", "X": -1.0, "Y": -1.0, "ONLRS": null, "T_MODEL": null, "RT_NUM": -1, "CCSGROUP": "COR", "SUTRUCKS": 0.2773, "CUTRUCKS": 0.0764, "F2050": -1, "F2040": -1, "FORNOTES": null, "ForecastSo": null, "AADT1981": 5450, "AADT1982": 5565, "AADT1983": 5715, "AADT1984": 5750, "AADT1985": 5570, "AADT1986": 5635, "AADT1987": 6155, "AADT1988": 6480, "AADT1989": 6645, "AADT1990": 6950, "AADT1991": 7190, "AADT1992": 7775, "AADT1993": 8175, "AADT1994": 8840, "AADT1995": -1, "AADT1996": 9990, "AADT1997": 9630, "AADT1998": 9918, "AADT1999": 10592, "AADT2000": 11460, "AADT2001": 12160, "AADT2002": 11670, "AADT2003": 11565, "AADT2004": 11625, "AADT2005": 13140, "AADT2006": 11920, "AADT2007": 12490, "AADT2008": 12610, "AADT2009": 12825, "AADT2010": 12965, "AADT2011": 12725, "AADT2012": 12220, "AADT2013": 13500, "AADT2014": 14700, "AADT2015": 15970, "AADT2016": 17227, "AADT2017": 17686, "AADT2018": 18280, "AADT2019": 18730, "AADT2020": 18730, "AADT2021": 20825, "AADT2022": 20950, "AADT2023": 22731, "FACGEO": "Statewide", "FAC_MON": 0.9597, "FAC_TUE": 0.9916, "FAC_WED": 1.0156, "FAC_THU": 1.0475, "FAC_FRI": 1.1544, "FAC_SAT": 1.1049, "FAC_SUN": 0.7264, "FAC_WDAVG": 1.0182, "FAC_WEAVG": 0.9157, "FAC_WEMAX": 1.1049, "FAC_JAN": 0.8392, "FAC_FEB": 0.9012, "FAC_MAR": 0.8644, "FAC_APR": 0.916, "FAC_MAY": 1.0408, "FAC_JUN": 1.0567, "FAC_JUL": 1.1514, "FAC_AUG": 1.1408, "FAC_SEP": 1.1018, "FAC_OCT": 1.0854, "FAC_NOV": 0.9676, "FAC_DEC": 0.9346, "FAC_WIN": 0.8917, "FAC_SPR": 0.9404, "FAC_SUM": 1.1163, "FAC_FAL": 1.0516, "FAC_MAXMO": 7.0, "FAC_MAX": 1.1514, "FACMANADJ": 0.0, "SUBAREAID": -1, "MIDPOINT_M": -1.0, "ROUTE_ID": null, "DIRECTION": "EB/WB", "MODEL_ROUTE": 189, "MODEL_MP": 13.1 }, "geometry": { "type": "LineString", "coordinates": [ [ -111.555603479536543, 40.365607279796322 ], [ -111.555816177109989, 40.365304540281421 ], [ -111.556087442471068, 40.364991518602935 ], [ -111.55630045543117, 40.364827878489081 ], [ -111.556562193218966, 40.364645714886606 ], [ -111.556787583062018, 40.364512195088501 ], [ -111.557082887341366, 40.364373202902627 ], [ -111.557528039877511, 40.364238532905432 ], [ -111.558096659371671, 40.364108400756422 ], [ -111.558861057273489, 40.363911102515829 ], [ -111.559308684584721, 40.363777404724061 ], [ -111.55960283698181, 40.363642555903702 ], [ -111.559889754723699, 40.363430622718461 ], [ -111.560196606810152, 40.363208321800371 ], [ -111.561068753457306, 40.362627596624094 ], [ -111.562167889629933, 40.361812333787704 ], [ -111.562914548820515, 40.361384369670859 ], [ -111.56355239499895, 40.361043419148409 ], [ -111.564761899072721, 40.360617691710843 ], [ -111.565191398773493, 40.360432707291501 ], [ -111.565670079317414, 40.360214146770197 ], [ -111.566466273282813, 40.359799431238315 ], [ -111.567213411595617, 40.359434501335379 ], [ -111.56808265450104, 40.359124013133901 ], [ -111.568691654224608, 40.35891561103017 ], [ -111.569140053582842, 40.358725924340185 ], [ -111.56939534555876, 40.358554394217563 ], [ -111.569841065054419, 40.358200840816437 ], [ -111.570360120877069, 40.357788094075872 ], [ -111.570973648113892, 40.357322985756056 ], [ -111.571674731048404, 40.356893388157047 ], [ -111.572129402889388, 40.356696001055163 ], [ -111.572651835118876, 40.356559989696578 ], [ -111.573161331039884, 40.356495843347048 ], [ -111.57357617228628, 40.356449011344438 ] ] } },
{ "type": "Feature", "properties": { "SEGID": "0080_123.2", "BMP": 123.25, "EMP": 124.144, "DISTANCE": 0.89427877322899996, "FULLNAME": null, "FNCLASS": null, "FC_CODE": -1, "FC_GROUP": null, "FC_NAME": null, "CO_FIPS": 35, "CO_NAME": null, "PLANAREA": "WFRC", "X": -1.0, "Y": -1.0, "ONLRS": null, "T_MODEL": null, "RT_NUM": -1, "CCSGROUP": "COC", "SUTRUCKS": 0.0788, "CUTRUCKS": 0.0507, "F2050": -1, "F2040": -1, "FORNOTES": null, "ForecastSo": null, "AADT1981": 74725, "AADT1982": 74675, "AADT1983": 75335, "AADT1984": 77760, "AADT1985": 78805, "AADT1986": 81700, "AADT1987": 86950, "AADT1988": 86040, "AADT1989": 84690, "AADT1990": 81895, "AADT1991": 85505, "AADT1992": 91405, "AADT1993": 93910, "AADT1994": 98620, "AADT1995": -1, "AADT1996": 101265, "AADT1997": 76125, "AADT1998": 44735, "AADT1999": 45478, "AADT2000": 58380, "AADT2001": 94170, "AADT2002": 108500, "AADT2003": 110665, "AADT2004": 110630, "AADT2005": 110810, "AADT2006": 111860, "AADT2007": 114545, "AADT2008": 110080, "AADT2009": 110850, "AADT2010": 111410, "AADT2011": 115485, "AADT2012": 118830, "AADT2013": 120880, "AADT2014": 124505, "AADT2015": 129805, "AADT2016": 130281, "AADT2017": 136201, "AADT2018": 137823, "AADT2019": 137011, "AADT2020": 117829, "AADT2021": 133736, "AADT2022": 136143, "AADT2023": 139547, "FACGEO": "I80SR154SR186", "FAC_MON": 1.0281, "FAC_TUE": 1.0713, "FAC_WED": 1.0959, "FAC_THU": 1.1255, "FAC_FRI": 1.1164, "FAC_SAT": 0.8738, "FAC_SUN": 0.689, "FAC_WDAVG": 1.0976, "FAC_WEAVG": 0.7814, "FAC_WEMAX": 0.8738, "FAC_JAN": 0.9409, "FAC_FEB": 0.9866, "FAC_MAR": 0.9561, "FAC_APR": 0.9526, "FAC_MAY": 1.0139, "FAC_JUN": 0.9981, "FAC_JUL": 1.0307, "FAC_AUG": 1.0387, "FAC_SEP": 1.0553, "FAC_OCT": 1.0327, "FAC_NOV": 1.0088, "FAC_DEC": 0.9857, "FAC_WIN": 0.9711, "FAC_SPR": 0.9742, "FAC_SUM": 1.0225, "FAC_FAL": 1.0323, "FAC_MAXMO": 9.0, "FAC_MAX": 1.0553, "FACMANADJ": 0.0, "SUBAREAID": -1, "MIDPOINT_M": -1.0, "ROUTE_ID": null, "DIRECTION": "EB/WB", "MODEL_ROUTE": 80, "MODEL_MP": 123.2 }, "geometry": { "type": "LineString", "coordinates": [ [ -111.888244973284387, 40.718167911287367 ], [ -111.888012804921871, 40.718168797076906 ], [ -111.887862311429828, 40.718168153239134 ], [ -111.884042662779279, 40.718151531680562 ], [ -111.882716152158764, 40.718144839254549 ], [ -111.882595022161681, 40.718144234211373 ], [ -111.882058165656744, 40.718141492097502 ], [ -111.878568993929946, 40.718144684419819 ], [ -111.876956259523254, 40.71815190551392 ], [ -111.876834445143757, 40.718153281500534 ], [ -111.876690020007459, 40.718154919205084 ], [ -111.876192737280604, 40.718163380096783 ], [ -111.875308731966925, 40.718178466038303 ], [ -111.874188336052157, 40.718242810969819 ], [ -111.873835105454162, 40.718275484429483 ], [ -111.873179610499079, 40.718336028333034 ], [ -111.871627908484754, 40.718556755813772 ], [ -111.871251817320811, 40.718616169180102 ] ] } },
{ "type": "Feature", "properties": { "SEGID": "0006_159.8", "BMP": 159.839, "EMP": 160.281, "DISTANCE": 0.44531736838300001, "FULLNAME": null, "FNCLASS": null, "FC_CODE": -1, "FC_GROUP": null, "FC_NAME": null, "CO_FIPS": 49, "CO_NAME": null, "PLANAREA": "MAG", "X": -1.0, "Y": -1.0, "ONLRS": null, "T_MODEL": null, "RT_NUM": -1, "CCSGROUP": "COT", "SUTRUCKS": 0.1013, "CUTRUCKS": 0.0387, "F2050": -1, "F2040": -1, "FORNOTES": null, "ForecastSo": null, "AADT1981": 2930, "AADT1982": 2975, "AADT1983": 2975, "AADT1984": 3255, "AADT1985": 3325, "AADT1986": 3225, "AADT1987": 3125, "AADT1988": 0, "AADT1989": 6745, "AADT1990": 6850, "AADT1991": 6850, "AADT1992": 6510, "AADT1993": 6590, "AADT1994": 7220, "AADT1995": -1, "AADT1996": 13200, "AADT1997": 13370, "AADT1998": 14850, "AADT1999": 16270, "AADT2000": 16430, "AADT2001": 12330, "AADT2002": 12755, "AADT2003": 6290, "AADT2004": 6185, "AADT2005": 11210, "AADT2006": 11360, "AADT2007": 11520, "AADT2008": 11445, "AADT2009": 11375, "AADT2010": 11330, "AADT2011": 11295, "AADT2012": 11070, "AADT2013": 10795, "AADT2014": 10915, "AADT2015": 11380, "AADT2016": 11985, "AADT2017": 12309, "AADT2018": 12432, "AADT2019": 12656, "AADT2020": 11302, "AADT2021": 12251, "AADT2022": 12374, "AADT2023": 12547, "FACGEO": "Statewide", "FAC_MON": 1.0368, "FAC_TUE": 1.0865, "FAC_WED": 1.095, "FAC_THU": 1.1073, "FAC_FRI": 1.1176, "FAC_SAT": 0.9344, "FAC_SUN": 0.6223, "FAC_WDAVG": 1.0963, "FAC_WEAVG": 0.7784, "FAC_WEMAX": 0.9344, "FAC_JAN": 0.8755, "FAC_FEB": 0.9287, "FAC_MAR": 0.9462, "FAC_APR": 0.996, "FAC_MAY": 1.0349, "FAC_JUN": 1.0099, "FAC_JUL": 1.013, "FAC_AUG": 1.051, "FAC_SEP": 1.0444, "FAC_OCT": 1.0346, "FAC_NOV": 1.0468, "FAC_DEC": 1.0191, "FAC_WIN": 0.9411, "FAC_SPR": 0.9924, "FAC_SUM": 1.0246, "FAC_FAL": 1.0419, "FAC_MAXMO": 8.0, "FAC_MAX": 1.051, "FACMANADJ": 0.0, "SUBAREAID": -1, "MIDPOINT_M": -1.0, "ROUTE_ID": null, "DIRECTION": "EB/WB", "MODEL_ROUTE": 6, "MODEL_MP": 159.8 }, "geometry": { "type": "LineString", "coordinates": [ [ -111.785248826021814, 39.975608224393149 ], [ -111.783159527678208, 39.975599833014648 ], [ -111.781103016888949, 39.975591183063081 ], [ -111.77898469934631, 39.975605436150978 ], [ -111.776894249435713, 39.975598741495538 ], [ -111.776856540529025, 39.975598723898194 ] ] } },
{ "type": "Feature", "properties": { "SEGID": "0080_136.1", "BMP": 136.12, "EMP": 138.947, "DISTANCE": 2.8123117190700002, "FULLNAME": null, "FNCLASS": null, "FC_CODE": -1, "FC_GROUP": null, "FC_NAME": null, "CO_FIPS": 35, "CO_NAME": null, "PLANAREA": "WFRC", "X": -1.0, "Y": -1.0, "ONLRS": null, "T_MODEL": null, "RT_NUM": -1, "CCSGROUP": "COD", "SUTRUCKS": 0.1141, "CUTRUCKS": 0.1051, "F2050": -1, "F2040": -1, "FORNOTES": null, "ForecastSo": null, "AADT1981": 17600, "AADT1982": 18190, "AADT1983": 18260, "AADT1984": 18995, "AADT1985": 20165, "AADT1986": 19800, "AADT1987": 20620, "AADT1988": 21380, "AADT1989": 23810, "AADT1990": 24630, "AADT1991": 26900, "AADT1992": 29480, "AADT1993": 30745, "AADT1994": 34085, "AADT1995": -1, "AADT1996": 37190, "AADT1997": 39165, "AADT1998": 38773, "AADT1999": 37764, "AADT2000": 39425, "AADT2001": 40485, "AADT2002": 43966, "AADT2003": 42156, "AADT2004": 42789, "AADT2005": 44690, "AADT2006": 46135, "AADT2007": 47890, "AADT2008": 43865, "AADT2009": 44450, "AADT2010": 44405, "AADT2011": 45460, "AADT2012": 45870, "AADT2013": 48165, "AADT2014": 50380, "AADT2015": 52950, "AADT2016": 57557, "AADT2017": 56924, "AADT2018": 56753, "AADT2019": 57377, "AADT2020": 51639, "AADT2021": 58920, "AADT2022": 60570, "AADT2023": 62569, "FACGEO": "I80SR186US40", "FAC_MON": 0.9621, "FAC_TUE": 1.0304, "FAC_WED": 1.0417, "FAC_THU": 1.0932, "FAC_FRI": 1.12, "FAC_SAT": 0.9705, "FAC_SUN": 0.7819, "FAC_WDAVG": 1.0551, "FAC_WEAVG": 0.8762, "FAC_WEMAX": 0.9705, "FAC_JAN": 0.8669, "FAC_FEB": 0.9483, "FAC_MAR": 0.8491, "FAC_APR": 0.8611, "FAC_MAY": 0.9693, "FAC_JUN": 1.0308, "FAC_JUL": 1.2055, "FAC_AUG": 1.1866, "FAC_SEP": 1.1244, "FAC_OCT": 1.036, "FAC_NOV": 0.9561, "FAC_DEC": 0.9657, "FAC_WIN": 0.927, "FAC_SPR": 0.8932, "FAC_SUM": 1.141, "FAC_FAL": 1.0389, "FAC_MAXMO": 7.0, "FAC_MAX": 1.2055, "FACMANADJ": 0.0, "SUBAREAID": -1, "MIDPOINT_M": -1.0, "ROUTE_ID": null, "DIRECTION": "EB/WB", "MODEL_ROUTE": 80, "MODEL_MP": 136.1 }, "geometry": { "type": "LineString", "coordinates": [ [ -111.672715378550052, 40.7392393117956 ], [ -111.671756694295553, 40.739021933977888 ], [ -111.671091543266613, 40.738950131614651 ], [ -111.669995780541768, 40.738927670414732 ], [ -111.668868627012358, 40.739081948361473 ], [ -111.668065945185589, 40.739350547931309 ], [ -111.667275433047593, 40.739652403201092 ], [ -111.665968786688097, 40.740241902627233 ], [ -111.664586111551998, 40.7408822729411 ], [ -111.663871828669969, 40.741230510368062 ], [ -111.660696322764991, 40.742654966998906 ], [ -111.65934606737207, 40.743134196178943 ], [ -111.658240519955186, 40.743447337909053 ], [ -111.657357767418873, 40.743653259773581 ], [ -111.655892733913447, 40.74390752818897 ], [ -111.653049426668659, 40.744207420904303 ], [ -111.651398800187451, 40.74450231991041 ], [ -111.64983606733216, 40.74494534150611 ], [ -111.648716179664717, 40.745375043376079 ], [ -111.646775477788267, 40.746054369636582 ], [ -111.645578780525568, 40.746384476597576 ], [ -111.643643641068323, 40.746787156694644 ], [ -111.642016024622521, 40.747022336816016 ], [ -111.638212831820084, 40.747669524619489 ], [ -111.636691699427985, 40.74802025103466 ], [ -111.635045242093526, 40.748646407714048 ], [ -111.632935741893718, 40.749787667424762 ], [ -111.631003201140629, 40.75087215933307 ], [ -111.629237163549973, 40.751631223275929 ], [ -111.627701850710466, 40.752252165579463 ], [ -111.626303620539986, 40.752727125728562 ], [ -111.625180270892955, 40.75299446451934 ], [ -111.623492687908865, 40.753491136862891 ] ] } },
{ "type": "Feature", "properties": { "SEGID": "0210_003.9", "BMP": 3.856, "EMP": 10.752, "DISTANCE": 6.8118404760100004, "FULLNAME": null, "FNCLASS": null, "FC_CODE": -1, "FC_GROUP": null, "FC_NAME": null, "CO_FIPS": 35, "CO_NAME": null, "PLANAREA": "WFRC", "X": -1.0, "Y": -1.0, "ONLRS": null, "T_MODEL": null, "RT_NUM": -1, "CCSGROUP": "COI", "SUTRUCKS": 0.1599, "CUTRUCKS": 0.0193, "F2050": -1, "F2040": -1, "FORNOTES": null, "ForecastSo": null, "AADT1981": 3645, "AADT1982": 3565, "AADT1983": 3770, "AADT1984": 3740, "AADT1985": 4085, "AADT1986": 3910, "AADT1987": 4985, "AADT1988": 4990, "AADT1989": 5100, "AADT1990": 5175, "AADT1991": 5100, "AADT1992": 5625, "AADT1993": 5680, "AADT1994": 5970, "AADT1995": -1, "AADT1996": 5890, "AADT1997": 5970, "AADT1998": 5470, "AADT1999": 5655, "AADT2000": 5820, "AADT2001": 5530, "AADT2002": 5390, "AADT2003": 5435, "AADT2004": 5625, "AADT2005": 5775, "AADT2006": 5510, "AADT2007": 5510, "AADT2008": 5480, "AADT2009": 5430, "AADT2010": 5575, "AADT2011": 5405, "AADT2012": 5325, "AADT2013": 5560, "AADT2014": 5950, "AADT2015": 6535, "AADT2016": 6610, "AADT2017": 6580, "AADT2018": 6862, "AADT2019": 6688, "AADT2020": 5859, "AADT2021": 6999, "AADT2022": 7349, "AADT2023": 7386, "FACGEO": "LittleCottonwoodSnowbasin", "FAC_MON": 0.7754, "FAC_TUE": 0.7977, "FAC_WED": 0.8292, "FAC_THU": 0.8609, "FAC_FRI": 1.0388, "FAC_SAT": 1.3783, "FAC_SUN": 1.3198, "FAC_WDAVG": 0.8292, "FAC_WEAVG": 1.349, "FAC_WEMAX": 1.3783, "FAC_JAN": 1.3119, "FAC_FEB": 1.3821, "FAC_MAR": 1.3421, "FAC_APR": 0.996, "FAC_MAY": 0.6402, "FAC_JUN": 0.7955, "FAC_JUL": 1.0089, "FAC_AUG": 0.9764, "FAC_SEP": 0.9328, "FAC_OCT": 0.765, "FAC_NOV": 0.6508, "FAC_DEC": 1.1984, "FAC_WIN": 1.2975, "FAC_SPR": 0.9928, "FAC_SUM": 0.9269, "FAC_FAL": 0.7828, "FAC_MAXMO": 2.0, "FAC_MAX": 1.3821, "FACMANADJ": 0.0, "SUBAREAID": -1, "MIDPOINT_M": -1.0, "ROUTE_ID": null, "DIRECTION": "EB/WB", "MODEL_ROUTE": 210, "MODEL_MP": 3.9 }, "geometry": { "type": "LineString", "coordinates": [ [ -111.776413198604473, 40.572660166853339 ], [ -111.776142553204295, 40.572549376362893 ], [ -111.775769164248587, 40.572441978096059 ], [ -111.775344016463691, 40.57235384456898 ], [ -111.774923958901795, 40.572297206050045 ], [ -111.774201791438855, 40.572166917962477 ], [ -111.77238698598741, 40.571845745122573 ], [ -111.771986902447622, 40.571779052651905 ], [ -111.771596435826481, 40.571726708591484 ], [ -111.77120884967546, 40.571719387887676 ], [ -111.77082910630719, 40.571777777649864 ], [ -111.77007289952904, 40.571974709726724 ], [ -111.769686148328447, 40.572040349489278 ], [ -111.769295274488201, 40.572055566236891 ], [ -111.76889691293907, 40.572004977311998 ], [ -111.76852097048986, 40.571931265422833 ], [ -111.767805879792604, 40.571726207390789 ], [ -111.767373981064395, 40.571676646963425 ], [ -111.767070360377687, 40.571718122541462 ], [ -111.766694362857024, 40.571794491404347 ], [ -111.765479583642446, 40.572080020405458 ], [ -111.765066766070404, 40.572139511337092 ], [ -111.765037212366764, 40.57213790536548 ], [ -111.764656794234938, 40.572137722220731 ], [ -111.764255329844843, 40.572052994534005 ], [ -111.763825565890116, 40.571972957020407 ], [ -111.763007837593662, 40.571852239676808 ], [ -111.762402322259476, 40.571817320789243 ], [ -111.761806421983394, 40.571859270325803 ], [ -111.761019438949461, 40.571949141653683 ], [ -111.760632045977744, 40.571958900877256 ], [ -111.760249947613815, 40.571914571233322 ], [ -111.759867633538434, 40.571840692925868 ], [ -111.759492186406362, 40.571809830186595 ], [ -111.75909854920215, 40.571831516928953 ], [ -111.758652837148233, 40.571928677713942 ], [ -111.758434851534986, 40.571979657848075 ], [ -111.757940006071166, 40.57209911999167 ], [ -111.757563934613401, 40.572170054366701 ], [ -111.757188667859495, 40.572207649733784 ], [ -111.756808286240698, 40.572189783279541 ], [ -111.756463595264847, 40.572120511884506 ], [ -111.755735597996377, 40.57186780711617 ], [ -111.755315628189393, 40.571775241692023 ], [ -111.754896044983099, 40.571706455408652 ], [ -111.754479426596049, 40.571659629670634 ], [ -111.754026596030599, 40.571628353811761 ], [ -111.752746608975443, 40.571581750474444 ], [ -111.752315114044208, 40.571556634983018 ], [ -111.751901087061285, 40.571508882177611 ], [ -111.751512878287627, 40.571445644936858 ], [ -111.751122448647976, 40.571395033138423 ], [ -111.750738459892673, 40.571392124730096 ], [ -111.750368069574819, 40.571443179423753 ], [ -111.750000604711758, 40.571544663148437 ], [ -111.749266377819694, 40.571810683205619 ], [ -111.74836670185239, 40.57203020427238 ], [ -111.747744292865349, 40.572196213271766 ], [ -111.747412910997028, 40.57224970816641 ], [ -111.747087002569359, 40.572200556604614 ], [ -111.746785778979842, 40.572097642231647 ], [ -111.7464403706512, 40.571952130781 ], [ -111.746126149713874, 40.571806326745673 ], [ -111.745540428706931, 40.571414442778085 ], [ -111.745282073825265, 40.571235033378052 ], [ -111.74498695934372, 40.571117750885456 ], [ -111.744723824594871, 40.571071701163334 ], [ -111.744338804816223, 40.571071390225917 ], [ -111.743961847243497, 40.571063008252729 ], [ -111.743592147167888, 40.571069893273133 ], [ -111.743300612873355, 40.571094291706373 ], [ -111.743031842202114, 40.571147371103727 ], [ -111.742722073857749, 40.571232244277695 ], [ -111.742527944061038, 40.571304661863884 ], [ -111.742217620249576, 40.571446292642491 ], [ -111.741934833702516, 40.571621078234507 ], [ -111.74165452770859, 40.571806657753697 ], [ -111.741362048884199, 40.571959883074541 ], [ -111.741039250199805, 40.572042132732754 ], [ -111.740693220528144, 40.572053361016764 ], [ -111.740323176857601, 40.572029607898841 ], [ -111.739943563704017, 40.571995104349533 ], [ -111.739575585614958, 40.571944309228407 ], [ -111.739229607027227, 40.571852832576539 ], [ -111.73891407615605, 40.571736836368885 ], [ -111.738609475484125, 40.571647795777103 ], [ -111.738300952515587, 40.571631750667663 ], [ -111.737969446703204, 40.571674408725158 ], [ -111.737647569144855, 40.571733220169406 ], [ -111.737229993853234, 40.571791740685768 ], [ -111.736827458759308, 40.57182133561453 ], [ -111.735548695346182, 40.57188534053396 ], [ -111.734287107785718, 40.571953726507473 ], [ -111.733893266813126, 40.571946680244196 ], [ -111.733498787277028, 40.571891980177178 ], [ -111.732753033095008, 40.57172509607598 ], [ -111.732340033016541, 40.571694382839645 ], [ -111.732090532317656, 40.571738846348779 ], [ -111.731752630038727, 40.571867110654601 ], [ -111.730809166047081, 40.57223703915826 ], [ -111.730521645732338, 40.572305523043063 ], [ -111.73023938988554, 40.572260642308251 ], [ -111.729969186115255, 40.572128930032328 ], [ -111.729667315030269, 40.571963994546408 ], [ -111.729365703712517, 40.571822839840848 ], [ -111.729027045828786, 40.571729664784961 ], [ -111.728661708652567, 40.571725393671365 ], [ -111.728298055798874, 40.571745704791937 ], [ -111.727934578468592, 40.571782229492626 ], [ -111.727593780182843, 40.57184023129907 ], [ -111.727285482031235, 40.571953881993451 ], [ -111.727026202574692, 40.572121276102664 ], [ -111.726801560788559, 40.572323585976754 ], [ -111.726592314057825, 40.572529402084228 ], [ -111.7263494038109, 40.5726813767427 ], [ -111.72605233847554, 40.57274180161928 ], [ -111.725703666760438, 40.572727776992203 ], [ -111.72510983451059, 40.572657634351927 ], [ -111.724493509373772, 40.572583125345254 ], [ -111.724061630063062, 40.572521871030389 ], [ -111.721945034412258, 40.572129724124245 ], [ -111.721529698877021, 40.572068356920902 ], [ -111.721101669282987, 40.57203499474123 ], [ -111.720283777724589, 40.571979919225825 ], [ -111.719908401544842, 40.571920909544687 ], [ -111.719218549621175, 40.571752958935946 ], [ -111.718805503751526, 40.571717422914674 ], [ -111.718467539635341, 40.571676643750344 ], [ -111.717878266132814, 40.571523014056766 ], [ -111.717496577454938, 40.571491963030709 ], [ -111.717134597577299, 40.571492138996575 ], [ -111.716812527376533, 40.571423869554657 ], [ -111.716158227474011, 40.571220725849415 ], [ -111.715816211538723, 40.571165189606852 ], [ -111.715459376443704, 40.571160193419757 ], [ -111.715092274008455, 40.571189493133495 ], [ -111.714723153726979, 40.571251235844926 ], [ -111.714341162774119, 40.571324768416119 ], [ -111.713950748476108, 40.571383937711836 ], [ -111.713548118234016, 40.571405344197451 ], [ -111.713158051808833, 40.57138613211027 ], [ -111.712785217824248, 40.571320867485753 ], [ -111.71203573104367, 40.571164232640292 ], [ -111.71165705956021, 40.571105306512671 ], [ -111.711284036152733, 40.571044182248606 ], [ -111.710920967211351, 40.571008220151953 ], [ -111.710613744179341, 40.570924346880879 ], [ -111.710036865194397, 40.570756276863797 ], [ -111.709604559759669, 40.570663530323934 ], [ -111.709228889211971, 40.570608631745252 ], [ -111.708858133275683, 40.570638744872845 ], [ -111.708547084387263, 40.570718129062591 ], [ -111.707700630318257, 40.571111597743297 ], [ -111.707387262632182, 40.571195497418444 ], [ -111.707061255798195, 40.571201097041822 ], [ -111.706716988734513, 40.571155457302204 ], [ -111.706353915745751, 40.571118940343389 ], [ -111.705995824100569, 40.571106715560553 ], [ -111.704906958563441, 40.571143094892484 ], [ -111.704559290966856, 40.571110982674085 ], [ -111.704218314880222, 40.57104099164075 ], [ -111.703877141223202, 40.570952082316708 ], [ -111.703265609463898, 40.570767523327632 ], [ -111.702986291049157, 40.570718774349807 ], [ -111.702694779739545, 40.570746673702907 ], [ -111.702396726726533, 40.570826863161273 ], [ -111.701775006035234, 40.57102343061473 ], [ -111.701503334937414, 40.571141294450129 ], [ -111.701294828064704, 40.571311926095838 ], [ -111.701136349725999, 40.571521892422254 ], [ -111.700822786840419, 40.572040900636459 ], [ -111.700559406258492, 40.572501046398848 ], [ -111.700106273295717, 40.573458726733627 ], [ -111.69995555816196, 40.573620897686354 ], [ -111.699764872419948, 40.573688808295636 ], [ -111.699471066336713, 40.573690587910292 ], [ -111.69861964583724, 40.573581329073178 ], [ -111.698250624843681, 40.573564461835907 ], [ -111.697917270264128, 40.573591791300494 ], [ -111.697589365138811, 40.573643320564244 ], [ -111.69726888443418, 40.573727235759456 ], [ -111.696329187899536, 40.574025690678369 ], [ -111.696006312988729, 40.574106914165434 ], [ -111.695351852720762, 40.574227069512062 ], [ -111.694710935089773, 40.574400291619007 ], [ -111.694364936175617, 40.574450749416712 ], [ -111.693983585992299, 40.574453041330727 ], [ -111.692994848544785, 40.574363664669562 ], [ -111.692232316257559, 40.574373011846767 ], [ -111.691376955138381, 40.574408584762722 ], [ -111.691016911654913, 40.574437765744989 ], [ -111.690664187772114, 40.574489423839445 ], [ -111.690317509163535, 40.574554557928565 ], [ -111.689988754296991, 40.574639403268648 ], [ -111.689676769321494, 40.574746669542286 ], [ -111.689368549460426, 40.574875533622993 ], [ -111.688782816903682, 40.575132535674165 ], [ -111.688414962275573, 40.575230041838822 ], [ -111.688077807196635, 40.575279707398366 ], [ -111.68760930036396, 40.575320604682069 ], [ -111.68710921406381, 40.575323580706311 ], [ -111.686514739747892, 40.575269909734594 ], [ -111.686064286339501, 40.575239253656719 ], [ -111.68562403626224, 40.575247453275125 ], [ -111.685129452611719, 40.575303359813404 ], [ -111.684713212771882, 40.575372132856039 ], [ -111.684288295778771, 40.575447442143847 ], [ -111.683803210687358, 40.575589410869995 ], [ -111.683379033844062, 40.575737683719943 ], [ -111.683050565900302, 40.575898631991691 ], [ -111.68259225716325, 40.576106651964871 ], [ -111.682271534817275, 40.57618142811161 ], [ -111.681950055264281, 40.576170083706444 ], [ -111.681802109407627, 40.57614447124196 ], [ -111.681723697607438, 40.57612502462549 ], [ -111.681323218790823, 40.576047930035294 ], [ -111.680618343826424, 40.575919566324458 ], [ -111.680253741650844, 40.575954866621046 ], [ -111.679924527099772, 40.576042929208903 ], [ -111.679517101972991, 40.576131451009751 ], [ -111.678970473303238, 40.576194303879163 ], [ -111.678658153809337, 40.576235868215484 ], [ -111.678311301328392, 40.57629754396612 ], [ -111.67767938861401, 40.576526473312263 ], [ -111.677367868236374, 40.576647487098391 ], [ -111.677160615834268, 40.576774555304965 ], [ -111.676976604946972, 40.576910045278773 ], [ -111.676779949744557, 40.577092274633991 ], [ -111.67661663693967, 40.57730043385402 ], [ -111.676279865260071, 40.577765458509965 ], [ -111.676090747897732, 40.577992686534223 ], [ -111.675655436807688, 40.578411440338222 ], [ -111.675381086564144, 40.57864637278427 ], [ -111.674940835103953, 40.578927137967888 ], [ -111.674628767283522, 40.57899526590203 ], [ -111.674437671968064, 40.579002958336481 ], [ -111.674185318212679, 40.578958126395349 ], [ -111.673879996894428, 40.578827388747939 ], [ -111.67361803641478, 40.578696397409587 ], [ -111.67327799800519, 40.578579193653091 ], [ -111.672998937690352, 40.578474786447948 ], [ -111.672658901465454, 40.578357580847445 ], [ -111.67234524085805, 40.578266616492144 ], [ -111.672006054341296, 40.578222285206927 ], [ -111.671701616415689, 40.578190903695905 ], [ -111.67140612059076, 40.578179378850187 ], [ -111.671006486390539, 40.578175034713709 ], [ -111.670685146058048, 40.578190234125437 ], [ -111.670424517335377, 40.578191747235117 ], [ -111.670250857648497, 40.578205998046293 ], [ -111.669877861905093, 40.57825446716614 ], [ -111.66933168265129, 40.57837691009847 ], [ -111.66896797047751, 40.578491627253108 ], [ -111.668820882061866, 40.578552117336208 ], [ -111.66858535675324, 40.578666090934149 ], [ -111.668324605322965, 40.578821650500153 ], [ -111.667833906676989, 40.579141598551779 ], [ -111.667632377629801, 40.579312129063915 ], [ -111.667293662548332, 40.579707770978672 ], [ -111.667090993702331, 40.579882811519845 ], [ -111.666828989955491, 40.580032068766492 ], [ -111.66655505387682, 40.580169682841955 ], [ -111.66623171987699, 40.580282716933347 ], [ -111.665893065483644, 40.580304579321627 ], [ -111.665414941449825, 40.580274182487535 ], [ -111.665006617866055, 40.580276534187561 ], [ -111.66469420513873, 40.580311484902388 ], [ -111.664486064866637, 40.580352411349573 ], [ -111.664182655662245, 40.580413704662384 ], [ -111.663827417466905, 40.580515113963109 ], [ -111.663406427535861, 40.580670682380671 ], [ -111.663119839111815, 40.580772415878684 ], [ -111.66283937125624, 40.580859879639256 ], [ -111.662523777963642, 40.580908175761301 ], [ -111.662283353517296, 40.580910725767083 ], [ -111.661908978301028, 40.580989176377251 ], [ -111.661618247295408, 40.581102551240619 ], [ -111.661321519018827, 40.581206950912851 ], [ -111.660630322067078, 40.581449639616594 ], [ -111.660305723187292, 40.581543835971679 ], [ -111.65971923023497, 40.581680607740594 ], [ -111.659463711547474, 40.581770713523312 ], [ -111.659223911070114, 40.581897304746143 ], [ -111.659002221619019, 40.582063430843547 ], [ -111.658787788191859, 40.582246631840171 ], [ -111.658481900660107, 40.582442155393615 ], [ -111.65828300016851, 40.582582925544386 ], [ -111.658007314369016, 40.58268953905138 ], [ -111.657115980216474, 40.583167125004763 ] ] } },
{ "type": "Feature", "properties": { "SEGID": "0006_146.9", "BMP": 146.868, "EMP": 149.902, "DISTANCE": 3.0390225310200001, "FULLNAME": null, "FNCLASS": null, "FC_CODE": -1, "FC_GROUP": null, "FC_NAME": null, "CO_FIPS": 49, "CO_NAME": null, "PLANAREA": "MAG", "X": -1.0, "Y": -1.0, "ONLRS": null, "T_MODEL": null, "RT_NUM": -1, "CCSGROUP": "COP", "SUTRUCKS": 0.102, "CUTRUCKS": 0.0806, "F2050": -1, "F2040": -1, "FORNOTES": null, "ForecastSo": null, "AADT1981": 975, "AADT1982": 1000, "AADT1983": 965, "AADT1984": 1240, "AADT1985": 1340, "AADT1986": 1060, "AADT1987": 890, "AADT1988": 830, "AADT1989": 825, "AADT1990": 845, "AADT1991": 900, "AADT1992": 920, "AADT1993": 930, "AADT1994": 1015, "AADT1995": -1, "AADT1996": 1170, "AADT1997": 1185, "AADT1998": 1220, "AADT1999": 1335, "AADT2000": 1345, "AADT2001": 1400, "AADT2002": 1450, "AADT2003": 1365, "AADT2004": 1340, "AADT2005": 1310, "AADT2006": 1330, "AADT2007": 1315, "AADT2008": 1215, "AADT2009": 1335, "AADT2010": 1315, "AADT2011": 1360, "AADT2012": 1345, "AADT2013": 1260, "AADT2014": 1300, "AADT2015": 1385, "AADT2016": 1453, "AADT2017": 1458, "AADT2018": 1443, "AADT2019": 1517, "AADT2020": 1647, "AADT2021": 1760, "AADT2022": 1741, "AADT2023": 1765, "FACGEO": "Statewide", "FAC_MON": 1.0078, "FAC_TUE": 1.0119, "FAC_WED": 1.0445, "FAC_THU": 1.0648, "FAC_FRI": 1.1431, "FAC_SAT": 0.9849, "FAC_SUN": 0.7429, "FAC_WDAVG": 1.0404, "FAC_WEAVG": 0.8639, "FAC_WEMAX": 0.9849, "FAC_JAN": 0.8341, "FAC_FEB": 0.8648, "FAC_MAR": 0.9121, "FAC_APR": 0.9962, "FAC_MAY": 1.1129, "FAC_JUN": 1.0684, "FAC_JUL": 1.0228, "FAC_AUG": 1.0575, "FAC_SEP": 1.0863, "FAC_OCT": 1.1275, "FAC_NOV": 0.9855, "FAC_DEC": 0.9318, "FAC_WIN": 0.8769, "FAC_SPR": 1.0071, "FAC_SUM": 1.0496, "FAC_FAL": 1.0664, "FAC_MAXMO": 10.0, "FAC_MAX": 1.1275, "FACMANADJ": 0.0, "SUBAREAID": -1, "MIDPOINT_M": -1.0, "ROUTE_ID": null, "DIRECTION": "EB/WB", "MODEL_ROUTE": 6, "MODEL_MP": 146.9 }, "geometry": { "type": "LineString", "coordinates": [ [ -112.013292658240687, 39.950494642094952 ], [ -112.013093182756847, 39.950502439103566 ], [ -112.010771193718455, 39.950620022758571 ], [ -112.007569235043945, 39.950762333893131 ], [ -112.005205034780914, 39.95087656930658 ], [ -112.005092970526434, 39.950883246387903 ], [ -112.004390974226084, 39.95092507330633 ], [ -112.002453521423746, 39.951003117831782 ], [ -112.000676737451002, 39.951101365537973 ], [ -111.999594481637359, 39.951142238950816 ], [ -111.997537073448058, 39.951263569550456 ], [ -111.994492893524182, 39.95139153007365 ], [ -111.99316503154509, 39.951448861445868 ], [ -111.990948228892861, 39.95155882696308 ], [ -111.989573059095349, 39.951583185913499 ], [ -111.98868562889902, 39.951578143409506 ], [ -111.984407491408092, 39.951620853092543 ], [ -111.980017181397557, 39.951678768502333 ], [ -111.977072170400405, 39.951704525440313 ], [ -111.975084973731057, 39.951745581168005 ], [ -111.971495074338378, 39.951782024021561 ], [ -111.963963422222079, 39.95189263969575 ], [ -111.956089752834998, 39.951992072423749 ] ] } },
{ "type": "Feature", "properties": { "SEGID": "0015_272.7", "BMP": 272.716, "EMP": 274.716, "DISTANCE": 1.98607207426, "FULLNAME": null, "FNCLASS": null, "FC_CODE": -1, "FC_GROUP": null, "FC_NAME": null, "CO_FIPS": 49, "CO_NAME": null, "PLANAREA": "MAG", "X": -1.0, "Y": -1.0, "ONLRS": null, "T_MODEL": null, "RT_NUM": -1, "CCSGROUP": "CO6", "SUTRUCKS": 0.1035, "CUTRUCKS": 0.0745, "F2050": -1, "F2040": -1, "FORNOTES": null, "ForecastSo": null, "AADT1981": 37530, "AADT1982": 38650, "AADT1983": 40400, "AADT1984": 41540, "AADT1985": 42350, "AADT1986": 39725, "AADT1987": 43220, "AADT1988": 44385, "AADT1989": 55930, "AADT1990": 54090, "AADT1991": 56735, "AADT1992": 61050, "AADT1993": 65105, "AADT1994": 71235, "AADT1995": -1, "AADT1996": 82895, "AADT1997": 86615, "AADT1998": 88693, "AADT1999": 98094, "AADT2000": 101280, "AADT2001": 106344, "AADT2002": 113297, "AADT2003": 115065, "AADT2004": 122964, "AADT2005": 132190, "AADT2006": 135860, "AADT2007": 139530, "AADT2008": 131575, "AADT2009": 136680, "AADT2010": 146660, "AADT2011": 139325, "AADT2012": 138770, "AADT2013": 159305, "AADT2014": 166315, "AADT2015": 179620, "AADT2016": 205306, "AADT2017": 209617, "AADT2018": 213180, "AADT2019": 224692, "AADT2020": 200425, "AADT2021": 197362, "AADT2022": 203678, "AADT2023": 209381, "FACGEO": "I15", "FAC_MON": 0.9821, "FAC_TUE": 1.0289, "FAC_WED": 1.0519, "FAC_THU": 1.0833, "FAC_FRI": 1.1293, "FAC_SAT": 1.0039, "FAC_SUN": 0.7206, "FAC_WDAVG": 1.0547, "FAC_WEAVG": 0.8622, "FAC_WEMAX": 1.0039, "FAC_JAN": 0.8976, "FAC_FEB": 0.9442, "FAC_MAR": 0.9656, "FAC_APR": 0.9912, "FAC_MAY": 1.0346, "FAC_JUN": 1.0017, "FAC_JUL": 1.049, "FAC_AUG": 1.0329, "FAC_SEP": 1.0248, "FAC_OCT": 1.0301, "FAC_NOV": 1.0196, "FAC_DEC": 1.0086, "FAC_WIN": 0.9501, "FAC_SPR": 0.9971, "FAC_SUM": 1.0279, "FAC_FAL": 1.0248, "FAC_MAXMO": 7.0, "FAC_MAX": 1.049, "FACMANADJ": 0.0, "SUBAREAID": -1, "MIDPOINT_M": -1.0, "ROUTE_ID": null, "DIRECTION": "EB/WB", "MODEL_ROUTE": 15, "MODEL_MP": 272.7 }, "geometry": { "type": "LineString", "coordinates": [ [ -111.731508483787962, 40.326088738284078 ], [ -111.731853936775494, 40.326314846031423 ], [ -111.731859506795985, 40.326318324374611 ], [ -111.732213724682552, 40.326538339436524 ], [ -111.733306850004283, 40.327217374418808 ], [ -111.735731195809592, 40.328793002044002 ], [ -111.737671091859994, 40.33004130193315 ], [ -111.738081864916836, 40.330305623596495 ], [ -111.738169710653551, 40.330362181233404 ], [ -111.738465839173159, 40.330551826236906 ], [ -111.738756278933963, 40.330737813039725 ], [ -111.743121483369734, 40.333532876420691 ], [ -111.743166653341206, 40.333561775934065 ], [ -111.751476405127974, 40.338937006903016 ], [ -111.759799622195814, 40.34428026572337 ], [ -111.759912551030027, 40.344344389433793 ], [ -111.760314604216404, 40.344613462130958 ] ] } },
{ "type": "Feature", "properties": { "SEGID": "0154_020.0", "BMP": 19.991, "EMP": 21.022, "DISTANCE": 1.02803014274, "FULLNAME": null, "FNCLASS": null, "FC_CODE": -1, "FC_GROUP": null, "FC_NAME": null, "CO_FIPS": 35, "CO_NAME": null, "PLANAREA": "WFRC", "X": -1.0, "Y": -1.0, "ONLRS": null, "T_MODEL": null, "RT_NUM": -1, "CCSGROUP": "COU", "SUTRUCKS": 0.0388, "CUTRUCKS": 0.0227, "F2050": -1, "F2040": -1, "FORNOTES": null, "ForecastSo": null, "AADT1981": 0, "AADT1982": 0, "AADT1983": 0, "AADT1984": 0, "AADT1985": 0, "AADT1986": 0, "AADT1987": 0, "AADT1988": 8900, "AADT1989": 9070, "AADT1990": 9250, "AADT1991": 9795, "AADT1992": 19810, "AADT1993": 28375, "AADT1994": 37590, "AADT1995": -1, "AADT1996": 40735, "AADT1997": 44905, "AADT1998": 45350, "AADT1999": 43010, "AADT2000": 40795, "AADT2001": 40295, "AADT2002": 39010, "AADT2003": 39000, "AADT2004": 39995, "AADT2005": 38195, "AADT2006": 37370, "AADT2007": 39305, "AADT2008": 39215, "AADT2009": 39180, "AADT2010": 36700, "AADT2011": 33785, "AADT2012": 33910, "AADT2013": 35735, "AADT2014": 37275, "AADT2015": 38210, "AADT2016": 39865, "AADT2017": 40172, "AADT2018": 39986, "AADT2019": 38128, "AADT2020": 33171, "AADT2021": 39558, "AADT2022": 40468, "AADT2023": 41277, "FACGEO": "Statewide", "FAC_MON": 1.0194, "FAC_TUE": 1.0804, "FAC_WED": 1.0914, "FAC_THU": 1.1033, "FAC_FRI": 1.1269, "FAC_SAT": 0.916, "FAC_SUN": 0.6627, "FAC_WDAVG": 1.0917, "FAC_WEAVG": 0.7893, "FAC_WEMAX": 0.916, "FAC_JAN": 0.915, "FAC_FEB": 0.9768, "FAC_MAR": 0.9735, "FAC_APR": 1.0241, "FAC_MAY": 1.0436, "FAC_JUN": 0.9992, "FAC_JUL": 1.0033, "FAC_AUG": 1.0398, "FAC_SEP": 1.0413, "FAC_OCT": 1.0209, "FAC_NOV": 0.9986, "FAC_DEC": 0.9639, "FAC_WIN": 0.9519, "FAC_SPR": 1.0137, "FAC_SUM": 1.0141, "FAC_FAL": 1.0203, "FAC_MAXMO": 5.0, "FAC_MAX": 1.0436, "FACMANADJ": 0.0, "SUBAREAID": -1, "MIDPOINT_M": -1.0, "ROUTE_ID": null, "DIRECTION": "NB/SB", "MODEL_ROUTE": 154, "MODEL_MP": 20.0 }, "geometry": { "type": "LineString", "coordinates": [ [ -111.981488146282757, 40.711607256191868 ], [ -111.981731037046728, 40.711983367206145 ], [ -111.985312152907795, 40.717676847164732 ], [ -111.985443167986475, 40.717890130608922 ], [ -111.985682275329523, 40.71832770298932 ], [ -111.98588365194874, 40.718751633998757 ], [ -111.986148587380498, 40.719663191469557 ], [ -111.986240641181354, 40.720164267635326 ], [ -111.986339275429089, 40.722730842711549 ], [ -111.986332357398112, 40.722984040185011 ], [ -111.986329437156257, 40.723099013371467 ], [ -111.986309885350863, 40.723867874170026 ], [ -111.986287698993536, 40.724739003623142 ], [ -111.986295006002464, 40.725731044915378 ], [ -111.986294951448187, 40.725735369450959 ] ] } },
{ "type": "Feature", "properties": { "SEGID": "0052_003.1", "BMP": 3.069, "EMP": 3.692, "DISTANCE": 0.62049211890800005, "FULLNAME": null, "FNCLASS": null, "FC_CODE": -1, "FC_GROUP": null, "FC_NAME": null, "CO_FIPS": 49, "CO_NAME": null, "PLANAREA": "MAG", "X": -1.0, "Y": -1.0, "ONLRS": null, "T_MODEL": null, "RT_NUM": -1, "CCSGROUP": "COU", "SUTRUCKS": 0.2006, "CUTRUCKS": 0.0317, "F2050": -1, "F2040": -1, "FORNOTES": null, "ForecastSo": null, "AADT1981": 9230, "AADT1982": 9300, "AADT1983": 9380, "AADT1984": 9435, "AADT1985": 9725, "AADT1986": 9950, "AADT1987": 10175, "AADT1988": 10165, "AADT1989": 10360, "AADT1990": 10555, "AADT1991": 10680, "AADT1992": 11640, "AADT1993": 11745, "AADT1994": 12325, "AADT1995": -1, "AADT1996": 12875, "AADT1997": 12875, "AADT1998": 13030, "AADT1999": 14100, "AADT2000": 13990, "AADT2001": 14085, "AADT2002": 15035, "AADT2003": 14770, "AADT2004": 14575, "AADT2005": 14555, "AADT2006": 15195, "AADT2007": 15410, "AADT2008": 14825, "AADT2009": 14925, "AADT2010": 14940, "AADT2011": 14510, "AADT2012": 30000, "AADT2013": 30780, "AADT2014": 32135, "AADT2015": 33710, "AADT2016": 35194, "AADT2017": 36144, "AADT2018": 36614, "AADT2019": 36980, "AADT2020": 32173, "AADT2021": 35648, "AADT2022": 36468, "AADT2023": 37197, "FACGEO": "Statewide", "FAC_MON": 1.0194, "FAC_TUE": 1.0804, "FAC_WED": 1.0914, "FAC_THU": 1.1033, "FAC_FRI": 1.1269, "FAC_SAT": 0.916, "FAC_SUN": 0.6627, "FAC_WDAVG": 1.0917, "FAC_WEAVG": 0.7893, "FAC_WEMAX": 0.916, "FAC_JAN": 0.915, "FAC_FEB": 0.9768, "FAC_MAR": 0.9735, "FAC_APR": 1.0241, "FAC_MAY": 1.0436, "FAC_JUN": 0.9992, "FAC_JUL": 1.0033, "FAC_AUG": 1.0398, "FAC_SEP": 1.0413, "FAC_OCT": 1.0209, "FAC_NOV": 0.9986, "FAC_DEC": 0.9639, "FAC_WIN": 0.9519, "FAC_SPR": 1.0137, "FAC_SUM": 1.0141, "FAC_FAL": 1.0203, "FAC_MAXMO": 5.0, "FAC_MAX": 1.0436, "FACMANADJ": 0.0, "SUBAREAID": -1, "MIDPOINT_M": -1.0, "ROUTE_ID": null, "DIRECTION": "EB/WB", "MODEL_ROUTE": 52, "MODEL_MP": 3.1 }, "geometry": { "type": "LineString", "coordinates": [ [ -111.676685050853635, 40.311995039213755 ], [ -111.675688317361249, 40.311990773764983 ], [ -111.674357180207835, 40.31198097151124 ], [ -111.671986635529137, 40.31195962714586 ], [ -111.669521750021346, 40.312014097236997 ], [ -111.66727577814116, 40.311986890271342 ], [ -111.664934894986473, 40.311977843238665 ] ] } },
{ "type": "Feature", "properties": { "SEGID": "0080_117.7", "BMP": 117.734, "EMP": 118.983, "DISTANCE": 1.94311884663, "FULLNAME": null, "FNCLASS": null, "FC_CODE": -1, "FC_GROUP": null, "FC_NAME": null, "CO_FIPS": 35, "CO_NAME": null, "PLANAREA": "WFRC", "X": -1.0, "Y": -1.0, "ONLRS": null, "T_MODEL": null, "RT_NUM": -1, "CCSGROUP": "COC", "SUTRUCKS": 0.1036, "CUTRUCKS": 0.0417, "F2050": -1, "F2040": -1, "FORNOTES": null, "ForecastSo": null, "AADT1981": 23450, "AADT1982": 26685, "AADT1983": 26940, "AADT1984": 28125, "AADT1985": 31910, "AADT1986": 31990, "AADT1987": 36935, "AADT1988": 37025, "AADT1989": 29565, "AADT1990": 7115, "AADT1991": 35570, "AADT1992": 40880, "AADT1993": 45550, "AADT1994": 50995, "AADT1995": -1, "AADT1996": 56755, "AADT1997": 41010, "AADT1998": 0, "AADT1999": 0, "AADT2000": 9000, "AADT2001": 60000, "AADT2002": 62460, "AADT2003": 51532, "AADT2004": 55085, "AADT2005": 57925, "AADT2006": 58025, "AADT2007": 58895, "AADT2008": 56610, "AADT2009": 56865, "AADT2010": 58180, "AADT2011": 57950, "AADT2012": 60600, "AADT2013": 60390, "AADT2014": 61660, "AADT2015": 65435, "AADT2016": 71249, "AADT2017": 75787, "AADT2018": 77739, "AADT2019": 74425, "AADT2020": 56191, "AADT2021": 69936, "AADT2022": 75181, "AADT2023": 79541, "FACGEO": "I80SR154SR186", "FAC_MON": 1.0281, "FAC_TUE": 1.0713, "FAC_WED": 1.0959, "FAC_THU": 1.1255, "FAC_FRI": 1.1164, "FAC_SAT": 0.8738, "FAC_SUN": 0.689, "FAC_WDAVG": 1.0976, "FAC_WEAVG": 0.7814, "FAC_WEMAX": 0.8738, "FAC_JAN": 0.9409, "FAC_FEB": 0.9866, "FAC_MAR": 0.9561, "FAC_APR": 0.9526, "FAC_MAY": 1.0139, "FAC_JUN": 0.9981, "FAC_JUL": 1.0307, "FAC_AUG": 1.0387, "FAC_SEP": 1.0553, "FAC_OCT": 1.0327, "FAC_NOV": 1.0088, "FAC_DEC": 0.9857, "FAC_WIN": 0.9711, "FAC_SPR": 0.9742, "FAC_SUM": 1.0225, "FAC_FAL": 1.0323, "FAC_MAXMO": 9.0, "FAC_MAX": 1.0553, "FACMANADJ": 0.0, "SUBAREAID": -1, "MIDPOINT_M": -1.0, "ROUTE_ID": null, "DIRECTION": "EB/WB", "MODEL_ROUTE": 80, "MODEL_MP": 117.7 }, "geometry": { "type": "LineString", "coordinates": [ [ -111.950390193468337, 40.765414320526894 ], [ -111.949592751037997, 40.765468630809075 ], [ -111.948209623411174, 40.765562883042541 ], [ -111.947844695149428, 40.765587771891269 ], [ -111.947386847825769, 40.765619007786917 ], [ -111.946529861312186, 40.765677389170932 ], [ -111.944737387516497, 40.765773155409029 ], [ -111.941985176295518, 40.765934747360177 ], [ -111.941012997113589, 40.765991866140475 ], [ -111.939861786812074, 40.766090973111801 ], [ -111.939125405810671, 40.766107418798867 ], [ -111.938263102707964, 40.766083625219061 ], [ -111.93717559323639, 40.766011387574501 ], [ -111.93670356924153, 40.765953332624413 ], [ -111.93602194163509, 40.765869410503903 ], [ -111.932405603701895, 40.765268100448878 ], [ -111.929498080683288, 40.764785555599659 ], [ -111.928123038974576, 40.764610510086719 ], [ -111.927124947308556, 40.764516198382118 ], [ -111.92647315242948, 40.764530982741263 ], [ -111.924535492355716, 40.764503644725266 ], [ -111.921607954907017, 40.76446121335497 ], [ -111.917954971441944, 40.764445291761412 ], [ -111.913599093968301, 40.764147451014431 ] ] } },
{ "type": "Feature", "properties": { "SEGID": "0154_006.8", "BMP": 6.759, "EMP": 8.274, "DISTANCE": 1.5158869697099999, "FULLNAME": null, "FNCLASS": null, "FC_CODE": -1, "FC_GROUP": null, "FC_NAME": null, "CO_FIPS": 35, "CO_NAME": null, "PLANAREA": "WFRC", "X": -1.0, "Y": -1.0, "ONLRS": null, "T_MODEL": null, "RT_NUM": -1, "CCSGROUP": "COT", "SUTRUCKS": 0.1349, "CUTRUCKS": 0.025, "F2050": -1, "F2040": -1, "FORNOTES": null, "ForecastSo": null, "AADT1981": 0, "AADT1982": 0, "AADT1983": 0, "AADT1984": 0, "AADT1985": 0, "AADT1986": 0, "AADT1987": 0, "AADT1988": 0, "AADT1989": 0, "AADT1990": 0, "AADT1991": 0, "AADT1992": 0, "AADT1993": 0, "AADT1994": 0, "AADT1995": -1, "AADT1996": 0, "AADT1997": 0, "AADT1998": 0, "AADT1999": 0, "AADT2000": 0, "AADT2001": 0, "AADT2002": 0, "AADT2003": 0, "AADT2004": 0, "AADT2005": 0, "AADT2006": 0, "AADT2007": 34495, "AADT2008": 33545, "AADT2009": 36215, "AADT2010": 37080, "AADT2011": 37675, "AADT2012": 38710, "AADT2013": 35030, "AADT2014": 39205, "AADT2015": 41125, "AADT2016": 42935, "AADT2017": 44094, "AADT2018": 44667, "AADT2019": 45114, "AADT2020": 39249, "AADT2021": 43488, "AADT2022": 44488, "AADT2023": 45378, "FACGEO": "Statewide", "FAC_MON": 1.0368, "FAC_TUE": 1.0865, "FAC_WED": 1.095, "FAC_THU": 1.1073, "FAC_FRI": 1.1176, "FAC_SAT": 0.9344, "FAC_SUN": 0.6223, "FAC_WDAVG": 1.0963, "FAC_WEAVG": 0.7784, "FAC_WEMAX": 0.9344, "FAC_JAN": 0.8755, "FAC_FEB": 0.9287, "FAC_MAR": 0.9462, "FAC_APR": 0.996, "FAC_MAY": 1.0349, "FAC_JUN": 1.0099, "FAC_JUL": 1.013, "FAC_AUG": 1.051, "FAC_SEP": 1.0444, "FAC_OCT": 1.0346, "FAC_NOV": 1.0468, "FAC_DEC": 1.0191, "FAC_WIN": 0.9411, "FAC_SPR": 0.9924, "FAC_SUM": 1.0246, "FAC_FAL": 1.0419, "FAC_MAXMO": 8.0, "FAC_MAX": 1.051, "FACMANADJ": 0.0, "SUBAREAID": -1, "MIDPOINT_M": -1.0, "ROUTE_ID": null, "DIRECTION": "NB/SB", "MODEL_ROUTE": 154, "MODEL_MP": 6.8 }, "geometry": { "type": "LineString", "coordinates": [ [ -111.984165606998701, 40.522227806402228 ], [ -111.984193006793646, 40.536905302221179 ], [ -111.984193529229046, 40.53714267873174 ], [ -111.984240047525347, 40.540344807348291 ], [ -111.984296071121989, 40.544203681510318 ] ] } },
{ "type": "Feature", "properties": { "SEGID": "0006_174.4", "BMP": 174.42, "EMP": 174.852, "DISTANCE": 0.43450225590899999, "FULLNAME": null, "FNCLASS": null, "FC_CODE": -1, "FC_GROUP": null, "FC_NAME": null, "CO_FIPS": 49, "CO_NAME": null, "PLANAREA": "MAG", "X": -1.0, "Y": -1.0, "ONLRS": null, "T_MODEL": null, "RT_NUM": -1, "CCSGROUP": "COT", "SUTRUCKS": 0.0793, "CUTRUCKS": 0.0729, "F2050": -1, "F2040": -1, "FORNOTES": null, "ForecastSo": null, "AADT1981": 4850, "AADT1982": 4850, "AADT1983": 3280, "AADT1984": 4600, "AADT1985": 4950, "AADT1986": 5300, "AADT1987": 6330, "AADT1988": 6540, "AADT1989": 6900, "AADT1990": 7215, "AADT1991": 7200, "AADT1992": 7560, "AADT1993": 8095, "AADT1994": 8825, "AADT1995": -1, "AADT1996": 10150, "AADT1997": 10890, "AADT1998": 12305, "AADT1999": 17300, "AADT2000": 17127, "AADT2001": 17730, "AADT2002": 19595, "AADT2003": 19945, "AADT2004": 20085, "AADT2005": 20690, "AADT2006": 20690, "AADT2007": 22205, "AADT2008": 21665, "AADT2009": 22465, "AADT2010": 22935, "AADT2011": 21935, "AADT2012": 21940, "AADT2013": 23730, "AADT2014": 25245, "AADT2015": 27200, "AADT2016": 28201, "AADT2017": 29594, "AADT2018": 30523, "AADT2019": 31787, "AADT2020": 30166, "AADT2021": 32757, "AADT2022": 32921, "AADT2023": 34172, "FACGEO": "Statewide", "FAC_MON": 1.0031, "FAC_TUE": 1.0562, "FAC_WED": 1.0707, "FAC_THU": 1.0881, "FAC_FRI": 1.1344, "FAC_SAT": 0.9675, "FAC_SUN": 0.6801, "FAC_WDAVG": 1.0716, "FAC_WEAVG": 0.8238, "FAC_WEMAX": 0.9675, "FAC_JAN": 0.8943, "FAC_FEB": 0.9562, "FAC_MAR": 0.9438, "FAC_APR": 0.9946, "FAC_MAY": 1.0428, "FAC_JUN": 1.0149, "FAC_JUL": 1.0437, "FAC_AUG": 1.0673, "FAC_SEP": 1.0578, "FAC_OCT": 1.0385, "FAC_NOV": 0.9901, "FAC_DEC": 0.9559, "FAC_WIN": 0.9355, "FAC_SPR": 0.9937, "FAC_SUM": 1.042, "FAC_FAL": 1.0288, "FAC_MAXMO": 5.0, "FAC_MAX": 1.073, "FACMANADJ": 1.0, "SUBAREAID": -1, "MIDPOINT_M": -1.0, "ROUTE_ID": null, "DIRECTION": "NB/SB", "MODEL_ROUTE": 6, "MODEL_MP": 174.4 }, "geometry": { "type": "LineString", "coordinates": [ [ -111.631758198513978, 40.109637504854462 ], [ -111.631980124863631, 40.109781347729324 ], [ -111.632271920589687, 40.10999418219977 ], [ -111.632457517777453, 40.110142727191317 ], [ -111.632748594053709, 40.110404215810412 ], [ -111.632967714898001, 40.110624653057592 ], [ -111.633144379755123, 40.1108218971696 ], [ -111.633377078591707, 40.111114335606977 ], [ -111.633503149898289, 40.111296539575321 ], [ -111.633621008436322, 40.111478788321577 ], [ -111.633728374334694, 40.111668301962446 ], [ -111.634365684431842, 40.112820735457696 ], [ -111.635614842157608, 40.115118793512423 ] ] } },
{ "type": "Feature", "properties": { "SEGID": "0092_002.4", "BMP": 2.431, "EMP": 3.439, "DISTANCE": 1.0096499193899999, "FULLNAME": null, "FNCLASS": null, "FC_CODE": -1, "FC_GROUP": null, "FC_NAME": null, "CO_FIPS": 49, "CO_NAME": null, "PLANAREA": "MAG", "X": -1.0, "Y": -1.0, "ONLRS": null, "T_MODEL": null, "RT_NUM": -1, "CCSGROUP": "COT", "SUTRUCKS": 0.0657, "CUTRUCKS": 0.0132, "F2050": -1, "F2040": -1, "FORNOTES": null, "ForecastSo": null, "AADT1981": 3250, "AADT1982": 3275, "AADT1983": 3325, "AADT1984": 3400, "AADT1985": 3460, "AADT1986": 3530, "AADT1987": 3600, "AADT1988": 3270, "AADT1989": 3515, "AADT1990": 4025, "AADT1991": 3900, "AADT1992": 4075, "AADT1993": 6760, "AADT1994": 8260, "AADT1995": -1, "AADT1996": 9345, "AADT1997": 9570, "AADT1998": 10878, "AADT1999": 11770, "AADT2000": 11680, "AADT2001": 11760, "AADT2002": 12555, "AADT2003": 12555, "AADT2004": 17205, "AADT2005": 17150, "AADT2006": 17910, "AADT2007": 18160, "AADT2008": 20620, "AADT2009": 20495, "AADT2010": 20415, "AADT2011": 20355, "AADT2012": 20290, "AADT2013": 20820, "AADT2014": 21735, "AADT2015": 22800, "AADT2016": 23804, "AADT2017": 24447, "AADT2018": 24765, "AADT2019": 25013, "AADT2020": 21761, "AADT2021": 18379, "AADT2022": 18802, "AADT2023": 19178, "FACGEO": "Statewide", "FAC_MON": 1.0368, "FAC_TUE": 1.0865, "FAC_WED": 1.095, "FAC_THU": 1.1073, "FAC_FRI": 1.1176, "FAC_SAT": 0.9344, "FAC_SUN": 0.6223, "FAC_WDAVG": 1.0963, "FAC_WEAVG": 0.7784, "FAC_WEMAX": 0.9344, "FAC_JAN": 0.8755, "FAC_FEB": 0.9287, "FAC_MAR": 0.9462, "FAC_APR": 0.996, "FAC_MAY": 1.0349, "FAC_JUN": 1.0099, "FAC_JUL": 1.013, "FAC_AUG": 1.051, "FAC_SEP": 1.0444, "FAC_OCT": 1.0346, "FAC_NOV": 1.0468, "FAC_DEC": 1.0191, "FAC_WIN": 0.9411, "FAC_SPR": 0.9924, "FAC_SUM": 1.0246, "FAC_FAL": 1.0419, "FAC_MAXMO": 8.0, "FAC_MAX": 1.051, "FACMANADJ": 0.0, "SUBAREAID": -1, "MIDPOINT_M": -1.0, "ROUTE_ID": null, "DIRECTION": "EB/WB", "MODEL_ROUTE": 92, "MODEL_MP": 2.4 }, "geometry": { "type": "LineString", "coordinates": [ [ -111.830588643440478, 40.432075139733108 ], [ -111.831798625330734, 40.432114815788893 ], [ -111.833849540145593, 40.432086072867371 ], [ -111.834268704568117, 40.432080164994183 ], [ -111.836148468368165, 40.432025769887225 ], [ -111.837072845647739, 40.432003312791359 ], [ -111.838063883614311, 40.432022887284809 ], [ -111.839426128115946, 40.432142910447993 ], [ -111.840317058512937, 40.432217967205546 ], [ -111.841373800569144, 40.432296855115638 ], [ -111.842759474357536, 40.432356758742536 ], [ -111.843351927991918, 40.43236820273161 ], [ -111.843870565557182, 40.43238802048733 ], [ -111.844437009016204, 40.432412441561262 ], [ -111.845050557937654, 40.432460839651434 ], [ -111.84695634544849, 40.432657518741991 ], [ -111.847687490220167, 40.43271918505301 ], [ -111.848584583480829, 40.432786114841491 ], [ -111.849686837547324, 40.432826394492679 ] ] } },
{ "type": "Feature", "properties": { "SEGID": "0006_181.6", "BMP": 181.599, "EMP": 184.106, "DISTANCE": 2.51267624856, "FULLNAME": null, "FNCLASS": null, "FC_CODE": -1, "FC_GROUP": null, "FC_NAME": null, "CO_FIPS": 49, "CO_NAME": null, "PLANAREA": "MAG", "X": -1.0, "Y": -1.0, "ONLRS": null, "T_MODEL": null, "RT_NUM": -1, "CCSGROUP": "COR", "SUTRUCKS": 0.0676, "CUTRUCKS": 0.1617, "F2050": -1, "F2040": -1, "FORNOTES": null, "ForecastSo": null, "AADT1981": 5840, "AADT1982": 6170, "AADT1983": 0, "AADT1984": 5095, "AADT1985": 5575, "AADT1986": 5875, "AADT1987": 6255, "AADT1988": 0, "AADT1989": 6810, "AADT1990": 7180, "AADT1991": 6740, "AADT1992": 6955, "AADT1993": 7355, "AADT1994": 7875, "AADT1995": -1, "AADT1996": 8285, "AADT1997": 8565, "AADT1998": 8740, "AADT1999": 9280, "AADT2000": 9100, "AADT2001": 9405, "AADT2002": 9435, "AADT2003": 9172, "AADT2004": 8915, "AADT2005": 8940, "AADT2006": 9100, "AADT2007": 9315, "AADT2008": 9660, "AADT2009": 8950, "AADT2010": 9350, "AADT2011": 9165, "AADT2012": 9180, "AADT2013": 9435, "AADT2014": 9815, "AADT2015": 10635, "AADT2016": 11352, "AADT2017": 11808, "AADT2018": 11807, "AADT2019": 12049, "AADT2020": 12037, "AADT2021": 12976, "AADT2022": 13690, "AADT2023": 14046, "FACGEO": "Statewide", "FAC_MON": 0.9597, "FAC_TUE": 0.9916, "FAC_WED": 1.0156, "FAC_THU": 1.0475, "FAC_FRI": 1.1544, "FAC_SAT": 1.1049, "FAC_SUN": 0.7264, "FAC_WDAVG": 1.0182, "FAC_WEAVG": 0.9157, "FAC_WEMAX": 1.1049, "FAC_JAN": 0.8392, "FAC_FEB": 0.9012, "FAC_MAR": 0.8644, "FAC_APR": 0.916, "FAC_MAY": 1.0408, "FAC_JUN": 1.0567, "FAC_JUL": 1.1514, "FAC_AUG": 1.1408, "FAC_SEP": 1.1018, "FAC_OCT": 1.0854, "FAC_NOV": 0.9676, "FAC_DEC": 0.9346, "FAC_WIN": 0.8917, "FAC_SPR": 0.9404, "FAC_SUM": 1.1163, "FAC_FAL": 1.0516, "FAC_MAXMO": 7.0, "FAC_MAX": 1.1514, "FACMANADJ": 0.0, "SUBAREAID": -1, "MIDPOINT_M": -1.0, "ROUTE_ID": null, "DIRECTION": "EB/WB", "MODEL_ROUTE": 6, "MODEL_MP": 181.6 }, "geometry": { "type": "LineString", "coordinates": [ [ -111.505327812535853, 40.028892149744969 ], [ -111.50584857597768, 40.028961685023205 ], [ -111.50795165639498, 40.029252238386171 ], [ -111.508774280002342, 40.029393415457619 ], [ -111.509288150376236, 40.029527925299128 ], [ -111.509823183730035, 40.029702613017264 ], [ -111.510379407698068, 40.029905315127905 ], [ -111.510888434409864, 40.030112276982095 ], [ -111.51136665269091, 40.030383701621531 ], [ -111.511805685201381, 40.030649260847731 ], [ -111.512242194135226, 40.030953030570153 ], [ -111.512742396971589, 40.031357154902778 ], [ -111.514201186763287, 40.032583575175707 ], [ -111.514801466367075, 40.033075721362088 ], [ -111.515411034648892, 40.033414928964667 ], [ -111.515663293074113, 40.033558682288188 ], [ -111.516088041931596, 40.033681485375439 ], [ -111.516539319314461, 40.033840387533971 ], [ -111.517037107338339, 40.033918624081608 ], [ -111.517707781932089, 40.034028250804965 ], [ -111.518708620005654, 40.0341203591178 ], [ -111.519792033072903, 40.034220016947103 ], [ -111.521358157553593, 40.034402094813757 ], [ -111.522175227132237, 40.034494909653915 ], [ -111.522827647058747, 40.034606661184732 ], [ -111.523572421147975, 40.034824486089839 ], [ -111.524988638126942, 40.035248560956688 ], [ -111.534021781781362, 40.037992984876304 ], [ -111.534955615098539, 40.038290321261137 ], [ -111.535590608543657, 40.03850461112647 ], [ -111.536188824638714, 40.038707084822157 ], [ -111.536684935167813, 40.038907866011272 ], [ -111.538249129371067, 40.03949596956037 ], [ -111.539414721971283, 40.039969232926396 ], [ -111.541431298132792, 40.040836828511111 ], [ -111.541832429591608, 40.041015056640852 ], [ -111.542370019576495, 40.041253910430932 ], [ -111.542961137793014, 40.04151656669525 ], [ -111.543623401705631, 40.041807176501607 ], [ -111.544382291489697, 40.042160396182659 ], [ -111.544726138327206, 40.042356091752744 ], [ -111.545250343676685, 40.04267797388674 ], [ -111.545532270273426, 40.042855038103184 ], [ -111.546043541181817, 40.043303202685458 ], [ -111.546703433241305, 40.044012123896444 ], [ -111.547043165621986, 40.044363779902085 ] ] } },
{ "type": "Feature", "properties": { "SEGID": "0215_017.5", "BMP": 17.538, "EMP": 19.526, "DISTANCE": 1.98494305968, "FULLNAME": null, "FNCLASS": null, "FC_CODE": -1, "FC_GROUP": null, "FC_NAME": null, "CO_FIPS": 35, "CO_NAME": null, "PLANAREA": "WFRC", "X": -1.0, "Y": -1.0, "ONLRS": null, "T_MODEL": null, "RT_NUM": -1, "CCSGROUP": "CO8", "SUTRUCKS": 0.0615, "CUTRUCKS": 0.0353, "F2050": -1, "F2040": -1, "FORNOTES": null, "ForecastSo": null, "AADT1981": 23585, "AADT1982": 24400, "AADT1983": 26820, "AADT1984": 37160, "AADT1985": 30470, "AADT1986": 25320, "AADT1987": 29124, "AADT1988": 42770, "AADT1989": 55900, "AADT1990": 63980, "AADT1991": 69050, "AADT1992": 68985, "AADT1993": 73710, "AADT1994": 77865, "AADT1995": -1, "AADT1996": 84255, "AADT1997": 100959, "AADT1998": 122590, "AADT1999": 126541, "AADT2000": 117683, "AADT2001": 103561, "AADT2002": 96315, "AADT2003": 88570, "AADT2004": 86590, "AADT2005": 89360, "AADT2006": 94695, "AADT2007": 95505, "AADT2008": 94560, "AADT2009": 93945, "AADT2010": 96660, "AADT2011": 96440, "AADT2012": 97455, "AADT2013": 96115, "AADT2014": 96980, "AADT2015": 101710, "AADT2016": 95745, "AADT2017": 91066, "AADT2018": 107120, "AADT2019": 115217, "AADT2020": 92750, "AADT2021": 108772, "AADT2022": 112361, "AADT2023": 117979, "FACGEO": "I215", "FAC_MON": 1.0317, "FAC_TUE": 1.0951, "FAC_WED": 1.1089, "FAC_THU": 1.1287, "FAC_FRI": 1.1197, "FAC_SAT": 0.8759, "FAC_SUN": 0.6399, "FAC_WDAVG": 1.1109, "FAC_WEAVG": 0.7579, "FAC_WEMAX": 0.8759, "FAC_JAN": 0.9349, "FAC_FEB": 0.9718, "FAC_MAR": 0.9643, "FAC_APR": 0.9819, "FAC_MAY": 1.0193, "FAC_JUN": 0.99, "FAC_JUL": 1.014, "FAC_AUG": 1.0495, "FAC_SEP": 1.0288, "FAC_OCT": 1.0163, "FAC_NOV": 1.0107, "FAC_DEC": 1.0186, "FAC_WIN": 0.9751, "FAC_SPR": 0.9885, "FAC_SUM": 1.0179, "FAC_FAL": 1.0186, "FAC_MAXMO": 8.0, "FAC_MAX": 1.0495, "FACMANADJ": 0.0, "SUBAREAID": -1, "MIDPOINT_M": -1.0, "ROUTE_ID": null, "DIRECTION": "NB/SB", "MODEL_ROUTE": 215, "MODEL_MP": 17.5 }, "geometry": { "type": "LineString", "coordinates": [ [ -111.952197842237439, 40.69664245951401 ], [ -111.95220266900283, 40.696732054608319 ], [ -111.952320169648985, 40.697668873499175 ], [ -111.952471129157388, 40.699458523839745 ], [ -111.952758415524869, 40.703255048463888 ], [ -111.952759907226579, 40.703276656607329 ], [ -111.952820239854901, 40.703921799419177 ], [ -111.952961046664882, 40.70542893368966 ], [ -111.95350997114906, 40.712234026742181 ], [ -111.953586636686424, 40.713184601812962 ], [ -111.953591439496094, 40.714765555160213 ], [ -111.953491900579834, 40.716335659123352 ], [ -111.95328341862097, 40.717904860818578 ], [ -111.953127458089654, 40.718674574075457 ], [ -111.952855707460472, 40.719959628377765 ], [ -111.952576747457911, 40.720988899986146 ], [ -111.952166410547861, 40.722188614475876 ], [ -111.951716090979531, 40.723325597575148 ], [ -111.951214906508127, 40.724550380368306 ], [ -111.951032123320374, 40.725135456873097 ], [ -111.95102408264205, 40.725161197334117 ] ] } },
{ "type": "Feature", "properties": { "SEGID": "0015_253.6", "BMP": 253.557, "EMP": 255.86, "DISTANCE": 2.3149419513399998, "FULLNAME": null, "FNCLASS": null, "FC_CODE": -1, "FC_GROUP": null, "FC_NAME": null, "CO_FIPS": 49, "CO_NAME": null, "PLANAREA": "MAG", "X": -1.0, "Y": -1.0, "ONLRS": null, "T_MODEL": null, "RT_NUM": -1, "CCSGROUP": "CO5", "SUTRUCKS": 0.0974, "CUTRUCKS": 0.0987, "F2050": -1, "F2040": -1, "FORNOTES": null, "ForecastSo": null, "AADT1981": 9025, "AADT1982": 10400, "AADT1983": 12400, "AADT1984": 17800, "AADT1985": 17260, "AADT1986": 16085, "AADT1987": 17210, "AADT1988": 19090, "AADT1989": 20785, "AADT1990": 20640, "AADT1991": 20885, "AADT1992": 22045, "AADT1993": 23655, "AADT1994": 25390, "AADT1995": -1, "AADT1996": 29065, "AADT1997": 31995, "AADT1998": 34200, "AADT1999": 36081, "AADT2000": 37885, "AADT2001": 39380, "AADT2002": 41815, "AADT2003": 43754, "AADT2004": 45745, "AADT2005": 45545, "AADT2006": 47620, "AADT2007": 48055, "AADT2008": 45845, "AADT2009": 45010, "AADT2010": 43930, "AADT2011": 43400, "AADT2012": 44310, "AADT2013": 45505, "AADT2014": 48010, "AADT2015": 52135, "AADT2016": 55734, "AADT2017": 58465, "AADT2018": 60862, "AADT2019": 62749, "AADT2020": 60929, "AADT2021": 71517, "AADT2022": 71445, "AADT2023": 73445, "FACGEO": "I15", "FAC_MON": 0.9402, "FAC_TUE": 0.9614, "FAC_WED": 0.9992, "FAC_THU": 1.0727, "FAC_FRI": 1.1611, "FAC_SAT": 1.017, "FAC_SUN": 0.8485, "FAC_WDAVG": 1.0111, "FAC_WEAVG": 0.9327, "FAC_WEMAX": 1.0373, "FAC_JAN": 0.8483, "FAC_FEB": 0.9143, "FAC_MAR": 0.9858, "FAC_APR": 1.0203, "FAC_MAY": 1.0382, "FAC_JUN": 1.0218, "FAC_JUL": 1.0709, "FAC_AUG": 1.0239, "FAC_SEP": 1.0167, "FAC_OCT": 1.0529, "FAC_NOV": 1.0322, "FAC_DEC": 0.9749, "FAC_WIN": 0.9125, "FAC_SPR": 1.0148, "FAC_SUM": 1.0389, "FAC_FAL": 1.0339, "FAC_MAXMO": 7.0, "FAC_MAX": 1.0709, "FACMANADJ": 1.0, "SUBAREAID": -1, "MIDPOINT_M": -1.0, "ROUTE_ID": null, "DIRECTION": "NB/SB", "MODEL_ROUTE": 15, "MODEL_MP": 253.6 }, "geometry": { "type": "LineString", "coordinates": [ [ -111.70219161404377, 40.085179683451777 ], [ -111.702008519985156, 40.085362785892464 ], [ -111.701831231100343, 40.085540176858586 ], [ -111.701110891766774, 40.086280978683888 ], [ -111.700496545249763, 40.086904461533443 ], [ -111.699686199252341, 40.087781842683 ], [ -111.699197069757503, 40.088333206638758 ], [ -111.698546967569115, 40.089099966318301 ], [ -111.697769575682599, 40.090038940574424 ], [ -111.697294404241276, 40.090616249847578 ], [ -111.696650333485081, 40.091322958842603 ], [ -111.696021694647939, 40.092094890633035 ], [ -111.695118711340498, 40.093033610201317 ], [ -111.69246828266931, 40.095654229795748 ], [ -111.689771658389546, 40.09834407605296 ], [ -111.68900932432814, 40.099018561265176 ], [ -111.688205573622, 40.099740857774265 ], [ -111.687343642314133, 40.100465926442581 ], [ -111.686386017411849, 40.101232008448441 ], [ -111.685341799725663, 40.102046255191418 ], [ -111.683650980741078, 40.103376862011466 ], [ -111.682092652744714, 40.104587467954531 ], [ -111.679637475498453, 40.106525611281157 ], [ -111.678490907436256, 40.10736427151312 ], [ -111.677750277541634, 40.107882419930043 ], [ -111.675837005144771, 40.109291604986304 ], [ -111.674822708191371, 40.110071525728614 ], [ -111.674040927727248, 40.110694130103383 ], [ -111.674028967894657, 40.110704172326237 ] ] } },
{ "type": "Feature", "properties": { "SEGID": "0015_264.2", "BMP": 264.176, "EMP": 265.634, "DISTANCE": 1.46243154689, "FULLNAME": null, "FNCLASS": null, "FC_CODE": -1, "FC_GROUP": null, "FC_NAME": null, "CO_FIPS": 49, "CO_NAME": null, "PLANAREA": "MAG", "X": -1.0, "Y": -1.0, "ONLRS": null, "T_MODEL": null, "RT_NUM": -1, "CCSGROUP": "CO6", "SUTRUCKS": 0.0887, "CUTRUCKS": 0.0765, "F2050": -1, "F2040": -1, "FORNOTES": null, "ForecastSo": null, "AADT1981": 17075, "AADT1982": 18270, "AADT1983": 20085, "AADT1984": 29320, "AADT1985": 29910, "AADT1986": 26620, "AADT1987": 27235, "AADT1988": 30210, "AADT1989": 34605, "AADT1990": 39000, "AADT1991": 39465, "AADT1992": 42030, "AADT1993": 45095, "AADT1994": 48405, "AADT1995": -1, "AADT1996": 55410, "AADT1997": 60990, "AADT1998": 65250, "AADT1999": 68838, "AADT2000": 70558, "AADT2001": 69217, "AADT2002": 81977, "AADT2003": 82090, "AADT2004": 81035, "AADT2005": 85425, "AADT2006": 88270, "AADT2007": 90340, "AADT2008": 88285, "AADT2009": 88020, "AADT2010": 90310, "AADT2011": 86335, "AADT2012": 85560, "AADT2013": 98840, "AADT2014": 102495, "AADT2015": 108955, "AADT2016": 118323, "AADT2017": 129564, "AADT2018": 132414, "AADT2019": 136122, "AADT2020": 126866, "AADT2021": 133164, "AADT2022": 135161, "AADT2023": 138946, "FACGEO": "I15", "FAC_MON": 0.9821, "FAC_TUE": 1.0289, "FAC_WED": 1.0519, "FAC_THU": 1.0833, "FAC_FRI": 1.1293, "FAC_SAT": 1.0039, "FAC_SUN": 0.7206, "FAC_WDAVG": 1.0547, "FAC_WEAVG": 0.8622, "FAC_WEMAX": 1.0039, "FAC_JAN": 0.8976, "FAC_FEB": 0.9442, "FAC_MAR": 0.9656, "FAC_APR": 0.9912, "FAC_MAY": 1.0346, "FAC_JUN": 1.0017, "FAC_JUL": 1.049, "FAC_AUG": 1.0329, "FAC_SEP": 1.0248, "FAC_OCT": 1.0301, "FAC_NOV": 1.0196, "FAC_DEC": 1.0086, "FAC_WIN": 0.9501, "FAC_SPR": 0.9971, "FAC_SUM": 1.0279, "FAC_FAL": 1.0248, "FAC_MAXMO": 7.0, "FAC_MAX": 1.049, "FACMANADJ": 0.0, "SUBAREAID": -1, "MIDPOINT_M": -1.0, "ROUTE_ID": null, "DIRECTION": "NB/SB", "MODEL_ROUTE": 15, "MODEL_MP": 264.2 }, "geometry": { "type": "LineString", "coordinates": [ [ -111.667443490316259, 40.218001536562845 ], [ -111.670913853789472, 40.220788431352268 ], [ -111.673868536255412, 40.223160910128279 ], [ -111.674291768246079, 40.223516026734906 ], [ -111.675313366051697, 40.224450467297331 ], [ -111.67667794725854, 40.22578471094436 ], [ -111.677028803769176, 40.226127717339367 ], [ -111.678370597605181, 40.227492074851028 ], [ -111.67950252259287, 40.228680885255024 ], [ -111.679860656929193, 40.229043480464192 ], [ -111.682422877259754, 40.23159759609927 ], [ -111.683284133269538, 40.232473177763353 ], [ -111.68400911800201, 40.233215048854674 ], [ -111.684351543678716, 40.233565469921793 ], [ -111.684574622998184, 40.23379569062071 ], [ -111.685075193407087, 40.234300855329678 ] ] } },
{ "type": "Feature", "properties": { "SEGID": "0189_002.7", "BMP": 2.644, "EMP": 2.906, "DISTANCE": 0.26217019146100001, "FULLNAME": null, "FNCLASS": null, "FC_CODE": -1, "FC_GROUP": null, "FC_NAME": null, "CO_FIPS": 49, "CO_NAME": null, "PLANAREA": "MAG", "X": -1.0, "Y": -1.0, "ONLRS": null, "T_MODEL": null, "RT_NUM": -1, "CCSGROUP": "COU", "SUTRUCKS": 0.1051, "CUTRUCKS": 0.0443, "F2050": -1, "F2040": -1, "FORNOTES": null, "ForecastSo": null, "AADT1981": 26325, "AADT1982": 26450, "AADT1983": 26750, "AADT1984": 29675, "AADT1985": 30100, "AADT1986": 30350, "AADT1987": 30900, "AADT1988": 31030, "AADT1989": 31625, "AADT1990": 32320, "AADT1991": 32235, "AADT1992": 37070, "AADT1993": 37945, "AADT1994": 39820, "AADT1995": -1, "AADT1996": 37020, "AADT1997": 37900, "AADT1998": 37331, "AADT1999": 43665, "AADT2000": 45756, "AADT2001": 46060, "AADT2002": 45030, "AADT2003": 42975, "AADT2004": 42760, "AADT2005": 42560, "AADT2006": 35455, "AADT2007": 35170, "AADT2008": 33625, "AADT2009": 33860, "AADT2010": 34230, "AADT2011": 33235, "AADT2012": 39855, "AADT2013": 38260, "AADT2014": 40365, "AADT2015": 42340, "AADT2016": 43951, "AADT2017": 44171, "AADT2018": 43553, "AADT2019": 41201, "AADT2020": 34362, "AADT2021": 37247, "AADT2022": 37880, "AADT2023": 38638, "FACGEO": "Statewide", "FAC_MON": 1.0194, "FAC_TUE": 1.0804, "FAC_WED": 1.0914, "FAC_THU": 1.1033, "FAC_FRI": 1.1269, "FAC_SAT": 0.916, "FAC_SUN": 0.6627, "FAC_WDAVG": 1.0917, "FAC_WEAVG": 0.7893, "FAC_WEMAX": 0.916, "FAC_JAN": 0.915, "FAC_FEB": 0.9768, "FAC_MAR": 0.9735, "FAC_APR": 1.0241, "FAC_MAY": 1.0436, "FAC_JUN": 0.9992, "FAC_JUL": 1.0033, "FAC_AUG": 1.0398, "FAC_SEP": 1.0413, "FAC_OCT": 1.0209, "FAC_NOV": 0.9986, "FAC_DEC": 0.9639, "FAC_WIN": 0.9519, "FAC_SPR": 1.0137, "FAC_SUM": 1.0141, "FAC_FAL": 1.0203, "FAC_MAXMO": 5.0, "FAC_MAX": 1.0436, "FACMANADJ": 0.0, "SUBAREAID": -1, "MIDPOINT_M": -1.0, "ROUTE_ID": null, "DIRECTION": "NB/SB", "MODEL_ROUTE": 189, "MODEL_MP": 2.7 }, "geometry": { "type": "LineString", "coordinates": [ [ -111.658617103324417, 40.248144597193289 ], [ -111.658616703944176, 40.247860806278638 ], [ -111.658625492389973, 40.246584137232922 ], [ -111.658632681276472, 40.245748933263854 ], [ -111.658632870204443, 40.245647126973928 ], [ -111.658627289068477, 40.244343511258819 ] ] } },
{ "type": "Feature", "properties": { "SEGID": "0015_258.8", "BMP": 258.814, "EMP": 259.963, "DISTANCE": 1.15313668016, "FULLNAME": null, "FNCLASS": null, "FC_CODE": -1, "FC_GROUP": null, "FC_NAME": null, "CO_FIPS": 49, "CO_NAME": null, "PLANAREA": "MAG", "X": -1.0, "Y": -1.0, "ONLRS": null, "T_MODEL": null, "RT_NUM": -1, "CCSGROUP": "CO6", "SUTRUCKS": 0.091, "CUTRUCKS": 0.0891, "F2050": -1, "F2040": -1, "FORNOTES": null, "ForecastSo": null, "AADT1981": 17760, "AADT1982": 18650, "AADT1983": 20450, "AADT1984": 29550, "AADT1985": 29590, "AADT1986": 27790, "AADT1987": 29460, "AADT1988": 31225, "AADT1989": 33140, "AADT1990": 37130, "AADT1991": 37570, "AADT1992": 39250, "AADT1993": 42115, "AADT1994": 45205, "AADT1995": -1, "AADT1996": 51740, "AADT1997": 56950, "AADT1998": 60925, "AADT1999": 64275, "AADT2000": 67488, "AADT2001": 70365, "AADT2002": 75477, "AADT2003": 75615, "AADT2004": 74640, "AADT2005": 75660, "AADT2006": 78410, "AADT2007": 80260, "AADT2008": 78435, "AADT2009": 78175, "AADT2010": 80195, "AADT2011": 76680, "AADT2012": 76000, "AADT2013": 79435, "AADT2014": 82350, "AADT2015": 87550, "AADT2016": 95109, "AADT2017": 104132, "AADT2018": 106440, "AADT2019": 109371, "AADT2020": 101934, "AADT2021": 115426, "AADT2022": 114503, "AADT2023": 118396, "FACGEO": "I15", "FAC_MON": 0.9611, "FAC_TUE": 0.9952, "FAC_WED": 1.0255, "FAC_THU": 1.078, "FAC_FRI": 1.1452, "FAC_SAT": 1.0104, "FAC_SUN": 0.7845, "FAC_WDAVG": 1.0329, "FAC_WEAVG": 0.8975, "FAC_WEMAX": 1.0206, "FAC_JAN": 0.8729, "FAC_FEB": 0.9292, "FAC_MAR": 0.9757, "FAC_APR": 1.0057, "FAC_MAY": 1.0364, "FAC_JUN": 1.0118, "FAC_JUL": 1.06, "FAC_AUG": 1.0284, "FAC_SEP": 1.0208, "FAC_OCT": 1.0415, "FAC_NOV": 1.0259, "FAC_DEC": 0.9918, "FAC_WIN": 0.9313, "FAC_SPR": 1.006, "FAC_SUM": 1.0334, "FAC_FAL": 1.0294, "FAC_MAXMO": 7.0, "FAC_MAX": 1.06, "FACMANADJ": 1.0, "SUBAREAID": -1, "MIDPOINT_M": -1.0, "ROUTE_ID": null, "DIRECTION": "NB/SB", "MODEL_ROUTE": 15, "MODEL_MP": 258.8 }, "geometry": { "type": "LineString", "coordinates": [ [ -111.646647134159721, 40.144570938999948 ], [ -111.646647140993878, 40.144571659719382 ], [ -111.646609928850751, 40.148521437553512 ], [ -111.646565333316062, 40.154564961443221 ], [ -111.646590068163619, 40.156987014695808 ], [ -111.646563016156961, 40.161289897642675 ] ] } }
]
}
