{
"type": "FeatureCollection",
"name": "segments",
"crs": { "type": "name", "properties": { "name": "urn:ogc:def:crs:OGC:1.3:CRS84" } },
"features": [
{ "type": "Feature", "properties": { "Id": 0, "SEGID": "0006_146.9", "ROUTE": "0006", "BMP": 146.868, "EMP": 149.902, "DISTANCE": 3.0390225310200001, "DIRECTION": "EB/WB", "CO_FIPS": 49.0, "SUBAREAID": 1.0, "PLANAREA": "MAG", "F2019": 1517.0, "F2023": 1700.0, "F2028": 1800.0, "F2032": 1900.0, "F2042": 2100.0, "F2050": 2400.0, "CH19TO50": 883.0, "CH19TO23": 183.0, "CH23TO28": 100.0, "CH28TO32": 100.0, "CH32TO42": 200.0, "CH42TO50": 300.0, "AADTSTN": "049-0005", "AADT2022": 1741.0, "AADT2021": 1760.0, "AADT2020": 1647.0, "AADT2019": 1517.0, "AADT2018": 1443.0, "AADT2017": 1458.0, "AADT2016": 1453.0, "AADT2015": 1385.0, "AADT2014": 1300.0, "AADT2013": 1260.0, "AADT2012": 1345.0, "AADT2011": 1360.0, "AADT2010": 1315.0, "AADT2009": 1335.0, "AADT2008": 1215.0, "AADT2007": 1315.0, "AADT2006": 1330.0, "AADT2005": 1310.0, "AADT2004": 1340.0, "AADT2003": 1365.0, "AADT2002": 1450.0, "AADT2001": 1400.0, "AADT2000": 1345.0, "AADT1999": 1335.0, "AADT1998": 1220.0, "AADT1997": 1185.0, "AADT1996": 1170.0, "AADT1995": 1140.0, "AADT1994": 1015.0, "AADT1993": 930.0, "AADT1992": 920.0, "AADT1991": 900.0, "AADT1990": 845.0, "AADT1989": 825.0, "AADT1988": 830.0, "AADT1987": 890.0, "AADT1986": 1060.0, "AADT1985": 1340.0, "AADT1984": 1240.0, "AADT1983": 965.0, "AADT1982": 1000.0, "AADT1981": 975.0, "SUTRK2022": 0.039851674, "CUTRK2022": 0.072107328, "SUTRK2021": 0.039772727272700002, "CUTRK2021": 0.072159090909099999, "SUTRK2020": 0.037009, "CUTRK2020": 0.069247, "SUTRK2019": 0.034769, "CUTRK2019": 0.062952, "SUTRK2018": "0.033032697", "CUTRK2018": "0.057406449", "SUTRK2017": "0.028306777", "CUTRK2017": "0.045450138", "SUTRK2016": 0.086894, "CUTRK2016": 0.065617, "SUTRK2015": "0.079450392", "CUTRK2015": "0.063984355", "SUTRK2014": "0.073246409", "CUTRK2014": "0.063092907", "SUTRK2013": "0.069628124", "CUTRK2013": "0.060300209", "SUTRK2012": 0.078625, "CUTRK2012": "0.066644806", "SUTRK2011": "0.076659734", "CUTRK2011": "0.063559876", "SUTRK2010": "0.090717089", "CUTRK2010": "0.052861231", "CCSGROUP19": "COP", "FAC_WDAVG": 0.984, "FAC_WEAVG": 0.9734, "FAC_WEMAX": 1.0649, "FAC_MON": 0.9506, "FAC_TUE": 0.9628, "FAC_WED": 0.9773, "FAC_THU": 1.012, "FAC_FRI": 1.1505, "FAC_SAT": 1.0649, "FAC_SUN": 0.8819, "FAC_SPR": 1.0276, "FAC_SUM": 1.0914, "FAC_FAL": 1.0316, "FAC_WIN": 0.8495, "FAC_JAN": 0.8159, "FAC_FEB": 0.8504, "FAC_MAR": 0.9396, "FAC_APR": 1.0366, "FAC_MAY": 1.1065, "FAC_JUN": 1.1047, "FAC_JUL": 1.0796, "FAC_AUG": 1.0897, "FAC_SEP": 1.0752, "FAC_OCT": 1.0684, "FAC_NOV": 0.9511, "FAC_DEC": 0.8822, "FAC_MAXMO": 5, "FAC_MAX": 1.1065, "FACMANADJ": 0.0, "MODEL_ROUTE": 6, "MODEL_MP": 146.9 }, "geometry": { "type": "LineString", "coordinates": [ [ -112.013292658240687, 39.950494642094952 ], [ -112.013093182756847, 39.950502439103566 ], [ -112.010771193718455, 39.950620022758571 ], [ -112.007569235043945, 39.950762333893131 ], [ -112.005205034780914, 39.95087656930658 ], [ -112.005092970526434, 39.950883246387903 ], [ -112.004390974226084, 39.95092507330633 ], [ -112.002453521423746, 39.951003117831782 ], [ -112.000676737451002, 39.951101365537973 ], [ -111.999594481637359, 39.951142238950816 ], [ -111.997537073448058, 39.951263569550456 ], [ -111.994492893524182, 39.95139153007365 ], [ -111.99316503154509, 39.951448861445868 ], [ -111.990948228892861, 39.95155882696308 ], [ -111.989573059095349, 39.951583185913499 ], [ -111.98868562889902, 39.951578143409506 ], [ -111.984407491408092, 39.951620853092543 ], [ -111.980017181397557, 39.951678768502333 ], [ -111.977072170400405, 39.951704525440313 ], [ -111.975084973731057, 39.951745581168005 ], [ -111.971495074338378, 39.951782024021561 ], [ -111.963963422222079, 39.95189263969575 ], [ -111.956089752834998, 39.951992072423749 ] ] } },
{ "type": "Feature", "properties": { "Id": 0, "SEGID": "0006_159.8", "ROUTE": "0006", "BMP": 159.839, "EMP": 160.281, "DISTANCE": 0.44531736838300001, "DIRECTION": "EB/WB", "CO_FIPS": 49.0, "SUBAREAID": 1.0, "PLANAREA": "MAG", "F2019": 12656.0, "F2023": 16000.0, "F2028": 17500.0, "F2032": 18500.0, "F2042": 22500.0, "F2050": 24000.0, "CH19TO50": 11344.0, "CH19TO23": 3344.0, "CH23TO28": 1500.0, "CH28TO32": 1000.0, "CH32TO42": 4000.0, "CH42TO50": 1500.0, "AADTSTN": "049-0040", "AADT2022": 12374.0, "AADT2021": 12251.0, "AADT2020": 11302.0, "AADT2019": 12656.0, "AADT2018": 12432.0, "AADT2017": 12309.0, "AADT2016": 11985.0, "AADT2015": 11380.0, "AADT2014": 10915.0, "AADT2013": 10795.0, "AADT2012": 11070.0, "AADT2011": 11295.0, "AADT2010": 11330.0, "AADT2009": 11375.0, "AADT2008": 11445.0, "AADT2007": 11520.0, "AADT2006": 11360.0, "AADT2005": 11210.0, "AADT2004": 6185.0, "AADT2003": 6290.0, "AADT2002": 12755.0, "AADT2001": 12330.0, "AADT2000": 16430.0, "AADT1999": 16270.0, "AADT1998": 14850.0, "AADT1997": 13370.0, "AADT1996": 13200.0, "AADT1995": 12850.0, "AADT1994": 7220.0, "AADT1993": 6590.0, "AADT1992": 6510.0, "AADT1991": 6850.0, "AADT1990": 6850.0, "AADT1989": 6745.0, "AADT1988": 0.0, "AADT1987": 3125.0, "AADT1986": 3225.0, "AADT1985": 3325.0, "AADT1984": 3255.0, "AADT1983": 2975.0, "AADT1982": 2975.0, "AADT1981": 2930.0, "SUTRK2022": 0.098543856, "CUTRK2022": 0.036742364, "SUTRK2021": 0.098522569586199996, "CUTRK2021": 0.036731695371800002, "SUTRK2020": 0.143929, "CUTRK2020": 0.074815, "SUTRK2019": 0.143929, "CUTRK2019": 0.074815, "SUTRK2018": "0.143928786", "CUTRK2018": "0.074814963", "SUTRK2017": "0.143928786", "CUTRK2017": "0.074814963", "SUTRK2016": 0.143929, "CUTRK2016": 0.074815, "SUTRK2015": "0.143928786", "CUTRK2015": "0.074814963", "SUTRK2014": "0.143928786", "CUTRK2014": "0.074814963", "SUTRK2013": "0.143928786", "CUTRK2013": "0.074814963", "SUTRK2012": 0.143929, "CUTRK2012": "0.074814963", "SUTRK2011": "0.143928786", "CUTRK2011": "0.074814963", "SUTRK2010": "0.143928786", "CUTRK2010": "0.074814963", "CCSGROUP19": "COT", "FAC_WDAVG": 1.0924, "FAC_WEAVG": 0.7653, "FAC_WEMAX": 0.9245, "FAC_MON": 1.0506, "FAC_TUE": 1.0813, "FAC_WED": 1.0887, "FAC_THU": 1.1071, "FAC_FRI": 1.1418, "FAC_SAT": 0.9245, "FAC_SUN": 0.6061, "FAC_SPR": 1.0104, "FAC_SUM": 1.0283, "FAC_FAL": 1.0243, "FAC_WIN": 0.937, "FAC_JAN": 0.9024, "FAC_FEB": 0.9471, "FAC_MAR": 0.9888, "FAC_APR": 1.0146, "FAC_MAY": 1.0278, "FAC_JUN": 1.0352, "FAC_JUL": 1.01, "FAC_AUG": 1.0396, "FAC_SEP": 1.0434, "FAC_OCT": 1.0358, "FAC_NOV": 0.9936, "FAC_DEC": 0.9616, "FAC_MAXMO": 9, "FAC_MAX": 1.0434, "FACMANADJ": 0.0, "MODEL_ROUTE": 6, "MODEL_MP": 159.8 }, "geometry": { "type": "LineString", "coordinates": [ [ -111.785248826021814, 39.975608224393149 ], [ -111.783159527678208, 39.975599833014648 ], [ -111.781103016888949, 39.975591183063081 ], [ -111.77898469934631, 39.975605436150978 ], [ -111.776894249435713, 39.975598741495538 ], [ -111.776856540529025, 39.975598723898194 ] ] } },
{ "type": "Feature", "properties": { "Id": 0, "SEGID": "0006_174.4", "ROUTE": "0006", "BMP": 174.42, "EMP": 174.852, "DISTANCE": 0.43450225590899999, "DIRECTION": "NB/SB", "CO_FIPS": 49.0, "SUBAREAID": 1.0, "PLANAREA": "MAG", "F2019": 31787.0, "F2023": 33500.0, "F2028": 37000.0, "F2032": 39000.0, "F2042": 46500.0, "F2050": 50000.0, "CH19TO50": 18213.0, "CH19TO23": 1713.0, "CH23TO28": 3500.0, "CH28TO32": 2000.0, "CH32TO42": 7500.0, "CH42TO50": 3500.0, "AADTSTN": "049-0955", "AADT2022": 32921.0, "AADT2021": 32757.0, "AADT2020": 30166.0, "AADT2019": 31787.0, "AADT2018": 30523.0, "AADT2017": 29594.0, "AADT2016": 28201.0, "AADT2015": 27200.0, "AADT2014": 25245.0, "AADT2013": 23730.0, "AADT2012": 21940.0, "AADT2011": 21935.0, "AADT2010": 22935.0, "AADT2009": 22465.0, "AADT2008": 21665.0, "AADT2007": 22205.0, "AADT2006": 20690.0, "AADT2005": 20690.0, "AADT2004": 20085.0, "AADT2003": 19945.0, "AADT2002": 19595.0, "AADT2001": 17730.0, "AADT2000": 17127.0, "AADT1999": 17300.0, "AADT1998": 12305.0, "AADT1997": 10890.0, "AADT1996": 10150.0, "AADT1995": 9670.0, "AADT1994": 8825.0, "AADT1993": 8095.0, "AADT1992": 7560.0, "AADT1991": 7200.0, "AADT1990": 7215.0, "AADT1989": 6900.0, "AADT1988": 6540.0, "AADT1987": 6330.0, "AADT1986": 5300.0, "AADT1985": 4950.0, "AADT1984": 4600.0, "AADT1983": 3280.0, "AADT1982": 4850.0, "AADT1981": 4850.0, "SUTRK2022": 0.056890576, "CUTRK2022": 0.057209774, "SUTRK2021": 0.073816283542399996, "CUTRK2021": 0.074213145281899998, "SUTRK2020": 0.073325, "CUTRK2020": 0.073821, "SUTRK2019": 0.065727, "CUTRK2019": 0.064044, "SUTRK2018": "0.07635426", "CUTRK2018": "0.062958927", "SUTRK2017": "0.0794496", "CUTRK2017": "0.064272017", "SUTRK2016": 0.216409, "CUTRK2016": 0.074598, "SUTRK2015": "0.21334566", "CUTRK2015": "0.07365007", "SUTRK2014": "0.213670587", "CUTRK2014": "0.07257511", "SUTRK2013": "0.0787", "CUTRK2013": "0.2279", "SUTRK2012": 0.0787, "CUTRK2012": "0.2279", "SUTRK2011": "0.0787", "CUTRK2011": "0.2279", "SUTRK2010": "0.0787", "CUTRK2010": "0.2279", "CCSGROUP19": "XX3", "FAC_WDAVG": 1.1029, "FAC_WEAVG": 0.7357, "FAC_WEMAX": 0.8351, "FAC_MON": 1.0547, "FAC_TUE": 1.0857, "FAC_WED": 1.1026, "FAC_THU": 1.1204, "FAC_FRI": 1.1652, "FAC_SAT": 0.8351, "FAC_SUN": 0.6362, "FAC_SPR": 1.0043, "FAC_SUM": 1.0658, "FAC_FAL": 1.0084, "FAC_WIN": 0.9214, "FAC_JAN": 0.8966, "FAC_FEB": 0.9291, "FAC_MAR": 0.9779, "FAC_APR": 1.0035, "FAC_MAY": 1.0316, "FAC_JUN": 1.0729, "FAC_JUL": 1.0622, "FAC_AUG": 1.0625, "FAC_SEP": 1.0308, "FAC_OCT": 1.0254, "FAC_NOV": 0.9692, "FAC_DEC": 0.9385, "FAC_MAXMO": 7, "FAC_MAX": 1.0862, "FACMANADJ": 1.0, "MODEL_ROUTE": 6, "MODEL_MP": 174.4 }, "geometry": { "type": "LineString", "coordinates": [ [ -111.631758198513978, 40.109637504854462 ], [ -111.631980124863631, 40.109781347729324 ], [ -111.632271920589687, 40.10999418219977 ], [ -111.632457517777453, 40.110142727191317 ], [ -111.632748594053709, 40.110404215810412 ], [ -111.632967714898001, 40.110624653057592 ], [ -111.633144379755123, 40.1108218971696 ], [ -111.633377078591707, 40.111114335606977 ], [ -111.633503149898289, 40.111296539575321 ], [ -111.633621008436322, 40.111478788321577 ], [ -111.633728374334694, 40.111668301962446 ], [ -111.634365684431842, 40.112820735457696 ], [ -111.635614842157608, 40.115118793512423 ] ] } },
{ "type": "Feature", "properties": { "Id": 0, "SEGID": "0006_181.6", "ROUTE": "0006", "BMP": 181.599, "EMP": 184.106, "DISTANCE": 2.51267624856, "DIRECTION": "EB/WB", "CO_FIPS": 49.0, "SUBAREAID": 1.0, "PLANAREA": "MAG", "F2019": 12049.0, "F2023": 12500.0, "F2028": 13500.0, "F2032": 14000.0, "F2042": 15000.0, "F2050": 16500.0, "CH19TO50": 4451.0, "CH19TO23": 451.0, "CH23TO28": 1000.0, "CH28TO32": 500.0, "CH32TO42": 1000.0, "CH42TO50": 1500.0, "AADTSTN": "049-0106", "AADT2022": 13690.0, "AADT2021": 12976.0, "AADT2020": 12037.0, "AADT2019": 12049.0, "AADT2018": 11807.0, "AADT2017": 11808.0, "AADT2016": 11352.0, "AADT2015": 10635.0, "AADT2014": 9815.0, "AADT2013": 9435.0, "AADT2012": 9180.0, "AADT2011": 9165.0, "AADT2010": 9350.0, "AADT2009": 8950.0, "AADT2008": 9660.0, "AADT2007": 9315.0, "AADT2006": 9100.0, "AADT2005": 8940.0, "AADT2004": 8915.0, "AADT2003": 9172.0, "AADT2002": 9435.0, "AADT2001": 9405.0, "AADT2000": 9100.0, "AADT1999": 9280.0, "AADT1998": 8740.0, "AADT1997": 8565.0, "AADT1996": 8285.0, "AADT1995": 8245.0, "AADT1994": 7875.0, "AADT1993": 7355.0, "AADT1992": 6955.0, "AADT1991": 6740.0, "AADT1990": 7180.0, "AADT1989": 6810.0, "AADT1988": 0.0, "AADT1987": 6255.0, "AADT1986": 5875.0, "AADT1985": 5575.0, "AADT1984": 5095.0, "AADT1983": 0.0, "AADT1982": 6170.0, "AADT1981": 5840.0, "SUTRK2022": 0.071271163, "CUTRK2022": 0.116786547, "SUTRK2021": 0.090628853267600007, "CUTRK2021": 0.148504932182, "SUTRK2020": 0.097384, "CUTRK2020": 0.155329, "SUTRK2019": 0.101096, "CUTRK2019": 0.151466, "SUTRK2018": "0.118284416", "CUTRK2018": "0.150960061", "SUTRK2017": "0.120559375", "CUTRK2017": "0.149925239", "SUTRK2016": 0.260038, "CUTRK2016": 0.159725, "SUTRK2015": "0.259768638", "CUTRK2015": "0.158571529", "SUTRK2014": "0.261240601", "CUTRK2014": "0.157905657", "SUTRK2013": "0.264253148", "CUTRK2013": "0.160670375", "SUTRK2012": 0.253693, "CUTRK2012": "0.158105825", "SUTRK2011": "0.234886867", "CUTRK2011": "0.153713508", "SUTRK2010": "0.290032887", "CUTRK2010": "0.159402765", "CCSGROUP19": "COQ", "FAC_WDAVG": 0.9593, "FAC_WEAVG": 1.0144, "FAC_WEMAX": 1.1071, "FAC_MON": 0.9151, "FAC_TUE": 0.9236, "FAC_WED": 0.9529, "FAC_THU": 1.0013, "FAC_FRI": 1.1782, "FAC_SAT": 1.1071, "FAC_SUN": 0.9218, "FAC_SPR": 0.9859, "FAC_SUM": 1.1737, "FAC_FAL": 1.003, "FAC_WIN": 0.8373, "FAC_JAN": 0.791, "FAC_FEB": 0.836, "FAC_MAR": 0.9315, "FAC_APR": 0.9758, "FAC_MAY": 1.0505, "FAC_JUN": 1.1719, "FAC_JUL": 1.2056, "FAC_AUG": 1.1437, "FAC_SEP": 1.0572, "FAC_OCT": 1.0385, "FAC_NOV": 0.9133, "FAC_DEC": 0.8849, "FAC_MAXMO": 7, "FAC_MAX": 1.2056, "FACMANADJ": 0.0, "MODEL_ROUTE": 6, "MODEL_MP": 181.6 }, "geometry": { "type": "LineString", "coordinates": [ [ -111.505327812535853, 40.028892149744969 ], [ -111.50584857597768, 40.028961685023205 ], [ -111.50795165639498, 40.029252238386171 ], [ -111.508774280002342, 40.029393415457619 ], [ -111.509288150376236, 40.029527925299128 ], [ -111.509823183730035, 40.029702613017264 ], [ -111.510379407698068, 40.029905315127905 ], [ -111.510888434409864, 40.030112276982095 ], [ -111.51136665269091, 40.030383701621531 ], [ -111.511805685201381, 40.030649260847731 ], [ -111.512242194135226, 40.030953030570153 ], [ -111.512742396971589, 40.031357154902778 ], [ -111.514201186763287, 40.032583575175707 ], [ -111.514801466367075, 40.033075721362088 ], [ -111.515411034648892, 40.033414928964667 ], [ -111.515663293074113, 40.033558682288188 ], [ -111.516088041931596, 40.033681485375439 ], [ -111.516539319314461, 40.033840387533971 ], [ -111.517037107338339, 40.033918624081608 ], [ -111.517707781932089, 40.034028250804965 ], [ -111.518708620005654, 40.0341203591178 ], [ -111.519792033072903, 40.034220016947103 ], [ -111.521358157553593, 40.034402094813757 ], [ -111.522175227132237, 40.034494909653915 ], [ -111.522827647058747, 40.034606661184732 ], [ -111.523572421147975, 40.034824486089839 ], [ -111.524988638126942, 40.035248560956688 ], [ -111.534021781781362, 40.037992984876304 ], [ -111.534955615098539, 40.038290321261137 ], [ -111.535590608543657, 40.03850461112647 ], [ -111.536188824638714, 40.038707084822157 ], [ -111.536684935167813, 40.038907866011272 ], [ -111.538249129371067, 40.03949596956037 ], [ -111.539414721971283, 40.039969232926396 ], [ -111.541431298132792, 40.040836828511111 ], [ -111.541832429591608, 40.041015056640852 ], [ -111.542370019576495, 40.041253910430932 ], [ -111.542961137793014, 40.04151656669525 ], [ -111.543623401705631, 40.041807176501607 ], [ -111.544382291489697, 40.042160396182659 ], [ -111.544726138327206, 40.042356091752744 ], [ -111.545250343676685, 40.04267797388674 ], [ -111.545532270273426, 40.042855038103184 ], [ -111.546043541181817, 40.043303202685458 ], [ -111.546703433241305, 40.044012123896444 ], [ -111.547043165621986, 40.044363779902085 ] ] } },
{ "type": "Feature", "properties": { "Id": 0, "SEGID": "0015_242.4", "ROUTE": "0015", "BMP": 242.447, "EMP": 244.822, "DISTANCE": 2.3832520435500002, "DIRECTION": "NB/SB", "CO_FIPS": 49.0, "SUBAREAID": 1.0, "PLANAREA": "MAG", "F2019": 31333.0, "F2023": 32000.0, "F2028": 36000.0, "F2032": 39000.0, "F2042": 46500.0, "F2050": 51000.0, "CH19TO50": 19667.0, "CH19TO23": 667.0, "CH23TO28": 4000.0, "CH28TO32": 3000.0, "CH32TO42": 7500.0, "CH42TO50": 4500.0, "AADTSTN": "049-0135", "AADT2022": 46783.0, "AADT2021": 36521.0, "AADT2020": 29829.0, "AADT2019": 31333.0, "AADT2018": 30509.0, "AADT2017": 28864.0, "AADT2016": 27754.0, "AADT2015": 25275.0, "AADT2014": 21260.0, "AADT2013": 24185.0, "AADT2012": 24010.0, "AADT2011": 23220.0, "AADT2010": 23430.0, "AADT2009": 23805.0, "AADT2008": 25770.0, "AADT2007": 27700.0, "AADT2006": 26715.0, "AADT2005": 25810.0, "AADT2004": 25560.0, "AADT2003": 25408.0, "AADT2002": 24871.0, "AADT2001": 22548.0, "AADT2000": 18650.0, "AADT1999": 17762.0, "AADT1998": 17145.0, "AADT1997": 16255.0, "AADT1996": 15340.0, "AADT1995": 14765.0, "AADT1994": 13940.0, "AADT1993": 12630.0, "AADT1992": 12125.0, "AADT1991": 11845.0, "AADT1990": 10920.0, "AADT1989": 10430.0, "AADT1988": 9110.0, "AADT1987": 8400.0, "AADT1986": 7985.0, "AADT1985": 8225.0, "AADT1984": 8750.0, "AADT1983": 9250.0, "AADT1982": 7250.0, "AADT1981": 7170.0, "SUTRK2022": 0.094952257, "CUTRK2022": 0.136316595, "SUTRK2021": 0.094959064647700001, "CUTRK2021": 0.136305139509, "SUTRK2020": 0.08209, "CUTRK2020": 0.150302, "SUTRK2019": 0.073946, "CUTRK2019": 0.134113, "SUTRK2018": "0.088831539", "CUTRK2018": "0.137292489", "SUTRK2017": "0.083722522", "CUTRK2017": "0.139675943", "SUTRK2016": 0.175811, "CUTRK2016": 0.145382, "SUTRK2015": "0.177299409", "CUTRK2015": "0.149423801", "SUTRK2014": "0.097184057", "CUTRK2014": "0.160191771", "SUTRK2013": "0.042308945", "CUTRK2013": "0.148815416", "SUTRK2012": 0.042019, "CUTRK2012": "0.149529605", "SUTRK2011": "0.116789728", "CUTRK2011": "0.15400209", "SUTRK2010": "0.194224157", "CUTRK2010": "0.163096064", "CCSGROUP19": "CO5", "FAC_WDAVG": 0.9701, "FAC_WEAVG": 0.9954, "FAC_WEMAX": 1.0531, "FAC_MON": 0.9195, "FAC_TUE": 0.922, "FAC_WED": 0.9595, "FAC_THU": 1.0289, "FAC_FRI": 1.1793, "FAC_SAT": 1.0531, "FAC_SUN": 0.9376, "FAC_SPR": 1.0026, "FAC_SUM": 1.1123, "FAC_FAL": 1.0138, "FAC_WIN": 0.8713, "FAC_JAN": 0.8083, "FAC_FEB": 0.871, "FAC_MAR": 0.9806, "FAC_APR": 1.0066, "FAC_MAY": 1.0206, "FAC_JUN": 1.0981, "FAC_JUL": 1.1372, "FAC_AUG": 1.1015, "FAC_SEP": 1.0255, "FAC_OCT": 1.0313, "FAC_NOV": 0.9847, "FAC_DEC": 0.9347, "FAC_MAXMO": 7, "FAC_MAX": 1.1372, "FACMANADJ": 0.0, "MODEL_ROUTE": 15, "MODEL_MP": 242.4 }, "geometry": { "type": "LineString", "coordinates": [ [ -111.802642564574015, 39.950419357711965 ], [ -111.802525734712944, 39.950560174660822 ], [ -111.800829076913971, 39.952605127601714 ], [ -111.80061632151687, 39.952852562017817 ], [ -111.80013522081579, 39.953379527478354 ], [ -111.799961262242462, 39.953631377986504 ], [ -111.799415416382303, 39.954299608884476 ], [ -111.798811499076564, 39.954978508337049 ], [ -111.798088789220657, 39.955752283710098 ], [ -111.797250681875795, 39.95660135835513 ], [ -111.796633839457812, 39.957168795025652 ], [ -111.795840625545466, 39.95788402706652 ], [ -111.794906307281835, 39.958659234711241 ], [ -111.793791892595578, 39.959525044213834 ], [ -111.789358375867451, 39.962709069950407 ], [ -111.785164169418906, 39.96571183202667 ], [ -111.782983062704758, 39.967287783057699 ], [ -111.777059340658525, 39.971511199972234 ], [ -111.776387092866926, 39.972000155011131 ], [ -111.775948452714175, 39.97232320604423 ], [ -111.775086973725791, 39.972990460346857 ], [ -111.773273291817816, 39.97454016565716 ], [ -111.772909941243739, 39.974885857838103 ], [ -111.772275256647177, 39.975471482755026 ], [ -111.772162395152307, 39.975588639705542 ] ] } },
{ "type": "Feature", "properties": { "Id": 0, "SEGID": "0015_246.9", "ROUTE": "0015", "BMP": 246.93, "EMP": 248.845, "DISTANCE": 1.9211543974800001, "DIRECTION": "NB/SB", "CO_FIPS": 49.0, "SUBAREAID": 1.0, "PLANAREA": "MAG", "F2019": 44054.0, "F2023": 48500.0, "F2028": 54500.0, "F2032": 58500.0, "F2042": 71500.0, "F2050": 76500.0, "CH19TO50": 32446.0, "CH19TO23": 4446.0, "CH23TO28": 6000.0, "CH28TO32": 4000.0, "CH32TO42": 13000.0, "CH42TO50": 5000.0, "AADTSTN": "049-0140", "AADT2022": 50168.0, "AADT2021": 49869.0, "AADT2020": 42776.0, "AADT2019": 44054.0, "AADT2018": 42748.0, "AADT2017": 41046.0, "AADT2016": 39133.0, "AADT2015": 36600.0, "AADT2014": 33710.0, "AADT2013": 31960.0, "AADT2012": 31125.0, "AADT2011": 30480.0, "AADT2010": 31320.0, "AADT2009": 31675.0, "AADT2008": 30730.0, "AADT2007": 32205.0, "AADT2006": 31025.0, "AADT2005": 29675.0, "AADT2004": 28770.0, "AADT2003": 27515.0, "AADT2002": 27535.0, "AADT2001": 25935.0, "AADT2000": 24875.0, "AADT1999": 23670.0, "AADT1998": 22430.0, "AADT1997": 20970.0, "AADT1996": 19050.0, "AADT1995": 18175.0, "AADT1994": 16635.0, "AADT1993": 15500.0, "AADT1992": 14445.0, "AADT1991": 13685.0, "AADT1990": 13525.0, "AADT1989": 12000.0, "AADT1988": 0.0, "AADT1987": 10060.0, "AADT1986": 9580.0, "AADT1985": 10290.0, "AADT1984": 10820.0, "AADT1983": 10225.0, "AADT1982": 8225.0, "AADT1981": 8115.0, "SUTRK2022": 0.102202369, "CUTRK2022": 0.122848852, "SUTRK2021": 0.102207784395, "CUTRK2021": 0.12284184563599999, "SUTRK2020": 0.086156, "CUTRK2020": 0.133206, "SUTRK2019": 0.079886, "CUTRK2019": 0.121683, "SUTRK2018": "0.097743107", "CUTRK2018": "0.125498433", "SUTRK2017": "0.096436418", "CUTRK2017": "0.127530055", "SUTRK2016": 0.205729, "CUTRK2016": 0.134043, "SUTRK2015": "0.207267185", "CUTRK2015": "0.13709569", "SUTRK2014": "0.11294857", "CUTRK2014": "0.143318289", "SUTRK2013": "0.045757902", "CUTRK2013": "0.130663832", "SUTRK2012": 0.045853, "CUTRK2012": "0.131515163", "SUTRK2011": "0.134980346", "CUTRK2011": "0.141399902", "SUTRK2010": "0.231440884", "CUTRK2010": "0.152911259", "CCSGROUP19": "CO5", "FAC_WDAVG": 0.9701, "FAC_WEAVG": 0.9954, "FAC_WEMAX": 1.0531, "FAC_MON": 0.9195, "FAC_TUE": 0.922, "FAC_WED": 0.9595, "FAC_THU": 1.0289, "FAC_FRI": 1.1793, "FAC_SAT": 1.0531, "FAC_SUN": 0.9376, "FAC_SPR": 1.0026, "FAC_SUM": 1.1123, "FAC_FAL": 1.0138, "FAC_WIN": 0.8713, "FAC_JAN": 0.8083, "FAC_FEB": 0.871, "FAC_MAR": 0.9806, "FAC_APR": 1.0066, "FAC_MAY": 1.0206, "FAC_JUN": 1.0981, "FAC_JUL": 1.1372, "FAC_AUG": 1.1015, "FAC_SEP": 1.0255, "FAC_OCT": 1.0313, "FAC_NOV": 0.9847, "FAC_DEC": 0.9347, "FAC_MAXMO": 7, "FAC_MAX": 1.1372, "FACMANADJ": 0.0, "MODEL_ROUTE": 15, "MODEL_MP": 246.9 }, "geometry": { "type": "LineString", "coordinates": [ [ -111.762479281835368, 40.00468197915319 ], [ -111.762369865086114, 40.005683310574597 ], [ -111.762291356571097, 40.006567042755044 ], [ -111.762257128655477, 40.007250199114452 ], [ -111.762228200769002, 40.008136037556547 ], [ -111.762248337500978, 40.009103721153764 ], [ -111.762286700526118, 40.011646530375089 ], [ -111.762456491644514, 40.018902133411387 ], [ -111.76248839114038, 40.020925756104418 ], [ -111.76246458954013, 40.021293054927945 ], [ -111.762441412612887, 40.021727020836124 ], [ -111.762378361968572, 40.02218989961559 ], [ -111.76230610646833, 40.022657613973458 ], [ -111.762226896559582, 40.023058612688985 ], [ -111.762096348745374, 40.023595814022904 ], [ -111.761950335826938, 40.024123026069724 ], [ -111.761803644973355, 40.024526269973443 ], [ -111.76163467779989, 40.025013089148928 ], [ -111.761214881022497, 40.025939693606396 ], [ -111.760847074434423, 40.026683960849759 ], [ -111.760550390806216, 40.027195402109413 ], [ -111.760199314931199, 40.027674404382928 ], [ -111.759904743365055, 40.028060145939683 ], [ -111.759753051147243, 40.028341880129155 ], [ -111.759271807308792, 40.028994627333702 ], [ -111.758789383771727, 40.029531156201223 ], [ -111.757754619559094, 40.030589799165014 ], [ -111.75743239913443, 40.030904719370582 ], [ -111.756906332803482, 40.031418641140554 ], [ -111.756881940147224, 40.031442469607903 ] ] } },
{ "type": "Feature", "properties": { "Id": 0, "SEGID": "0015_248.8", "ROUTE": "0015", "BMP": 248.845, "EMP": 250.923, "DISTANCE": 2.0859655018800001, "DIRECTION": "NB/SB", "CO_FIPS": 49.0, "SUBAREAID": 1.0, "PLANAREA": "MAG", "F2019": 48398.0, "F2023": 53000.0, "F2028": 59500.0, "F2032": 65500.0, "F2042": 86000.0, "F2050": 99500.0, "CH19TO50": 51102.0, "CH19TO23": 4602.0, "CH23TO28": 6500.0, "CH28TO32": 6000.0, "CH32TO42": 20500.0, "CH42TO50": 13500.0, "AADTSTN": "049-0150", "AADT2022": 56001.0, "AADT2021": 56057.0, "AADT2020": 46994.0, "AADT2019": 48398.0, "AADT2018": 46943.0, "AADT2017": 45094.0, "AADT2016": 42988.0, "AADT2015": 40215.0, "AADT2014": 37030.0, "AADT2013": 35100.0, "AADT2012": 34175.0, "AADT2011": 35250.0, "AADT2010": 33940.0, "AADT2009": 34775.0, "AADT2008": 33730.0, "AADT2007": 35355.0, "AADT2006": 36150.0, "AADT2005": 34575.0, "AADT2004": 33815.0, "AADT2003": 32344.0, "AADT2002": 29485.0, "AADT2001": 27790.0, "AADT2000": 26270.0, "AADT1999": 25019.0, "AADT1998": 23715.0, "AADT1997": 22165.0, "AADT1996": 20135.0, "AADT1995": 19205.0, "AADT1994": 17575.0, "AADT1993": 16375.0, "AADT1992": 15260.0, "AADT1991": 14465.0, "AADT1990": 14290.0, "AADT1989": 13050.0, "AADT1988": 12205.0, "AADT1987": 11000.0, "AADT1986": 10465.0, "AADT1985": 11030.0, "AADT1984": 11570.0, "AADT1983": 10225.0, "AADT1982": 8225.0, "AADT1981": 8115.0, "SUTRK2022": 0.100164969, "CUTRK2022": 0.117363758, "SUTRK2021": 0.10016590256299999, "CUTRK2021": 0.11736268441100001, "SUTRK2020": 0.093682, "CUTRK2020": 0.127829, "SUTRK2019": 0.086528, "CUTRK2019": 0.116348, "SUTRK2018": "0.099335886", "CUTRK2018": "0.119465972", "SUTRK2017": "0.098708175", "CUTRK2017": "0.122087587", "SUTRK2016": 0.208099, "CUTRK2016": 0.129832, "SUTRK2015": "0.207594282", "CUTRK2015": "0.132399938", "SUTRK2014": "0.128713083", "CUTRK2014": "0.126444807", "SUTRK2013": "0.04920686", "CUTRK2013": "0.112512248", "SUTRK2012": 0.049687, "CUTRK2012": "0.113500721", "SUTRK2011": "0.153160723", "CUTRK2011": "0.128804808", "SUTRK2010": "0.268627827", "CUTRK2010": "0.142734605", "CCSGROUP19": "CO5", "FAC_WDAVG": 0.9701, "FAC_WEAVG": 0.9954, "FAC_WEMAX": 1.0531, "FAC_MON": 0.9195, "FAC_TUE": 0.922, "FAC_WED": 0.9595, "FAC_THU": 1.0289, "FAC_FRI": 1.1793, "FAC_SAT": 1.0531, "FAC_SUN": 0.9376, "FAC_SPR": 1.0026, "FAC_SUM": 1.1123, "FAC_FAL": 1.0138, "FAC_WIN": 0.8713, "FAC_JAN": 0.8083, "FAC_FEB": 0.871, "FAC_MAR": 0.9806, "FAC_APR": 1.0066, "FAC_MAY": 1.0206, "FAC_JUN": 1.0981, "FAC_JUL": 1.1372, "FAC_AUG": 1.1015, "FAC_SEP": 1.0255, "FAC_OCT": 1.0313, "FAC_NOV": 0.9847, "FAC_DEC": 0.9347, "FAC_MAXMO": 7, "FAC_MAX": 1.1372, "FACMANADJ": 0.0, "MODEL_ROUTE": 15, "MODEL_MP": 248.8 }, "geometry": { "type": "LineString", "coordinates": [ [ -111.756881983798124, 40.031442495450669 ], [ -111.755921545662559, 40.032380628412014 ], [ -111.754755446057843, 40.033515781717576 ], [ -111.753313988439061, 40.034960211436925 ], [ -111.752479008841505, 40.035729831211817 ], [ -111.751998925637338, 40.036285777080643 ], [ -111.751402875536698, 40.036891845580399 ], [ -111.750373574770521, 40.037956062674354 ], [ -111.749163662998185, 40.039160100777096 ], [ -111.747416851638008, 40.040898337093054 ], [ -111.747371911093083, 40.040943765959021 ], [ -111.746613511756181, 40.041710409487379 ], [ -111.745595391769328, 40.042739560849263 ], [ -111.744754417033164, 40.043593056936373 ], [ -111.744690462488961, 40.043657962274153 ], [ -111.743432230509825, 40.044892968638258 ], [ -111.742016690582787, 40.04628465443318 ], [ -111.740072145155807, 40.048239829039403 ], [ -111.739700489849199, 40.048616640832869 ], [ -111.739212956001694, 40.049097530742515 ], [ -111.738368961714229, 40.049931253757819 ], [ -111.7374983452968, 40.050744237753285 ], [ -111.736750292359119, 40.051389578324454 ], [ -111.735726293548254, 40.052257401383436 ], [ -111.735318573980976, 40.052566315473712 ], [ -111.733734091024672, 40.053966358843979 ], [ -111.732480210290248, 40.055150943934613 ] ] } },
{ "type": "Feature", "properties": { "Id": 0, "SEGID": "0015_253.6", "ROUTE": "0015", "BMP": 253.557, "EMP": 255.86, "DISTANCE": 2.3149419513399998, "DIRECTION": "NB/SB", "CO_FIPS": 49.0, "SUBAREAID": 1.0, "PLANAREA": "MAG", "F2019": 62749.0, "F2023": 69500.0, "F2028": 85500.0, "F2032": 101000.0, "F2042": 129000.0, "F2050": 146000.0, "CH19TO50": 83251.0, "CH19TO23": 6751.0, "CH23TO28": 16000.0, "CH28TO32": 15500.0, "CH32TO42": 28000.0, "CH42TO50": 17000.0, "AADTSTN": "049-0165", "AADT2022": 71445.0, "AADT2021": 71517.0, "AADT2020": 60929.0, "AADT2019": 62749.0, "AADT2018": 60862.0, "AADT2017": 58465.0, "AADT2016": 55734.0, "AADT2015": 52135.0, "AADT2014": 48010.0, "AADT2013": 45505.0, "AADT2012": 44310.0, "AADT2011": 43400.0, "AADT2010": 43930.0, "AADT2009": 45010.0, "AADT2008": 45845.0, "AADT2007": 48055.0, "AADT2006": 47620.0, "AADT2005": 45545.0, "AADT2004": 45745.0, "AADT2003": 43754.0, "AADT2002": 41815.0, "AADT2001": 39380.0, "AADT2000": 37885.0, "AADT1999": 36081.0, "AADT1998": 34200.0, "AADT1997": 31995.0, "AADT1996": 29065.0, "AADT1995": 27725.0, "AADT1994": 25390.0, "AADT1993": 23655.0, "AADT1992": 22045.0, "AADT1991": 20885.0, "AADT1990": 20640.0, "AADT1989": 20785.0, "AADT1988": 19090.0, "AADT1987": 17210.0, "AADT1986": 16085.0, "AADT1985": 17260.0, "AADT1984": 17800.0, "AADT1983": 12400.0, "AADT1982": 10400.0, "AADT1981": 9025.0, "SUTRK2022": 0.096087712, "CUTRK2022": 0.106386955, "SUTRK2021": 0.096089041766299996, "CUTRK2021": 0.106380301187, "SUTRK2020": 0.108742, "CUTRK2020": 0.117072, "SUTRK2019": 0.099823, "CUTRK2019": 0.10567, "SUTRK2018": "0.102524429", "CUTRK2018": "0.107389744", "SUTRK2017": "0.103251688", "CUTRK2017": "0.111202653", "SUTRK2016": 0.212841, "CUTRK2016": 0.12141, "SUTRK2015": "0.208248474", "CUTRK2015": "0.123008434", "SUTRK2014": "0.143272787", "CUTRK2014": "0.119546476", "SUTRK2013": "0.07939987", "CUTRK2013": "0.109381346", "SUTRK2012": 0.058169, "CUTRK2012": "0.103038174", "SUTRK2011": "0.136216176", "CUTRK2011": "0.11487735", "SUTRK2010": "0.253547549", "CUTRK2010": "0.127603887", "CCSGROUP19": "CO5", "FAC_WDAVG": 0.9701, "FAC_WEAVG": 0.9954, "FAC_WEMAX": 1.0531, "FAC_MON": 0.9195, "FAC_TUE": 0.922, "FAC_WED": 0.9595, "FAC_THU": 1.0289, "FAC_FRI": 1.1793, "FAC_SAT": 1.0531, "FAC_SUN": 0.9376, "FAC_SPR": 1.0026, "FAC_SUM": 1.1123, "FAC_FAL": 1.0138, "FAC_WIN": 0.8713, "FAC_JAN": 0.8083, "FAC_FEB": 0.871, "FAC_MAR": 0.9806, "FAC_APR": 1.0066, "FAC_MAY": 1.0206, "FAC_JUN": 1.0981, "FAC_JUL": 1.1372, "FAC_AUG": 1.1015, "FAC_SEP": 1.0255, "FAC_OCT": 1.0313, "FAC_NOV": 0.9847, "FAC_DEC": 0.9347, "FAC_MAXMO": 7, "FAC_MAX": 1.1372, "FACMANADJ": 0.0, "MODEL_ROUTE": 15, "MODEL_MP": 253.6 }, "geometry": { "type": "LineString", "coordinates": [ [ -111.70219161404377, 40.085179683451777 ], [ -111.702008519985156, 40.085362785892464 ], [ -111.701831231100343, 40.085540176858586 ], [ -111.701110891766774, 40.086280978683888 ], [ -111.700496545249763, 40.086904461533443 ], [ -111.699686199252341, 40.087781842683 ], [ -111.699197069757503, 40.088333206638758 ], [ -111.698546967569115, 40.089099966318301 ], [ -111.697769575682599, 40.090038940574424 ], [ -111.697294404241276, 40.090616249847578 ], [ -111.696650333485081, 40.091322958842603 ], [ -111.696021694647939, 40.092094890633035 ], [ -111.695118711340498, 40.093033610201317 ], [ -111.69246828266931, 40.095654229795748 ], [ -111.689771658389546, 40.09834407605296 ], [ -111.68900932432814, 40.099018561265176 ], [ -111.688205573622, 40.099740857774265 ], [ -111.687343642314133, 40.100465926442581 ], [ -111.686386017411849, 40.101232008448441 ], [ -111.685341799725663, 40.102046255191418 ], [ -111.683650980741078, 40.103376862011466 ], [ -111.682092652744714, 40.104587467954531 ], [ -111.679637475498453, 40.106525611281157 ], [ -111.678490907436256, 40.10736427151312 ], [ -111.677750277541634, 40.107882419930043 ], [ -111.675837005144771, 40.109291604986304 ], [ -111.674822708191371, 40.110071525728614 ], [ -111.674040927727248, 40.110694130103383 ], [ -111.674028967894657, 40.110704172326237 ] ] } },
{ "type": "Feature", "properties": { "Id": 0, "SEGID": "0015_258.8", "ROUTE": "0015", "BMP": 258.814, "EMP": 259.963, "DISTANCE": 1.15313668016, "DIRECTION": "NB/SB", "CO_FIPS": 49.0, "SUBAREAID": 1.0, "PLANAREA": "MAG", "F2019": 109371.0, "F2023": 120000.0, "F2028": 134000.0, "F2032": 155000.0, "F2042": 196000.0, "F2050": 211000.0, "CH19TO50": 101629.0, "CH19TO23": 10629.0, "CH23TO28": 14000.0, "CH28TO32": 21000.0, "CH32TO42": 41000.0, "CH42TO50": 15000.0, "AADTSTN": "049-0175", "AADT2022": 114503.0, "AADT2021": 115426.0, "AADT2020": 101934.0, "AADT2019": 109371.0, "AADT2018": 106440.0, "AADT2017": 104132.0, "AADT2016": 95109.0, "AADT2015": 87550.0, "AADT2014": 82350.0, "AADT2013": 79435.0, "AADT2012": 76000.0, "AADT2011": 76680.0, "AADT2010": 80195.0, "AADT2009": 78175.0, "AADT2008": 78435.0, "AADT2007": 80260.0, "AADT2006": 78410.0, "AADT2005": 75660.0, "AADT2004": 74640.0, "AADT2003": 75615.0, "AADT2002": 75477.0, "AADT2001": 70365.0, "AADT2000": 67488.0, "AADT1999": 64275.0, "AADT1998": 60925.0, "AADT1997": 56950.0, "AADT1996": 51740.0, "AADT1995": 49360.0, "AADT1994": 45205.0, "AADT1993": 42115.0, "AADT1992": 39250.0, "AADT1991": 37570.0, "AADT1990": 37130.0, "AADT1989": 33140.0, "AADT1988": 31225.0, "AADT1987": 29460.0, "AADT1986": 27790.0, "AADT1985": 29590.0, "AADT1984": 29550.0, "AADT1983": 20450.0, "AADT1982": 18650.0, "AADT1981": 17760.0, "SUTRK2022": 0.092007175, "CUTRK2022": 0.095401322, "SUTRK2021": 0.092007000155900007, "CUTRK2021": 0.095403115415900006, "SUTRK2020": 0.123811, "CUTRK2020": 0.106309, "SUTRK2019": 0.113133, "CUTRK2019": 0.09498, "SUTRK2018": "0.105716958", "CUTRK2018": "0.095298421", "SUTRK2017": "0.107795202", "CUTRK2017": "0.100317718", "SUTRK2016": 0.217583, "CUTRK2016": 0.112987, "SUTRK2015": "0.208902667", "CUTRK2015": "0.113616931", "SUTRK2014": "0.157832492", "CUTRK2014": "0.112648145", "SUTRK2013": "0.10959288", "CUTRK2013": "0.106250445", "SUTRK2012": 0.067768, "CUTRK2012": "0.091197203", "SUTRK2011": "0.117056114", "CUTRK2011": "0.099128865", "SUTRK2010": "0.236521429", "CUTRK2010": "0.110520817", "CCSGROUP19": "CO6", "FAC_WDAVG": 1.0654, "FAC_WEAVG": 0.8212, "FAC_WEMAX": 0.9653, "FAC_MON": 1.0179, "FAC_TUE": 1.0482, "FAC_WED": 1.0601, "FAC_THU": 1.0878, "FAC_FRI": 1.1436, "FAC_SAT": 0.9653, "FAC_SUN": 0.6771, "FAC_SPR": 1.0094, "FAC_SUM": 1.0374, "FAC_FAL": 1.0131, "FAC_WIN": 0.9401, "FAC_JAN": 0.8931, "FAC_FEB": 0.9381, "FAC_MAR": 0.989, "FAC_APR": 1.019, "FAC_MAY": 1.0202, "FAC_JUN": 1.0416, "FAC_JUL": 1.0314, "FAC_AUG": 1.0391, "FAC_SEP": 1.0201, "FAC_OCT": 1.0242, "FAC_NOV": 0.9951, "FAC_DEC": 0.9892, "FAC_MAXMO": 6, "FAC_MAX": 1.0416, "FACMANADJ": 0.0, "MODEL_ROUTE": 15, "MODEL_MP": 258.8 }, "geometry": { "type": "LineString", "coordinates": [ [ -111.646647134159721, 40.144570938999948 ], [ -111.646647140993878, 40.144571659719382 ], [ -111.646609928850751, 40.148521437553512 ], [ -111.646565333316062, 40.154564961443221 ], [ -111.646590068163619, 40.156987014695808 ], [ -111.646563016156961, 40.161289897642675 ] ] } },
{ "type": "Feature", "properties": { "Id": 0, "SEGID": "0015_260.0", "ROUTE": "0015", "BMP": 259.963, "EMP": 261.785, "DISTANCE": 1.8265259939, "DIRECTION": "NB/SB", "CO_FIPS": 49.0, "SUBAREAID": 1.0, "PLANAREA": "MAG", "F2019": 127520.0, "F2023": 137000.0, "F2028": 151000.0, "F2032": 164000.0, "F2042": 201000.0, "F2050": 219000.0, "CH19TO50": 91480.0, "CH19TO23": 9480.0, "CH23TO28": 14000.0, "CH28TO32": 13000.0, "CH32TO42": 37000.0, "CH42TO50": 18000.0, "AADTSTN": "049-0190", "AADT2022": 137189.0, "AADT2021": 135162.0, "AADT2020": 118849.0, "AADT2019": 127520.0, "AADT2018": 124047.0, "AADT2017": 121377.0, "AADT2016": 110847.0, "AADT2015": 102070.0, "AADT2014": 96020.0, "AADT2013": 92595.0, "AADT2012": 88605.0, "AADT2011": 89410.0, "AADT2010": 93525.0, "AADT2009": 91155.0, "AADT2008": 91430.0, "AADT2007": 93560.0, "AADT2006": 92125.0, "AADT2005": 88895.0, "AADT2004": 87694.0, "AADT2003": 86706.0, "AADT2002": 84577.0, "AADT2001": 78522.0, "AADT2000": 77431.0, "AADT1999": 73744.0, "AADT1998": 69900.0, "AADT1997": 65340.0, "AADT1996": 59400.0, "AADT1995": 56665.0, "AADT1994": 51940.0, "AADT1993": 48390.0, "AADT1992": 45100.0, "AADT1991": 42730.0, "AADT1990": 42230.0, "AADT1989": 37560.0, "AADT1988": 31225.0, "AADT1987": 29460.0, "AADT1986": 30905.0, "AADT1985": 33650.0, "AADT1984": 33610.0, "AADT1983": 24830.0, "AADT1982": 23030.0, "AADT1981": 21930.0, "SUTRK2022": 0.089965675, "CUTRK2022": 0.089905191, "SUTRK2021": 0.089966114736399996, "CUTRK2021": 0.089906926503000001, "SUTRK2020": 0.131348, "CUTRK2020": 0.100925, "SUTRK2019": 0.119794, "CUTRK2019": 0.089631, "SUTRK2018": "0.10731472", "CUTRK2018": "0.089247089", "SUTRK2017": "0.110066959", "CUTRK2017": "0.094875251", "SUTRK2016": 0.219953, "CUTRK2016": 0.108776, "SUTRK2015": "0.209229763", "CUTRK2015": "0.108921179", "SUTRK2014": "0.165112344", "CUTRK2014": "0.109198979", "SUTRK2013": "0.124689385", "CUTRK2013": "0.104684994", "SUTRK2012": 0.073058, "CUTRK2012": "0.084671783", "SUTRK2011": "0.10650489", "CUTRK2011": "0.090456356", "SUTRK2010": "0.227157062", "CUTRK2010": "0.101125129", "CCSGROUP19": "CO6", "FAC_WDAVG": 1.0654, "FAC_WEAVG": 0.8212, "FAC_WEMAX": 0.9653, "FAC_MON": 1.0179, "FAC_TUE": 1.0482, "FAC_WED": 1.0601, "FAC_THU": 1.0878, "FAC_FRI": 1.1436, "FAC_SAT": 0.9653, "FAC_SUN": 0.6771, "FAC_SPR": 1.0094, "FAC_SUM": 1.0374, "FAC_FAL": 1.0131, "FAC_WIN": 0.9401, "FAC_JAN": 0.8931, "FAC_FEB": 0.9381, "FAC_MAR": 0.989, "FAC_APR": 1.019, "FAC_MAY": 1.0202, "FAC_JUN": 1.0416, "FAC_JUL": 1.0314, "FAC_AUG": 1.0391, "FAC_SEP": 1.0201, "FAC_OCT": 1.0242, "FAC_NOV": 0.9951, "FAC_DEC": 0.9892, "FAC_MAXMO": 6, "FAC_MAX": 1.0416, "FACMANADJ": 0.0, "MODEL_ROUTE": 15, "MODEL_MP": 260.0 }, "geometry": { "type": "LineString", "coordinates": [ [ -111.646563016156961, 40.161289897642675 ], [ -111.646563022994272, 40.161290618360049 ], [ -111.646535920009399, 40.165390065321368 ], [ -111.646483259158359, 40.173578491060638 ], [ -111.64647876579464, 40.174316504246129 ], [ -111.646441581125202, 40.180424171103709 ], [ -111.646456608728485, 40.182403365191561 ], [ -111.64640026542871, 40.18464738315992 ], [ -111.646376475789651, 40.187771797692207 ] ] } },
{ "type": "Feature", "properties": { "Id": 0, "SEGID": "0015_261.8", "ROUTE": "0015", "BMP": 261.785, "EMP": 263.359, "DISTANCE": 1.5775023588399999, "DIRECTION": "NB/SB", "CO_FIPS": 49.0, "SUBAREAID": 1.0, "PLANAREA": "MAG", "F2019": 139454.0, "F2023": 151000.0, "F2028": 166000.0, "F2032": 176000.0, "F2042": 214000.0, "F2050": 233000.0, "CH19TO50": 93546.0, "CH19TO23": 11546.0, "CH23TO28": 15000.0, "CH28TO32": 10000.0, "CH32TO42": 38000.0, "CH42TO50": 19000.0, "AADTSTN": "049-0200", "AADT2022": 146272.0, "AADT2021": 144110.0, "AADT2020": 129971.0, "AADT2019": 139454.0, "AADT2018": 135656.0, "AADT2017": 132736.0, "AADT2016": 121220.0, "AADT2015": 111620.0, "AADT2014": 105005.0, "AADT2013": 101260.0, "AADT2012": 96900.0, "AADT2011": 97780.0, "AADT2010": 102280.0, "AADT2009": 99685.0, "AADT2008": 93845.0, "AADT2007": 96030.0, "AADT2006": 101640.0, "AADT2005": 98075.0, "AADT2004": 94025.0, "AADT2003": 95251.0, "AADT2002": 93977.0, "AADT2001": 85717.0, "AADT2000": 87373.0, "AADT1999": 83213.0, "AADT1998": 78875.0, "AADT1997": 73730.0, "AADT1996": 66985.0, "AADT1995": 63900.0, "AADT1994": 58485.0, "AADT1993": 54490.0, "AADT1992": 50785.0, "AADT1991": 48115.0, "AADT1990": 47550.0, "AADT1989": 42285.0, "AADT1988": 39895.0, "AADT1987": 35965.0, "AADT1986": 30905.0, "AADT1985": 37140.0, "AADT1984": 37100.0, "AADT1983": 27340.0, "AADT1982": 25525.0, "AADT1981": 24225.0, "SUTRK2022": 0.087923353, "CUTRK2022": 0.084406849, "SUTRK2021": 0.087925889945199995, "CUTRK2021": 0.084407744084399994, "SUTRK2020": 0.138888, "CUTRK2020": 0.095539, "SUTRK2019": 0.126458, "CUTRK2019": 0.084278, "SUTRK2018": "0.108913481", "CUTRK2018": "0.083191973", "SUTRK2017": "0.112338716", "CUTRK2017": "0.089432784", "SUTRK2016": 0.222324, "CUTRK2016": 0.104565, "SUTRK2015": "0.20955686", "CUTRK2015": "0.104225427", "SUTRK2014": "0.172392196", "CUTRK2014": "0.105749814", "SUTRK2013": "0.13978589", "CUTRK2013": "0.103119543", "SUTRK2012": 0.078721, "CUTRK2012": "0.077686192", "SUTRK2011": "0.095215625", "CUTRK2011": "0.08117722", "SUTRK2010": "0.217146878", "CUTRK2010": "0.091081462", "CCSGROUP19": "CO6", "FAC_WDAVG": 1.0654, "FAC_WEAVG": 0.8212, "FAC_WEMAX": 0.9653, "FAC_MON": 1.0179, "FAC_TUE": 1.0482, "FAC_WED": 1.0601, "FAC_THU": 1.0878, "FAC_FRI": 1.1436, "FAC_SAT": 0.9653, "FAC_SUN": 0.6771, "FAC_SPR": 1.0094, "FAC_SUM": 1.0374, "FAC_FAL": 1.0131, "FAC_WIN": 0.9401, "FAC_JAN": 0.8931, "FAC_FEB": 0.9381, "FAC_MAR": 0.989, "FAC_APR": 1.019, "FAC_MAY": 1.0202, "FAC_JUN": 1.0416, "FAC_JUL": 1.0314, "FAC_AUG": 1.0391, "FAC_SEP": 1.0201, "FAC_OCT": 1.0242, "FAC_NOV": 0.9951, "FAC_DEC": 0.9892, "FAC_MAXMO": 6, "FAC_MAX": 1.0416, "FACMANADJ": 0.0, "MODEL_ROUTE": 15, "MODEL_MP": 261.8 }, "geometry": { "type": "LineString", "coordinates": [ [ -111.646376475789651, 40.187771797692207 ], [ -111.646373706026637, 40.188135883132162 ], [ -111.646395345768596, 40.188843811263304 ], [ -111.646413549394154, 40.189189760756818 ], [ -111.646461532208008, 40.189603655050256 ], [ -111.646543730189023, 40.190218538156117 ], [ -111.646618088222297, 40.190626248743925 ], [ -111.646733328878881, 40.19113283430756 ], [ -111.647001009438199, 40.192005070331852 ], [ -111.647143177127504, 40.192476548445477 ], [ -111.647363474547646, 40.193034800521907 ], [ -111.647643070710544, 40.193651281535978 ], [ -111.647888466566485, 40.194130109447215 ], [ -111.648267165367315, 40.194789279363789 ], [ -111.648541493188858, 40.195221094968367 ], [ -111.648860732932107, 40.195680587335367 ], [ -111.649568789719879, 40.196600800695421 ], [ -111.651172198934916, 40.198559625200261 ], [ -111.652142148903764, 40.199792506360822 ], [ -111.65384101557116, 40.201887697452676 ], [ -111.6550737538427, 40.203361060821784 ], [ -111.655908292988244, 40.204318267522851 ], [ -111.657520607200837, 40.206272986242205 ], [ -111.658319624957045, 40.207231457782555 ], [ -111.658969234493057, 40.208072571106619 ], [ -111.658985388637845, 40.208093484511593 ] ] } },
{ "type": "Feature", "properties": { "Id": 0, "SEGID": "0015_264.2", "ROUTE": "0015", "BMP": 264.176, "EMP": 265.634, "DISTANCE": 1.46243154689, "DIRECTION": "NB/SB", "CO_FIPS": 49.0, "SUBAREAID": 1.0, "PLANAREA": "MAG", "F2019": 136122.0, "F2023": 146000.0, "F2028": 158000.0, "F2032": 171000.0, "F2042": 196000.0, "F2050": 217000.0, "CH19TO50": 80878.0, "CH19TO23": 9878.0, "CH23TO28": 12000.0, "CH28TO32": 13000.0, "CH32TO42": 25000.0, "CH42TO50": 21000.0, "AADTSTN": "049-0205", "AADT2022": 135161.0, "AADT2021": 133164.0, "AADT2020": 126866.0, "AADT2019": 136122.0, "AADT2018": 132414.0, "AADT2017": 129564.0, "AADT2016": 118323.0, "AADT2015": 108955.0, "AADT2014": 102495.0, "AADT2013": 98840.0, "AADT2012": 85560.0, "AADT2011": 86335.0, "AADT2010": 90310.0, "AADT2009": 88020.0, "AADT2008": 88285.0, "AADT2007": 90340.0, "AADT2006": 88270.0, "AADT2005": 85425.0, "AADT2004": 81035.0, "AADT2003": 82090.0, "AADT2002": 81977.0, "AADT2001": 69217.0, "AADT2000": 70558.0, "AADT1999": 68838.0, "AADT1998": 65250.0, "AADT1997": 60990.0, "AADT1996": 55410.0, "AADT1995": 52860.0, "AADT1994": 48405.0, "AADT1993": 45095.0, "AADT1992": 42030.0, "AADT1991": 39465.0, "AADT1990": 39000.0, "AADT1989": 34605.0, "AADT1988": 30210.0, "AADT1987": 27235.0, "AADT1986": 26620.0, "AADT1985": 29910.0, "AADT1984": 29320.0, "AADT1983": 20085.0, "AADT1982": 18270.0, "AADT1981": 17075.0, "SUTRK2022": 0.0911312, "CUTRK2022": 0.082197109, "SUTRK2021": 0.0911282328557, "CUTRK2021": 0.082199393229399995, "SUTRK2020": 0.131139, "CUTRK2020": 0.093674, "SUTRK2019": 0.109384, "CUTRK2019": 0.078017, "SUTRK2018": "0.102599872", "CUTRK2018": "0.079393898", "SUTRK2017": "0.101867165", "CUTRK2017": "0.082954755", "SUTRK2016": 0.218667, "CUTRK2016": 0.098361, "SUTRK2015": "0.209408578", "CUTRK2015": "0.098660414", "SUTRK2014": "0.179672049", "CUTRK2014": "0.102300648", "SUTRK2013": "0.154882395", "CUTRK2013": "0.101554092", "SUTRK2012": 0.084799, "CUTRK2012": "0.070189976", "SUTRK2011": "0.083108076", "CUTRK2011": "0.071225501", "SUTRK2010": "0.20642168", "CUTRK2010": "0.08032039", "CCSGROUP19": "CO6", "FAC_WDAVG": 1.0654, "FAC_WEAVG": 0.8212, "FAC_WEMAX": 0.9653, "FAC_MON": 1.0179, "FAC_TUE": 1.0482, "FAC_WED": 1.0601, "FAC_THU": 1.0878, "FAC_FRI": 1.1436, "FAC_SAT": 0.9653, "FAC_SUN": 0.6771, "FAC_SPR": 1.0094, "FAC_SUM": 1.0374, "FAC_FAL": 1.0131, "FAC_WIN": 0.9401, "FAC_JAN": 0.8931, "FAC_FEB": 0.9381, "FAC_MAR": 0.989, "FAC_APR": 1.019, "FAC_MAY": 1.0202, "FAC_JUN": 1.0416, "FAC_JUL": 1.0314, "FAC_AUG": 1.0391, "FAC_SEP": 1.0201, "FAC_OCT": 1.0242, "FAC_NOV": 0.9951, "FAC_DEC": 0.9892, "FAC_MAXMO": 6, "FAC_MAX": 1.0416, "FACMANADJ": 0.0, "MODEL_ROUTE": 15, "MODEL_MP": 264.2 }, "geometry": { "type": "LineString", "coordinates": [ [ -111.667443490316259, 40.218001536562845 ], [ -111.670913853789472, 40.220788431352268 ], [ -111.673868536255412, 40.223160910128279 ], [ -111.674291768246079, 40.223516026734906 ], [ -111.675313366051697, 40.224450467297331 ], [ -111.67667794725854, 40.22578471094436 ], [ -111.677028803769176, 40.226127717339367 ], [ -111.678370597605181, 40.227492074851028 ], [ -111.67950252259287, 40.228680885255024 ], [ -111.679860656929193, 40.229043480464192 ], [ -111.682422877259754, 40.23159759609927 ], [ -111.683284133269538, 40.232473177763353 ], [ -111.68400911800201, 40.233215048854674 ], [ -111.684351543678716, 40.233565469921793 ], [ -111.684574622998184, 40.23379569062071 ], [ -111.685075193407087, 40.234300855329678 ] ] } },
{ "type": "Feature", "properties": { "Id": 0, "SEGID": "0015_267.0", "ROUTE": "0015", "BMP": 266.531, "EMP": 267.881, "DISTANCE": 0.89185184200900003, "DIRECTION": "NB/SB", "CO_FIPS": 49.0, "SUBAREAID": 1.0, "PLANAREA": "MAG", "F2019": 156715.0, "F2023": 169000.0, "F2028": 180000.0, "F2032": 199000.0, "F2042": 229000.0, "F2050": 255000.0, "CH19TO50": 98285.0, "CH19TO23": 12285.0, "CH23TO28": 11000.0, "CH28TO32": 19000.0, "CH32TO42": 30000.0, "CH42TO50": 26000.0, "AADTSTN": "049-0210", "AADT2022": 179133.0, "AADT2021": 172575.0, "AADT2020": 139790.0, "AADT2019": 156715.0, "AADT2018": 148648.0, "AADT2017": 146233.0, "AADT2016": 143239.0, "AADT2015": 125315.0, "AADT2014": 116075.0, "AADT2013": 111140.0, "AADT2012": 96855.0, "AADT2011": 104600.0, "AADT2010": 110110.0, "AADT2009": 102660.0, "AADT2008": 98980.0, "AADT2007": 104910.0, "AADT2006": 102145.0, "AADT2005": 99830.0, "AADT2004": 98390.0, "AADT2003": 97395.0, "AADT2002": 95897.0, "AADT2001": 87888.0, "AADT2000": 89565.0, "AADT1999": 89854.0, "AADT1998": 81185.0, "AADT1997": 78720.0, "AADT1996": 75340.0, "AADT1995": 71005.0, "AADT1994": 64745.0, "AADT1993": 59180.0, "AADT1992": 55495.0, "AADT1991": 51575.0, "AADT1990": 49170.0, "AADT1989": 45120.0, "AADT1988": 41980.0, "AADT1987": 37845.0, "AADT1986": 34160.0, "AADT1985": 37680.0, "AADT1984": 36870.0, "AADT1983": 33995.0, "AADT1982": 32180.0, "AADT1981": 30490.0, "SUTRK2022": 0.094336789, "CUTRK2022": 0.079988925, "SUTRK2021": 0.094335796030699998, "CUTRK2021": 0.079988410835899998, "SUTRK2020": 0.123395, "CUTRK2020": 0.09181, "SUTRK2019": 0.092307, "CUTRK2019": 0.071754, "SUTRK2018": "0.096293167", "CUTRK2018": "0.075599975", "SUTRK2017": "0.091395613", "CUTRK2017": "0.076476727", "SUTRK2016": 0.215009, "CUTRK2016": 0.092157, "SUTRK2015": "0.209260296", "CUTRK2015": "0.093095401", "SUTRK2014": "0.187119329", "CUTRK2014": "0.097388326", "SUTRK2013": "0.169515599", "CUTRK2013": "0.097052593", "SUTRK2012": 0.123466, "CUTRK2012": "0.074097464", "SUTRK2011": "0.082716794", "CUTRK2011": "0.068965419", "SUTRK2010": "0.182214442", "CUTRK2010": "0.076297463", "CCSGROUP19": "CO6", "FAC_WDAVG": 1.0654, "FAC_WEAVG": 0.8212, "FAC_WEMAX": 0.9653, "FAC_MON": 1.0179, "FAC_TUE": 1.0482, "FAC_WED": 1.0601, "FAC_THU": 1.0878, "FAC_FRI": 1.1436, "FAC_SAT": 0.9653, "FAC_SUN": 0.6771, "FAC_SPR": 1.0094, "FAC_SUM": 1.0374, "FAC_FAL": 1.0131, "FAC_WIN": 0.9401, "FAC_JAN": 0.8931, "FAC_FEB": 0.9381, "FAC_MAR": 0.989, "FAC_APR": 1.019, "FAC_MAY": 1.0202, "FAC_JUN": 1.0416, "FAC_JUL": 1.0314, "FAC_AUG": 1.0391, "FAC_SEP": 1.0201, "FAC_OCT": 1.0242, "FAC_NOV": 0.9951, "FAC_DEC": 0.9892, "FAC_MAXMO": 6, "FAC_MAX": 1.0416, "FACMANADJ": 0.0, "MODEL_ROUTE": 15, "MODEL_MP": 267.0 }, "geometry": { "type": "LineString", "coordinates": [ [ -111.695557412294221, 40.251549644977011 ], [ -111.695742892184057, 40.251864756992141 ], [ -111.695904184851273, 40.252114246165689 ], [ -111.696138911525566, 40.252415547480311 ], [ -111.696441056320381, 40.252755182713635 ], [ -111.696655747006545, 40.252994168998548 ], [ -111.696919694688276, 40.253254841028713 ], [ -111.704976151698347, 40.260328223709912 ], [ -111.7054598210199, 40.260752808208842 ], [ -111.706282432987265, 40.26149435083326 ] ] } },
{ "type": "Feature", "properties": { "Id": 0, "SEGID": "0015_269.6", "ROUTE": "0015", "BMP": 269.617, "EMP": 270.609, "DISTANCE": 0.99375216269199995, "DIRECTION": "NB/SB", "CO_FIPS": 49.0, "SUBAREAID": 1.0, "PLANAREA": "MAG", "F2019": 203203.0, "F2023": 218000.0, "F2028": 232000.0, "F2032": 252000.0, "F2042": 273000.0, "F2050": 299000.0, "CH19TO50": 95797.0, "CH19TO23": 14797.0, "CH23TO28": 14000.0, "CH28TO32": 20000.0, "CH32TO42": 21000.0, "CH42TO50": 26000.0, "AADTSTN": "049-0215", "AADT2022": 182420.0, "AADT2021": 176764.0, "AADT2020": 181257.0, "AADT2019": 203203.0, "AADT2018": 192792.0, "AADT2017": 189569.0, "AADT2016": 185670.0, "AADT2015": 162440.0, "AADT2014": 150410.0, "AADT2013": 144070.0, "AADT2012": 125495.0, "AADT2011": 126000.0, "AADT2010": 132630.0, "AADT2009": 123610.0, "AADT2008": 119250.0, "AADT2007": 126460.0, "AADT2006": 123135.0, "AADT2005": 120340.0, "AADT2004": 118605.0, "AADT2003": 117400.0, "AADT2002": 115597.0, "AADT2001": 109044.0, "AADT2000": 102293.0, "AADT1999": 101604.0, "AADT1998": 91867.0, "AADT1997": 89105.0, "AADT1996": 85260.0, "AADT1995": 80380.0, "AADT1994": 73290.0, "AADT1993": 66985.0, "AADT1992": 62815.0, "AADT1991": 58380.0, "AADT1990": 55655.0, "AADT1989": 53945.0, "AADT1988": 47190.0, "AADT1987": 45950.0, "AADT1986": 41890.0, "AADT1985": 46200.0, "AADT1984": 45390.0, "AADT1983": 40930.0, "AADT1982": 39115.0, "AADT1981": 37975.0, "SUTRK2022": 0.097540123, "CUTRK2022": 0.077782293, "SUTRK2021": 0.097542486026599998, "CUTRK2021": 0.077781675001699996, "SUTRK2020": 0.115654, "CUTRK2020": 0.089947, "SUTRK2019": 0.075227, "CUTRK2019": 0.06549, "SUTRK2018": "0.089993352", "CUTRK2018": "0.071810197", "SUTRK2017": "0.080924062", "CUTRK2017": "0.069998698", "SUTRK2016": 0.211351, "CUTRK2016": 0.085953, "SUTRK2015": "0.209112014", "CUTRK2015": "0.087530388", "SUTRK2014": "0.194566609", "CUTRK2014": "0.092476004", "SUTRK2013": "0.184148803", "CUTRK2013": "0.092551094", "SUTRK2012": 0.157748, "CUTRK2012": "0.077561796", "SUTRK2011": "0.082280424", "CUTRK2011": "0.066444901", "SUTRK2010": "0.1598693", "CUTRK2010": "0.072583991", "CCSGROUP19": "CO6", "FAC_WDAVG": 1.0654, "FAC_WEAVG": 0.8212, "FAC_WEMAX": 0.9653, "FAC_MON": 1.0179, "FAC_TUE": 1.0482, "FAC_WED": 1.0601, "FAC_THU": 1.0878, "FAC_FRI": 1.1436, "FAC_SAT": 0.9653, "FAC_SUN": 0.6771, "FAC_SPR": 1.0094, "FAC_SUM": 1.0374, "FAC_FAL": 1.0131, "FAC_WIN": 0.9401, "FAC_JAN": 0.8931, "FAC_FEB": 0.9381, "FAC_MAR": 0.989, "FAC_APR": 1.019, "FAC_MAY": 1.0202, "FAC_JUN": 1.0416, "FAC_JUL": 1.0314, "FAC_AUG": 1.0391, "FAC_SEP": 1.0201, "FAC_OCT": 1.0242, "FAC_NOV": 0.9951, "FAC_DEC": 0.9892, "FAC_MAXMO": 6, "FAC_MAX": 1.0416, "FACMANADJ": 0.0, "MODEL_ROUTE": 15, "MODEL_MP": 269.6 }, "geometry": { "type": "LineString", "coordinates": [ [ -111.724446919577943, 40.282503715387229 ], [ -111.724733466925613, 40.283108243563404 ], [ -111.724941072597645, 40.283601550844601 ], [ -111.725200221034441, 40.284547429398437 ], [ -111.725316231660344, 40.285220413532826 ], [ -111.72536020885066, 40.286032771478496 ], [ -111.725437748343751, 40.289862653008093 ], [ -111.725438161743782, 40.289890308767703 ], [ -111.725485809961867, 40.293454422652474 ], [ -111.725525808969877, 40.29618180552113 ], [ -111.72553513948489, 40.296820050587414 ] ] } },
{ "type": "Feature", "properties": { "Id": 0, "SEGID": "0015_271.6", "ROUTE": "0015", "BMP": 271.616, "EMP": 272.716, "DISTANCE": 1.1069368768000001, "DIRECTION": "NB/SB", "CO_FIPS": 49.0, "SUBAREAID": 1.0, "PLANAREA": "MAG", "F2019": 226144.0, "F2023": 239000.0, "F2028": 252000.0, "F2032": 269000.0, "F2042": 281000.0, "F2050": 333000.0, "CH19TO50": 106856.0, "CH19TO23": 12856.0, "CH23TO28": 13000.0, "CH28TO32": 17000.0, "CH32TO42": 12000.0, "CH42TO50": 52000.0, "AADTSTN": "049-0225", "AADT2022": 197374.0, "AADT2021": 191254.0, "AADT2020": 201720.0, "AADT2019": 226144.0, "AADT2018": 214558.0, "AADT2017": 210971.0, "AADT2016": 206632.0, "AADT2015": 180780.0, "AADT2014": 167390.0, "AADT2013": 160335.0, "AADT2012": 139665.0, "AADT2011": 140225.0, "AADT2010": 147610.0, "AADT2009": 137570.0, "AADT2008": 132660.0, "AADT2007": 140680.0, "AADT2006": 136980.0, "AADT2005": 133875.0, "AADT2004": 126750.0, "AADT2003": 122885.0, "AADT2002": 120997.0, "AADT2001": 112716.0, "AADT2000": 107349.0, "AADT1999": 103886.0, "AADT1998": 93930.0, "AADT1997": 91075.0, "AADT1996": 87165.0, "AADT1995": 82150.0, "AADT1994": 74905.0, "AADT1993": 68460.0, "AADT1992": 64195.0, "AADT1991": 59660.0, "AADT1990": 56875.0, "AADT1989": 55710.0, "AADT1988": 0.0, "AADT1987": 44315.0, "AADT1986": 40730.0, "AADT1985": 44150.0, "AADT1984": 43340.0, "AADT1983": 40930.0, "AADT1982": 39115.0, "AADT1981": 37975.0, "SUTRK2022": 0.107382158, "CUTRK2022": 0.082722812, "SUTRK2021": 0.107380760664, "CUTRK2021": 0.082722452863700002, "SUTRK2020": 0.108828, "CUTRK2020": 0.087489, "SUTRK2019": 0.061079, "CUTRK2019": 0.059381, "SUTRK2018": "0.083773168", "CUTRK2018": "0.067218385", "SUTRK2017": "0.07206546", "CUTRK2017": "0.06369883", "SUTRK2016": 0.209569, "CUTRK2016": 0.078829, "SUTRK2015": "0.199836957", "CUTRK2015": "0.079222312", "SUTRK2014": "0.209461169", "CUTRK2014": "0.082651359", "SUTRK2013": "0.21341521", "CUTRK2013": "0.083548096", "SUTRK2012": 0.215836, "CUTRK2012": "0.08343183", "SUTRK2011": "0.081237183", "CUTRK2011": "0.060419044", "SUTRK2010": "0.091811031", "CUTRK2010": "0.05980809", "CCSGROUP19": "CO6", "FAC_WDAVG": 1.0654, "FAC_WEAVG": 0.8212, "FAC_WEMAX": 0.9653, "FAC_MON": 1.0179, "FAC_TUE": 1.0482, "FAC_WED": 1.0601, "FAC_THU": 1.0878, "FAC_FRI": 1.1436, "FAC_SAT": 0.9653, "FAC_SUN": 0.6771, "FAC_SPR": 1.0094, "FAC_SUM": 1.0374, "FAC_FAL": 1.0131, "FAC_WIN": 0.9401, "FAC_JAN": 0.8931, "FAC_FEB": 0.9381, "FAC_MAR": 0.989, "FAC_APR": 1.019, "FAC_MAY": 1.0202, "FAC_JUN": 1.0416, "FAC_JUL": 1.0314, "FAC_AUG": 1.0391, "FAC_SEP": 1.0201, "FAC_OCT": 1.0242, "FAC_NOV": 0.9951, "FAC_DEC": 0.9892, "FAC_MAXMO": 6, "FAC_MAX": 1.0416, "FACMANADJ": 0.0, "MODEL_ROUTE": 15, "MODEL_MP": 271.6 }, "geometry": { "type": "LineString", "coordinates": [ [ -111.725826468769853, 40.311465221581791 ], [ -111.725829451200852, 40.311578448534796 ], [ -111.72583599317052, 40.311826701079987 ], [ -111.725835440520839, 40.311884994076834 ], [ -111.725834898492536, 40.311955269243498 ], [ -111.725836769950078, 40.312130035995807 ], [ -111.72588578424137, 40.316849556647433 ], [ -111.725916710147999, 40.317495231644493 ], [ -111.72591163944513, 40.318219512376565 ], [ -111.725976778227505, 40.318751727020924 ], [ -111.72601404519169, 40.319044291850581 ], [ -111.72613792368189, 40.319719834274025 ], [ -111.726407703952333, 40.320555364609831 ], [ -111.726706670288806, 40.32130206046714 ], [ -111.727225964771407, 40.32236485439131 ], [ -111.727645379884834, 40.322992679976956 ], [ -111.728341066299294, 40.32368669427219 ], [ -111.729231163011548, 40.324550293079199 ], [ -111.729963422151457, 40.325106947097609 ], [ -111.730755386474371, 40.325621236515943 ], [ -111.730885426320739, 40.325705731975034 ], [ -111.731508483787962, 40.326088738284078 ] ] } },
{ "type": "Feature", "properties": { "Id": 0, "SEGID": "0015_272.7", "ROUTE": "0015", "BMP": 272.716, "EMP": 274.716, "DISTANCE": 1.98607207426, "DIRECTION": "EB/WB", "CO_FIPS": 49.0, "SUBAREAID": 1.0, "PLANAREA": "MAG", "F2019": 224692.0, "F2023": 238000.0, "F2028": 251000.0, "F2032": 266000.0, "F2042": 275000.0, "F2050": 324000.0, "CH19TO50": 99308.0, "CH19TO23": 13308.0, "CH23TO28": 13000.0, "CH28TO32": 15000.0, "CH32TO42": 9000.0, "CH42TO50": 49000.0, "AADTSTN": "049-0230", "AADT2022": 203678.0, "AADT2021": 197362.0, "AADT2020": 200425.0, "AADT2019": 224692.0, "AADT2018": 213180.0, "AADT2017": 209617.0, "AADT2016": 205306.0, "AADT2015": 179620.0, "AADT2014": 166315.0, "AADT2013": 159305.0, "AADT2012": 138770.0, "AADT2011": 139325.0, "AADT2010": 146660.0, "AADT2009": 136680.0, "AADT2008": 131575.0, "AADT2007": 139530.0, "AADT2006": 135860.0, "AADT2005": 132190.0, "AADT2004": 122964.0, "AADT2003": 115065.0, "AADT2002": 113297.0, "AADT2001": 106344.0, "AADT2000": 101280.0, "AADT1999": 98094.0, "AADT1998": 88693.0, "AADT1997": 86615.0, "AADT1996": 82895.0, "AADT1995": 78125.0, "AADT1994": 71235.0, "AADT1993": 65105.0, "AADT1992": 61050.0, "AADT1991": 56735.0, "AADT1990": 54090.0, "AADT1989": 55930.0, "AADT1988": 44385.0, "AADT1987": 43220.0, "AADT1986": 39725.0, "AADT1985": 42350.0, "AADT1984": 41540.0, "AADT1983": 40400.0, "AADT1982": 38650.0, "AADT1981": 37530.0, "SUTRK2022": 0.104030278, "CUTRK2022": 0.080219341, "SUTRK2021": 0.104032184514, "CUTRK2021": 0.080218076428099999, "SUTRK2020": 0.106577, "CUTRK2020": 0.085574, "SUTRK2019": 0.063405, "CUTRK2019": 0.059505, "SUTRK2018": "0.083830857", "CUTRK2018": "0.066579104", "SUTRK2017": "0.073344498", "CUTRK2017": "0.063840107", "SUTRK2016": 0.211024, "CUTRK2016": 0.078114, "SUTRK2015": "0.192756494", "CUTRK2015": "0.077094271", "SUTRK2014": "0.203705761", "CUTRK2014": "0.079943097", "SUTRK2013": "0.208867753", "CUTRK2013": "0.080910709", "SUTRK2012": 0.211041, "CUTRK2012": "0.080624139", "SUTRK2011": "0.091886875", "CUTRK2011": "0.059968518", "SUTRK2010": "0.100034977", "CUTRK2010": "0.059299129", "CCSGROUP19": "CO6", "FAC_WDAVG": 1.0654, "FAC_WEAVG": 0.8212, "FAC_WEMAX": 0.9653, "FAC_MON": 1.0179, "FAC_TUE": 1.0482, "FAC_WED": 1.0601, "FAC_THU": 1.0878, "FAC_FRI": 1.1436, "FAC_SAT": 0.9653, "FAC_SUN": 0.6771, "FAC_SPR": 1.0094, "FAC_SUM": 1.0374, "FAC_FAL": 1.0131, "FAC_WIN": 0.9401, "FAC_JAN": 0.8931, "FAC_FEB": 0.9381, "FAC_MAR": 0.989, "FAC_APR": 1.019, "FAC_MAY": 1.0202, "FAC_JUN": 1.0416, "FAC_JUL": 1.0314, "FAC_AUG": 1.0391, "FAC_SEP": 1.0201, "FAC_OCT": 1.0242, "FAC_NOV": 0.9951, "FAC_DEC": 0.9892, "FAC_MAXMO": 6, "FAC_MAX": 1.0416, "FACMANADJ": 0.0, "MODEL_ROUTE": 15, "MODEL_MP": 272.7 }, "geometry": { "type": "LineString", "coordinates": [ [ -111.731508483787962, 40.326088738284078 ], [ -111.731853936775494, 40.326314846031423 ], [ -111.731859506795985, 40.326318324374611 ], [ -111.732213724682552, 40.326538339436524 ], [ -111.733306850004283, 40.327217374418808 ], [ -111.735731195809592, 40.328793002044002 ], [ -111.737671091859994, 40.33004130193315 ], [ -111.738081864916836, 40.330305623596495 ], [ -111.738169710653551, 40.330362181233404 ], [ -111.738465839173159, 40.330551826236906 ], [ -111.738756278933963, 40.330737813039725 ], [ -111.743121483369734, 40.333532876420691 ], [ -111.743166653341206, 40.333561775934065 ], [ -111.751476405127974, 40.338937006903016 ], [ -111.759799622195814, 40.34428026572337 ], [ -111.759912551030027, 40.344344389433793 ], [ -111.760314604216404, 40.344613462130958 ] ] } },
{ "type": "Feature", "properties": { "Id": 0, "SEGID": "0015_278.5", "ROUTE": "0015", "BMP": 278.527, "EMP": 279.63, "DISTANCE": 1.13294266425, "DIRECTION": "NB/SB", "CO_FIPS": 49.0, "SUBAREAID": 1.0, "PLANAREA": "MAG", "F2019": 196832.0, "F2023": 213000.0, "F2028": 226000.0, "F2032": 249000.0, "F2042": 259000.0, "F2050": 277000.0, "CH19TO50": 80168.0, "CH19TO23": 16168.0, "CH23TO28": 13000.0, "CH28TO32": 23000.0, "CH32TO42": 10000.0, "CH42TO50": 18000.0, "AADTSTN": "049-0240", "AADT2022": 175440.0, "AADT2021": 170000.0, "AADT2020": 175574.0, "AADT2019": 196832.0, "AADT2018": 186748.0, "AADT2017": 183626.0, "AADT2016": 179849.0, "AADT2015": 157350.0, "AADT2014": 145695.0, "AADT2013": 139555.0, "AADT2012": 121560.0, "AADT2011": 122050.0, "AADT2010": 128475.0, "AADT2009": 119735.0, "AADT2008": 115465.0, "AADT2007": 122445.0, "AADT2006": 120130.0, "AADT2005": 117405.0, "AADT2004": 104753.0, "AADT2003": 111525.0, "AADT2002": 109810.0, "AADT2001": 100637.0, "AADT2000": 93183.0, "AADT1999": 89000.0, "AADT1998": 83550.0, "AADT1997": 82315.0, "AADT1996": 79635.0, "AADT1995": 75050.0, "AADT1994": 68430.0, "AADT1993": 62545.0, "AADT1992": 58650.0, "AADT1991": 54505.0, "AADT1990": 52590.0, "AADT1989": 51910.0, "AADT1988": 43585.0, "AADT1987": 42440.0, "AADT1986": 39010.0, "AADT1985": 39040.0, "AADT1984": 38230.0, "AADT1983": 39325.0, "AADT1982": 37700.0, "AADT1981": 36950.0, "SUTRK2022": 0.089117934, "CUTRK2022": 0.069081528, "SUTRK2021": 0.089117647058800001, "CUTRK2021": 0.069082352941200006, "SUTRK2020": 0.097492, "CUTRK2020": 0.077843, "SUTRK2019": 0.074267, "CUTRK2019": 0.060083, "SUTRK2018": "0.084100501", "CUTRK2018": "0.063591052", "SUTRK2017": "0.079322827", "CUTRK2017": "0.064500452", "SUTRK2016": 0.218037, "CUTRK2016": 0.074671, "SUTRK2015": "0.158625825", "CUTRK2015": "0.066836258", "SUTRK2014": "0.182675678", "CUTRK2014": "0.070047193", "SUTRK2013": "0.1922515", "CUTRK2013": "0.071273789", "SUTRK2012": 0.193521, "CUTRK2012": "0.070364967", "SUTRK2011": "0.123139133", "CUTRK2011": "0.05864642", "SUTRK2010": "0.127427705", "CUTRK2010": "0.057603857", "CCSGROUP19": "CO6", "FAC_WDAVG": 1.0654, "FAC_WEAVG": 0.8212, "FAC_WEMAX": 0.9653, "FAC_MON": 1.0179, "FAC_TUE": 1.0482, "FAC_WED": 1.0601, "FAC_THU": 1.0878, "FAC_FRI": 1.1436, "FAC_SAT": 0.9653, "FAC_SUN": 0.6771, "FAC_SPR": 1.0094, "FAC_SUM": 1.0374, "FAC_FAL": 1.0131, "FAC_WIN": 0.9401, "FAC_JAN": 0.8931, "FAC_FEB": 0.9381, "FAC_MAR": 0.989, "FAC_APR": 1.019, "FAC_MAY": 1.0202, "FAC_JUN": 1.0416, "FAC_JUL": 1.0314, "FAC_AUG": 1.0391, "FAC_SEP": 1.0201, "FAC_OCT": 1.0242, "FAC_NOV": 0.9951, "FAC_DEC": 0.9892, "FAC_MAXMO": 6, "FAC_MAX": 1.0416, "FACMANADJ": 0.0, "MODEL_ROUTE": 15, "MODEL_MP": 278.5 }, "geometry": { "type": "LineString", "coordinates": [ [ -111.818639421311602, 40.376891765276369 ], [ -111.82084785116578, 40.378185933942397 ], [ -111.822156885018558, 40.378933663563224 ], [ -111.823567433960974, 40.379802097153068 ], [ -111.824659554590667, 40.380474495821531 ], [ -111.825736424443434, 40.381102127870363 ], [ -111.827817969872598, 40.382335085563923 ], [ -111.828229530501346, 40.382589526420865 ], [ -111.829317244238112, 40.38322173170279 ], [ -111.829941036173011, 40.383633203000961 ], [ -111.830598594951468, 40.384126680885799 ], [ -111.831522962951993, 40.385028237873264 ], [ -111.832003850619657, 40.385600365875284 ], [ -111.832457198024272, 40.386212419993839 ], [ -111.832826717422932, 40.386847598783604 ], [ -111.832890382801097, 40.386985068552306 ], [ -111.833235348655222, 40.387730423212609 ], [ -111.83333198551064, 40.387961889624172 ], [ -111.833469965416384, 40.388300252842782 ] ] } },
{ "type": "Feature", "properties": { "Id": 0, "SEGID": "0015_279.6", "ROUTE": "0015", "BMP": 279.63, "EMP": 282.241, "DISTANCE": 2.5719697509400001, "DIRECTION": "EB/WB", "CO_FIPS": 49.0, "SUBAREAID": 1.0, "PLANAREA": "MAG", "F2019": 167079.0, "F2023": 190000.0, "F2028": 206000.0, "F2032": 234000.0, "F2042": 243000.0, "F2050": 266000.0, "CH19TO50": 98921.0, "CH19TO23": 22921.0, "CH23TO28": 16000.0, "CH28TO32": 28000.0, "CH32TO42": 9000.0, "CH42TO50": 23000.0, "AADTSTN": "049-0245", "AADT2022": 179486.0, "AADT2021": 173921.0, "AADT2020": 149034.0, "AADT2019": 167079.0, "AADT2018": 158519.0, "AADT2017": 155869.0, "AADT2016": 152663.0, "AADT2015": 133565.0, "AADT2014": 123670.0, "AADT2013": 118455.0, "AADT2012": 119090.0, "AADT2011": 119570.0, "AADT2010": 118035.0, "AADT2009": 110005.0, "AADT2008": 106080.0, "AADT2007": 110855.0, "AADT2006": 107940.0, "AADT2005": 105490.0, "AADT2004": 105000.0, "AADT2003": 104755.0, "AADT2002": 103145.0, "AADT2001": 94530.0, "AADT2000": 85937.0, "AADT1999": 82080.0, "AADT1998": 76284.0, "AADT1997": 75529.0, "AADT1996": 72975.0, "AADT1995": 68775.0, "AADT1994": 62710.0, "AADT1993": 57315.0, "AADT1992": 53745.0, "AADT1991": 49945.0, "AADT1990": 48190.0, "AADT1989": 44910.0, "AADT1988": 38185.0, "AADT1987": 37180.0, "AADT1986": 34110.0, "AADT1985": 33590.0, "AADT1984": 32780.0, "AADT1983": 33945.0, "AADT1982": 32350.0, "AADT1981": 31750.0, "SUTRK2022": 0.084916273, "CUTRK2022": 0.065943369, "SUTRK2021": 0.084917865007700002, "CUTRK2021": 0.065943733074199998, "SUTRK2020": 0.093888, "CUTRK2020": 0.074777, "SUTRK2019": 0.078397, "CUTRK2019": 0.060302, "SUTRK2018": "0.084203174", "CUTRK2018": "0.062453284", "SUTRK2017": "0.081599211", "CUTRK2017": "0.064751893", "SUTRK2016": 0.221074, "CUTRK2016": 0.073179, "SUTRK2015": "0.143843891", "CUTRK2015": "0.062393531", "SUTRK2014": "0.177717733", "CUTRK2014": "0.067714185", "SUTRK2013": "0.188334218", "CUTRK2013": "0.069001885", "SUTRK2012": 0.188537, "CUTRK2012": "0.067446587", "SUTRK2011": "0.13033863", "CUTRK2011": "0.058341852", "SUTRK2010": "0.134861027", "CUTRK2010": "0.057143826", "CCSGROUP19": "CO6", "FAC_WDAVG": 1.0654, "FAC_WEAVG": 0.8212, "FAC_WEMAX": 0.9653, "FAC_MON": 1.0179, "FAC_TUE": 1.0482, "FAC_WED": 1.0601, "FAC_THU": 1.0878, "FAC_FRI": 1.1436, "FAC_SAT": 0.9653, "FAC_SUN": 0.6771, "FAC_SPR": 1.0094, "FAC_SUM": 1.0374, "FAC_FAL": 1.0131, "FAC_WIN": 0.9401, "FAC_JAN": 0.8931, "FAC_FEB": 0.9381, "FAC_MAR": 0.989, "FAC_APR": 1.019, "FAC_MAY": 1.0202, "FAC_JUN": 1.0416, "FAC_JUL": 1.0314, "FAC_AUG": 1.0391, "FAC_SEP": 1.0201, "FAC_OCT": 1.0242, "FAC_NOV": 0.9951, "FAC_DEC": 0.9892, "FAC_MAXMO": 6, "FAC_MAX": 1.0416, "FACMANADJ": 0.0, "MODEL_ROUTE": 15, "MODEL_MP": 279.6 }, "geometry": { "type": "LineString", "coordinates": [ [ -111.833469965416384, 40.388300252842782 ], [ -111.833471215589427, 40.3883033195156 ], [ -111.833605588083373, 40.388632892310952 ], [ -111.833871109654652, 40.389202330596447 ], [ -111.834654110536476, 40.390878667146389 ], [ -111.834762434366752, 40.391063471117171 ], [ -111.835069325461973, 40.391584679556786 ], [ -111.835177174410049, 40.391749936936797 ], [ -111.83544643397255, 40.392162136592681 ], [ -111.835507997621406, 40.392233583741678 ], [ -111.83555282664139, 40.392285692302892 ], [ -111.835998963489018, 40.392813369087463 ], [ -111.836385609371149, 40.393217690436273 ], [ -111.836650161438783, 40.393457938812531 ], [ -111.83717977793799, 40.39391275425681 ], [ -111.837739047446163, 40.394325730616288 ], [ -111.838221373394433, 40.394643135839821 ], [ -111.839029067803168, 40.395115025093155 ], [ -111.840149882371989, 40.395712471437086 ], [ -111.843557284644646, 40.397528650731893 ], [ -111.845730842499407, 40.398712229954185 ], [ -111.846342634253844, 40.399068113067401 ], [ -111.847051550750663, 40.399510128168494 ], [ -111.849371122302244, 40.401068784535681 ], [ -111.854387673254237, 40.404426409633011 ], [ -111.854469804584056, 40.404481658381236 ], [ -111.864399022119059, 40.411166384092134 ], [ -111.8658467300084, 40.412116807969127 ], [ -111.866906237131559, 40.412754811022047 ], [ -111.868372973623039, 40.413566411764627 ] ] } },
{ "type": "Feature", "properties": { "Id": 0, "SEGID": "0015_283.9", "ROUTE": "0015", "BMP": 283.943, "EMP": 285.136, "DISTANCE": 1.2006114564000001, "DIRECTION": "NB/SB", "CO_FIPS": 49.0, "SUBAREAID": 1.0, "PLANAREA": "MAG", "F2019": 183972.0, "F2023": 206000.0, "F2028": 208000.0, "F2032": 225000.0, "F2042": 238000.0, "F2050": 254000.0, "CH19TO50": 70028.0, "CH19TO23": 22028.0, "CH23TO28": 2000.0, "CH28TO32": 17000.0, "CH32TO42": 13000.0, "CH42TO50": 16000.0, "AADTSTN": "049-0260", "AADT2022": 203633.0, "AADT2021": 198473.0, "AADT2020": 164103.0, "AADT2019": 183972.0, "AADT2018": 181234.0, "AADT2017": 180266.0, "AADT2016": 201254.0, "AADT2015": 176075.0, "AADT2014": 163030.0, "AADT2013": 156160.0, "AADT2012": 136030.0, "AADT2011": 136575.0, "AADT2010": 134820.0, "AADT2009": 125650.0, "AADT2008": 121165.0, "AADT2007": 128490.0, "AADT2006": 126475.0, "AADT2005": 123605.0, "AADT2004": 121824.0, "AADT2003": 119665.0, "AADT2002": 117828.0, "AADT2001": 110158.0, "AADT2000": 98356.0, "AADT1999": 89988.0, "AADT1998": 82786.0, "AADT1997": 82375.0, "AADT1996": 79360.0, "AADT1995": 75580.0, "AADT1994": 69700.0, "AADT1993": 64265.0, "AADT1992": 60260.0, "AADT1991": 56000.0, "AADT1990": 53390.0, "AADT1989": 50730.0, "AADT1988": 47960.0, "AADT1987": 46700.0, "AADT1986": 40510.0, "AADT1985": 38305.0, "AADT1984": 37460.0, "AADT1983": 39145.0, "AADT1982": 37580.0, "AADT1981": 37070.0, "SUTRK2022": 0.077222343, "CUTRK2022": 0.060196885, "SUTRK2021": 0.077224609896600002, "CUTRK2021": 0.060194585661500002, "SUTRK2020": 0.089012, "CUTRK2020": 0.070629, "SUTRK2019": 0.083893, "CUTRK2019": 0.060595, "SUTRK2018": "0.084339909", "CUTRK2018": "0.060938056", "SUTRK2017": "0.084630795", "CUTRK2017": "0.06508675", "SUTRK2016": 0.223232, "CUTRK2016": 0.07212, "SUTRK2015": "0.133344585", "CUTRK2015": "0.059237952", "SUTRK2014": "0.165195076", "CUTRK2014": "0.061821531", "SUTRK2013": "0.178439749", "CUTRK2013": "0.063263395", "SUTRK2012": 0.178958, "CUTRK2012": "0.061837315", "SUTRK2011": "0.142600819", "CUTRK2011": "0.057823111", "SUTRK2010": "0.150356563", "CUTRK2010": "0.056184843", "CCSGROUP19": "CO6", "FAC_WDAVG": 1.0654, "FAC_WEAVG": 0.8212, "FAC_WEMAX": 0.9653, "FAC_MON": 1.0179, "FAC_TUE": 1.0482, "FAC_WED": 1.0601, "FAC_THU": 1.0878, "FAC_FRI": 1.1436, "FAC_SAT": 0.9653, "FAC_SUN": 0.6771, "FAC_SPR": 1.0094, "FAC_SUM": 1.0374, "FAC_FAL": 1.0131, "FAC_WIN": 0.9401, "FAC_JAN": 0.8931, "FAC_FEB": 0.9381, "FAC_MAR": 0.989, "FAC_APR": 1.019, "FAC_MAY": 1.0202, "FAC_JUN": 1.0416, "FAC_JUL": 1.0314, "FAC_AUG": 1.0391, "FAC_SEP": 1.0201, "FAC_OCT": 1.0242, "FAC_NOV": 0.9951, "FAC_DEC": 0.9892, "FAC_MAXMO": 6, "FAC_MAX": 1.0416, "FACMANADJ": 0.0, "MODEL_ROUTE": 15, "MODEL_MP": 283.9 }, "geometry": { "type": "LineString", "coordinates": [ [ -111.890601824853434, 40.431424212134637 ], [ -111.890908246949493, 40.431731756523106 ], [ -111.892719830270806, 40.433506233754159 ], [ -111.894636032814518, 40.435472212843599 ], [ -111.895538859564752, 40.436338186888385 ], [ -111.89628426113066, 40.437067537912114 ], [ -111.896917389555753, 40.437829106474091 ], [ -111.897950299508551, 40.438852338493419 ], [ -111.898721814819964, 40.439519849299771 ], [ -111.899160651935503, 40.439863550033223 ], [ -111.900035378268143, 40.440514573271862 ], [ -111.902556966622512, 40.442256874143091 ], [ -111.903501938344448, 40.442935970427264 ], [ -111.904916930156006, 40.443930745760674 ], [ -111.905119534853569, 40.444073211814008 ], [ -111.9056200567519, 40.444423763800685 ] ] } },
{ "type": "Feature", "properties": { "Id": 0, "SEGID": "0015_289.8", "ROUTE": "0015", "BMP": 289.763, "EMP": 291.384, "DISTANCE": 1.54677518723, "DIRECTION": "NB/SB", "CO_FIPS": 35.0, "SUBAREAID": 1.0, "PLANAREA": "WFRC", "F2019": 213024.0, "F2023": 235000.0, "F2028": 255000.0, "F2032": 262000.0, "F2042": 274000.0, "F2050": 290000.0, "CH19TO50": 76976.0, "CH19TO23": 21976.0, "CH23TO28": 20000.0, "CH28TO32": 7000.0, "CH32TO42": 12000.0, "CH42TO50": 16000.0, "AADTSTN": "035-0011", "AADT2022": 227902.0, "AADT2021": 223653.0, "AADT2020": 183201.0, "AADT2019": 213024.0, "AADT2018": 210772.0, "AADT2017": 203109.0, "AADT2016": 189041.0, "AADT2015": 178585.0, "AADT2014": 176645.0, "AADT2013": 169715.0, "AADT2012": 167150.0, "AADT2011": 163780.0, "AADT2010": 133210.0, "AADT2009": 130855.0, "AADT2008": 129945.0, "AADT2007": 135220.0, "AADT2006": 133220.0, "AADT2005": 129435.0, "AADT2004": 126781.0, "AADT2003": 122600.0, "AADT2002": 121964.0, "AADT2001": 111930.0, "AADT2000": 97055.0, "AADT1999": 88757.0, "AADT1998": 81595.0, "AADT1997": 82455.0, "AADT1996": 79485.0, "AADT1995": 75855.0, "AADT1994": 69975.0, "AADT1993": 64540.0, "AADT1992": 60180.0, "AADT1991": 56140.0, "AADT1990": 53485.0, "AADT1989": 50570.0, "AADT1988": 47810.0, "AADT1987": 46555.0, "AADT1986": 42560.0, "AADT1985": 39785.0, "AADT1984": 38900.0, "AADT1983": 37950.0, "AADT1982": 36385.0, "AADT1981": 35890.0, "SUTRK2022": 0.100953714, "CUTRK2022": 0.057621312, "SUTRK2021": 0.100955498026, "CUTRK2021": 0.057620510344099998, "SUTRK2020": 0.100954, "CUTRK2020": 0.057621, "SUTRK2019": 0.100954, "CUTRK2019": 0.057621, "SUTRK2018": "0.104594171", "CUTRK2018": "0.058598646", "SUTRK2017": "0.105865916", "CUTRK2017": "0.062523592", "SUTRK2016": 0.228352, "CUTRK2016": 0.069605, "SUTRK2015": "0.108422561", "CUTRK2015": "0.051747609", "SUTRK2014": "0.152591159", "CUTRK2014": "0.055890638", "SUTRK2013": "0.168544063", "CUTRK2013": "0.057524199", "SUTRK2012": 0.16908, "CUTRK2012": "0.056052682", "SUTRK2011": "0.153563189", "CUTRK2011": "0.057359358", "SUTRK2010": "0.16474476", "CUTRK2010": "0.055294391", "CCSGROUP19": "CO6", "FAC_WDAVG": 1.0654, "FAC_WEAVG": 0.8212, "FAC_WEMAX": 0.9653, "FAC_MON": 1.0179, "FAC_TUE": 1.0482, "FAC_WED": 1.0601, "FAC_THU": 1.0878, "FAC_FRI": 1.1436, "FAC_SAT": 0.9653, "FAC_SUN": 0.6771, "FAC_SPR": 1.0094, "FAC_SUM": 1.0374, "FAC_FAL": 1.0131, "FAC_WIN": 0.9401, "FAC_JAN": 0.8931, "FAC_FEB": 0.9381, "FAC_MAR": 0.989, "FAC_APR": 1.019, "FAC_MAY": 1.0202, "FAC_JUN": 1.0416, "FAC_JUL": 1.0314, "FAC_AUG": 1.0391, "FAC_SEP": 1.0201, "FAC_OCT": 1.0242, "FAC_NOV": 0.9951, "FAC_DEC": 0.9892, "FAC_MAXMO": 6, "FAC_MAX": 1.0416, "FACMANADJ": 0.0, "MODEL_ROUTE": 15, "MODEL_MP": 289.8 }, "geometry": { "type": "LineString", "coordinates": [ [ -111.890965121301917, 40.504368139643937 ], [ -111.890964389474391, 40.504402018558245 ], [ -111.890963665991933, 40.504436528027384 ], [ -111.890962834055841, 40.504480677800423 ], [ -111.890959202366616, 40.504669981709128 ], [ -111.890950742662156, 40.510272646872806 ], [ -111.89096700933392, 40.512357346673319 ], [ -111.89097639954916, 40.515429196529197 ], [ -111.890978503591413, 40.518877669934383 ], [ -111.890966412118559, 40.522243459750257 ], [ -111.890965385122612, 40.523681275357546 ], [ -111.890955518017975, 40.524451605437058 ], [ -111.890981663661094, 40.526416677048744 ], [ -111.890990890171807, 40.526792363534511 ] ] } },
{ "type": "Feature", "properties": { "Id": 0, "SEGID": "0015_295.6", "ROUTE": "0015", "BMP": 295.641, "EMP": 297.944, "DISTANCE": 2.30286019469, "DIRECTION": "NB/SB", "CO_FIPS": 35.0, "SUBAREAID": 1.0, "PLANAREA": "WFRC", "F2019": 263955.0, "F2023": 315000.0, "F2028": 324000.0, "F2032": 326000.0, "F2042": 335000.0, "F2050": 342000.0, "CH19TO50": 78045.0, "CH19TO23": 51045.0, "CH23TO28": 9000.0, "CH28TO32": 2000.0, "CH32TO42": 9000.0, "CH42TO50": 7000.0, "AADTSTN": "035-0025", "AADT2022": 195457.0, "AADT2021": 196637.0, "AADT2020": 227001.0, "AADT2019": 263955.0, "AADT2018": 263374.0, "AADT2017": 261473.0, "AADT2016": 259218.0, "AADT2015": 238075.0, "AADT2014": 230000.0, "AADT2013": 206285.0, "AADT2012": 202635.0, "AADT2011": 199640.0, "AADT2010": 197080.0, "AADT2009": 193595.0, "AADT2008": 192250.0, "AADT2007": 200050.0, "AADT2006": 197095.0, "AADT2005": 191495.0, "AADT2004": 187565.0, "AADT2003": 186066.0, "AADT2002": 181170.0, "AADT2001": 171726.0, "AADT2000": 128625.0, "AADT1999": 117626.0, "AADT1998": 113541.0, "AADT1997": 133547.0, "AADT1996": 157115.0, "AADT1995": 149945.0, "AADT1994": 138320.0, "AADT1993": 127575.0, "AADT1992": 118955.0, "AADT1991": 110965.0, "AADT1990": 104090.0, "AADT1989": 101880.0, "AADT1988": 87460.0, "AADT1987": 85375.0, "AADT1986": 79790.0, "AADT1985": 78610.0, "AADT1984": 73880.0, "AADT1983": 70850.0, "AADT1982": 67775.0, "AADT1981": 66900.0, "SUTRK2022": 0.123469688, "CUTRK2022": 0.058003999, "SUTRK2021": 0.12347116768499999, "CUTRK2021": 0.058005360130600002, "SUTRK2020": 0.151857, "CUTRK2020": 0.070142, "SUTRK2019": 0.149205, "CUTRK2019": 0.062674, "SUTRK2018": "0.142094768", "CUTRK2018": "0.06229236", "SUTRK2017": "0.123186225", "CUTRK2017": "0.057179437", "SUTRK2016": 0.284014, "CUTRK2016": 0.070288, "SUTRK2015": "0.250530033", "CUTRK2015": "0.066534794", "SUTRK2014": "0.186936005", "CUTRK2014": "0.061742673", "SUTRK2013": "0.161298521", "CUTRK2013": "0.060593248", "SUTRK2012": 0.036231, "CUTRK2012": "0.047309809", "SUTRK2011": "0.036230656", "CUTRK2011": "0.047309809", "SUTRK2010": "0.036230656", "CUTRK2010": "0.047309809", "CCSGROUP19": "CO6", "FAC_WDAVG": 1.0654, "FAC_WEAVG": 0.8212, "FAC_WEMAX": 0.9653, "FAC_MON": 1.0179, "FAC_TUE": 1.0482, "FAC_WED": 1.0601, "FAC_THU": 1.0878, "FAC_FRI": 1.1436, "FAC_SAT": 0.9653, "FAC_SUN": 0.6771, "FAC_SPR": 1.0094, "FAC_SUM": 1.0374, "FAC_FAL": 1.0131, "FAC_WIN": 0.9401, "FAC_JAN": 0.8931, "FAC_FEB": 0.9381, "FAC_MAR": 0.989, "FAC_APR": 1.019, "FAC_MAY": 1.0202, "FAC_JUN": 1.0416, "FAC_JUL": 1.0314, "FAC_AUG": 1.0391, "FAC_SEP": 1.0201, "FAC_OCT": 1.0242, "FAC_NOV": 0.9951, "FAC_DEC": 0.9892, "FAC_MAXMO": 6, "FAC_MAX": 1.0416, "FACMANADJ": 0.0, "MODEL_ROUTE": 15, "MODEL_MP": 295.6 }, "geometry": { "type": "LineString", "coordinates": [ [ -111.900231804225456, 40.588002384123754 ], [ -111.900245615763865, 40.588062995209263 ], [ -111.900309371714101, 40.588340777441097 ], [ -111.9005731896941, 40.589279050126592 ], [ -111.901082699169919, 40.590613590283972 ], [ -111.901638699199268, 40.591782995521065 ], [ -111.902044775466464, 40.592690424627236 ], [ -111.902280845202839, 40.59332846893782 ], [ -111.902435459680461, 40.593840937288199 ], [ -111.902585568809499, 40.594457581250573 ], [ -111.902747227306278, 40.595141880126214 ], [ -111.903276877435403, 40.597807827945012 ], [ -111.903442385202666, 40.598724159432734 ], [ -111.903788616113644, 40.600421841946286 ], [ -111.904828004914933, 40.605935129954872 ], [ -111.9048815616366, 40.60619010658462 ], [ -111.90494864910643, 40.606528037237233 ], [ -111.90547225612103, 40.60913537022855 ], [ -111.905747823168312, 40.61059045342153 ], [ -111.905824805925448, 40.610916414210529 ], [ -111.905958056771851, 40.611671106968622 ], [ -111.90598330312136, 40.612507364722497 ], [ -111.905967646748422, 40.61320349801516 ], [ -111.905889174884607, 40.61409768433483 ], [ -111.905703404291529, 40.615135139322042 ], [ -111.905527054467782, 40.615907664970699 ], [ -111.90542976217445, 40.616319223439973 ], [ -111.905328229269855, 40.616679465620464 ], [ -111.905226673435166, 40.616950522021909 ], [ -111.905024868837515, 40.617510821796024 ], [ -111.904775735650077, 40.618287429877519 ], [ -111.904483918185733, 40.619116621993889 ], [ -111.904089264747242, 40.620272191790846 ], [ -111.904035694937846, 40.620429001703776 ], [ -111.903921614364052, 40.620762765110378 ] ] } },
{ "type": "Feature", "properties": { "Id": 0, "SEGID": "0015_299.0", "ROUTE": "0015", "BMP": 299.031, "EMP": 300.329, "DISTANCE": 1.2944701649100001, "DIRECTION": "NB/SB", "CO_FIPS": 35.0, "SUBAREAID": 1.0, "PLANAREA": "WFRC", "F2019": 205674.0, "F2023": 212000.0, "F2028": 221000.0, "F2032": 231000.0, "F2042": 237000.0, "F2050": 245000.0, "CH19TO50": 39326.0, "CH19TO23": 6326.0, "CH23TO28": 9000.0, "CH28TO32": 10000.0, "CH32TO42": 6000.0, "CH42TO50": 8000.0, "AADTSTN": "035-0035", "AADT2022": 191939.0, "AADT2021": 188731.0, "AADT2020": 176880.0, "AADT2019": 205674.0, "AADT2018": 201839.0, "AADT2017": 200436.0, "AADT2016": 196313.0, "AADT2015": 186610.0, "AADT2014": 184580.0, "AADT2013": 179205.0, "AADT2012": 176035.0, "AADT2011": 173430.0, "AADT2010": 171205.0, "AADT2009": 168180.0, "AADT2008": 167010.0, "AADT2007": 173790.0, "AADT2006": 171220.0, "AADT2005": 166355.0, "AADT2004": 163433.0, "AADT2003": 160512.0, "AADT2002": 158230.0, "AADT2001": 150074.0, "AADT2000": 73670.0, "AADT1999": 67370.0, "AADT1998": 71765.0, "AADT1997": 105056.0, "AADT1996": 132870.0, "AADT1995": 129985.0, "AADT1994": 126865.0, "AADT1993": 120800.0, "AADT1992": 116670.0, "AADT1991": 110690.0, "AADT1990": 102945.0, "AADT1989": 105070.0, "AADT1988": 109285.0, "AADT1987": 106680.0, "AADT1986": 94030.0, "AADT1985": 94675.0, "AADT1984": 88020.0, "AADT1983": 81185.0, "AADT1982": 76600.0, "AADT1981": 75610.0, "SUTRK2022": 0.080629475, "CUTRK2022": 0.036993492, "SUTRK2021": 0.080627983744100004, "CUTRK2021": 0.036994452421699998, "SUTRK2020": 0.09934, "CUTRK2020": 0.051809, "SUTRK2019": 0.104389, "CUTRK2019": 0.051833, "SUTRK2018": "0.111209165", "CUTRK2018": "0.053593241", "SUTRK2017": "0.111462834", "CUTRK2017": "0.056645069", "SUTRK2016": 0.110045, "CUTRK2016": 0.054912, "SUTRK2015": "0.128231168", "CUTRK2015": "0.050844673", "SUTRK2014": "0.21177001", "CUTRK2014": "0.061391806", "SUTRK2013": "0.133981696", "CUTRK2013": "0.046291257", "SUTRK2012": 0.083636, "CUTRK2012": "0.0357409", "SUTRK2011": "0.083635732", "CUTRK2011": "0.0357409", "SUTRK2010": "0.083635732", "CUTRK2010": "0.0357409", "CCSGROUP19": "CO6", "FAC_WDAVG": 1.0654, "FAC_WEAVG": 0.8212, "FAC_WEMAX": 0.9653, "FAC_MON": 1.0179, "FAC_TUE": 1.0482, "FAC_WED": 1.0601, "FAC_THU": 1.0878, "FAC_FRI": 1.1436, "FAC_SAT": 0.9653, "FAC_SUN": 0.6771, "FAC_SPR": 1.0094, "FAC_SUM": 1.0374, "FAC_FAL": 1.0131, "FAC_WIN": 0.9401, "FAC_JAN": 0.8931, "FAC_FEB": 0.9381, "FAC_MAR": 0.989, "FAC_APR": 1.019, "FAC_MAY": 1.0202, "FAC_JUN": 1.0416, "FAC_JUL": 1.0314, "FAC_AUG": 1.0391, "FAC_SEP": 1.0201, "FAC_OCT": 1.0242, "FAC_NOV": 0.9951, "FAC_DEC": 0.9892, "FAC_MAXMO": 6, "FAC_MAX": 1.0416, "FACMANADJ": 0.0, "MODEL_ROUTE": 15, "MODEL_MP": 299.0 }, "geometry": { "type": "LineString", "coordinates": [ [ -111.904673902783628, 40.636233561181243 ], [ -111.904635075341432, 40.636361968318965 ], [ -111.904539292352538, 40.636695047603304 ], [ -111.904323868996883, 40.637223470464633 ], [ -111.904003735337412, 40.637993603871905 ], [ -111.903793401981417, 40.63848793313548 ], [ -111.903644421118457, 40.638840436244024 ], [ -111.90351094025246, 40.63929011113666 ], [ -111.903253798771871, 40.63995335724443 ], [ -111.903054947193652, 40.640607228236419 ], [ -111.902959154358527, 40.641159936622799 ], [ -111.902862795504561, 40.641951558299027 ], [ -111.902790083357147, 40.642646332247907 ], [ -111.9027614808968, 40.642919697669619 ], [ -111.90243785037103, 40.646014440377627 ], [ -111.902393019596943, 40.646637286996366 ], [ -111.902061197526805, 40.649925325773069 ], [ -111.901851431245362, 40.651826882851537 ], [ -111.901764651558054, 40.652760853675247 ], [ -111.9016900491537, 40.653369518099758 ], [ -111.901631027068305, 40.654028508984808 ], [ -111.901563775435335, 40.654779181657368 ] ] } },
{ "type": "Feature", "properties": { "Id": 0, "SEGID": "0015_303.4", "ROUTE": "0015", "BMP": 303.443, "EMP": 304.737, "DISTANCE": 1.29587925797, "DIRECTION": "NB/SB", "CO_FIPS": 35.0, "SUBAREAID": 1.0, "PLANAREA": "WFRC", "F2019": 224050.0, "F2023": 234000.0, "F2028": 244000.0, "F2032": 255000.0, "F2042": 262000.0, "F2050": 268000.0, "CH19TO50": 43950.0, "CH19TO23": 9950.0, "CH23TO28": 10000.0, "CH28TO32": 11000.0, "CH32TO42": 7000.0, "CH42TO50": 6000.0, "AADTSTN": "035-0050", "AADT2022": 209050.0, "AADT2021": 205556.0, "AADT2020": 192683.0, "AADT2019": 224050.0, "AADT2018": 228893.0, "AADT2017": 232582.0, "AADT2016": 229160.0, "AADT2015": 220000.0, "AADT2014": 236900.0, "AADT2013": 230000.0, "AADT2012": 216235.0, "AADT2011": 213040.0, "AADT2010": 210305.0, "AADT2009": 206585.0, "AADT2008": 205150.0, "AADT2007": 213475.0, "AADT2006": 210320.0, "AADT2005": 204345.0, "AADT2004": 200155.0, "AADT2003": 198554.0, "AADT2002": 194661.0, "AADT2001": 185039.0, "AADT2000": 72085.0, "AADT1999": 65919.0, "AADT1998": 72050.0, "AADT1997": 134081.0, "AADT1996": 169295.0, "AADT1995": 165615.0, "AADT1994": 161640.0, "AADT1993": 153915.0, "AADT1992": 148650.0, "AADT1991": 141030.0, "AADT1990": 132060.0, "AADT1989": 125920.0, "AADT1988": 130015.0, "AADT1987": 127440.0, "AADT1986": 124820.0, "AADT1985": 123580.0, "AADT1984": 116925.0, "AADT1983": 110700.0, "AADT1982": 105800.0, "AADT1981": 103515.0, "SUTRK2022": 0.053219333, "CUTRK2022": 0.034160207, "SUTRK2021": 0.053221506548099998, "CUTRK2021": 0.034161007219399998, "SUTRK2020": 0.06125, "CUTRK2020": 0.040296, "SUTRK2019": 0.062839, "CUTRK2019": 0.040168, "SUTRK2018": "0.065600426", "CUTRK2018": "0.040881106", "SUTRK2017": "0.065703131", "CUTRK2017": "0.042116729", "SUTRK2016": 0.064344, "CUTRK2016": 0.040916, "SUTRK2015": "0.071618611", "CUTRK2015": "0.03928898", "SUTRK2014": "0.147337779", "CUTRK2014": "0.047473481", "SUTRK2013": "0.077953998", "CUTRK2013": "0.030607875", "SUTRK2012": 0.077954, "CUTRK2012": "0.030607875", "SUTRK2011": "0.077953998", "CUTRK2011": "0.030607875", "SUTRK2010": "0.077953998", "CUTRK2010": "0.030607875", "CCSGROUP19": "CO6", "FAC_WDAVG": 1.0654, "FAC_WEAVG": 0.8212, "FAC_WEMAX": 0.9653, "FAC_MON": 1.0179, "FAC_TUE": 1.0482, "FAC_WED": 1.0601, "FAC_THU": 1.0878, "FAC_FRI": 1.1436, "FAC_SAT": 0.9653, "FAC_SUN": 0.6771, "FAC_SPR": 1.0094, "FAC_SUM": 1.0374, "FAC_FAL": 1.0131, "FAC_WIN": 0.9401, "FAC_JAN": 0.8931, "FAC_FEB": 0.9381, "FAC_MAR": 0.989, "FAC_APR": 1.019, "FAC_MAY": 1.0202, "FAC_JUN": 1.0416, "FAC_JUL": 1.0314, "FAC_AUG": 1.0391, "FAC_SEP": 1.0201, "FAC_OCT": 1.0242, "FAC_NOV": 0.9951, "FAC_DEC": 0.9892, "FAC_MAXMO": 6, "FAC_MAX": 1.0416, "FACMANADJ": 0.0, "MODEL_ROUTE": 15, "MODEL_MP": 303.4 }, "geometry": { "type": "LineString", "coordinates": [ [ -111.902015095838109, 40.699896483973504 ], [ -111.902188486977366, 40.700325106663215 ], [ -111.902970548404227, 40.702516625130507 ], [ -111.90322795879932, 40.703257815649508 ], [ -111.903408175205584, 40.70389240811604 ], [ -111.903497458976929, 40.704279977274211 ], [ -111.903523783020617, 40.704563540177531 ], [ -111.903527030003502, 40.705189067650025 ], [ -111.903530198618498, 40.705913869743561 ], [ -111.903586825947087, 40.707388123677042 ], [ -111.903697362589014, 40.709609663221052 ], [ -111.903738874753458, 40.710228224210191 ], [ -111.903845026346531, 40.711512009172409 ], [ -111.903857968529195, 40.711768650856911 ], [ -111.903965317444701, 40.71265046556104 ], [ -111.90401247724273, 40.71303854380777 ], [ -111.904130795778116, 40.714958234297129 ], [ -111.904219383707101, 40.71585280716927 ], [ -111.904272919515705, 40.716974128664617 ], [ -111.904323720043294, 40.717823233938574 ], [ -111.904330803589303, 40.718005420752604 ], [ -111.904337065320789, 40.718223107559332 ], [ -111.904339792179456, 40.718380825331799 ], [ -111.904338234199642, 40.718519388534347 ] ] } },
{ "type": "Feature", "properties": { "Id": 0, "SEGID": "0015_313.7", "ROUTE": "0015", "BMP": 313.702, "EMP": 315.261, "DISTANCE": 2.0929431900500002, "DIRECTION": "NB/SB", "CO_FIPS": 11.0, "SUBAREAID": 1.0, "PLANAREA": "WFRC", "F2019": 175520.0, "F2023": 170000.0, "F2028": 171000.0, "F2032": 185000.0, "F2042": 189000.0, "F2050": 188000.0, "CH19TO50": 12480.0, "CH19TO23": -5520.0, "CH23TO28": 1000.0, "CH28TO32": 14000.0, "CH32TO42": 4000.0, "CH42TO50": -1000.0, "AADTSTN": "011-0010", "AADT2022": 164022.0, "AADT2021": 164351.0, "AADT2020": 146910.0, "AADT2019": 175520.0, "AADT2018": 176375.0, "AADT2017": 174979.0, "AADT2016": 171035.0, "AADT2015": 153355.0, "AADT2014": 148610.0, "AADT2013": 145285.0, "AADT2012": 145345.0, "AADT2011": 143350.0, "AADT2010": 138890.0, "AADT2009": 135410.0, "AADT2008": 146050.0, "AADT2007": 158560.0, "AADT2006": 155890.0, "AADT2005": 151090.0, "AADT2004": 145901.0, "AADT2003": 143076.0, "AADT2002": 179510.0, "AADT2001": 170800.0, "AADT2000": 160804.0, "AADT1999": 147527.0, "AADT1998": 139935.0, "AADT1997": 124926.0, "AADT1996": 121655.0, "AADT1995": 119685.0, "AADT1994": 117855.0, "AADT1993": 111820.0, "AADT1992": 107530.0, "AADT1991": 101600.0, "AADT1990": 95080.0, "AADT1989": 83180.0, "AADT1988": 89285.0, "AADT1987": 82890.0, "AADT1986": 78940.0, "AADT1985": 76500.0, "AADT1984": 67140.0, "AADT1983": 71090.0, "AADT1982": 69150.0, "AADT1981": 68815.0, "SUTRK2022": 0.078416822, "CUTRK2022": 0.071476804, "SUTRK2021": 0.078417533206400006, "CUTRK2021": 0.071475074687699994, "SUTRK2020": 0.061918, "CUTRK2020": 0.060817, "SUTRK2019": 0.068581, "CUTRK2019": 0.062282, "SUTRK2018": "0.072031549", "CUTRK2018": "0.061875888", "SUTRK2017": "0.072214129", "CUTRK2017": "0.062601961", "SUTRK2016": 0.172203, "CUTRK2016": 0.069575, "SUTRK2015": "0.149675682", "CUTRK2015": "0.072614183", "SUTRK2014": "0.04895408", "CUTRK2014": "0.044775076", "SUTRK2013": "0.036849629", "CUTRK2013": "0.044087807", "SUTRK2012": 0.035726, "CUTRK2012": "0.043971521", "SUTRK2011": "0.029735086", "CUTRK2011": "0.042763555", "SUTRK2010": "0.027557426", "CUTRK2010": "0.04661372", "CCSGROUP19": "CO6", "FAC_WDAVG": 1.0654, "FAC_WEAVG": 0.8212, "FAC_WEMAX": 0.9653, "FAC_MON": 1.0179, "FAC_TUE": 1.0482, "FAC_WED": 1.0601, "FAC_THU": 1.0878, "FAC_FRI": 1.1436, "FAC_SAT": 0.9653, "FAC_SUN": 0.6771, "FAC_SPR": 1.0094, "FAC_SUM": 1.0374, "FAC_FAL": 1.0131, "FAC_WIN": 0.9401, "FAC_JAN": 0.8931, "FAC_FEB": 0.9381, "FAC_MAR": 0.989, "FAC_APR": 1.019, "FAC_MAY": 1.0202, "FAC_JUN": 1.0416, "FAC_JUL": 1.0314, "FAC_AUG": 1.0391, "FAC_SEP": 1.0201, "FAC_OCT": 1.0242, "FAC_NOV": 0.9951, "FAC_DEC": 0.9892, "FAC_MAXMO": 6, "FAC_MAX": 1.0416, "FACMANADJ": 0.0, "MODEL_ROUTE": 15, "MODEL_MP": 313.7 }, "geometry": { "type": "LineString", "coordinates": [ [ -111.915437341026816, 40.8340649862295 ], [ -111.915414810618998, 40.835542537024551 ], [ -111.915366834349783, 40.83726260804778 ], [ -111.915277937083246, 40.840931413900485 ], [ -111.915228661121716, 40.841841735613613 ], [ -111.915228813541006, 40.841852814640269 ], [ -111.915234116816052, 40.842376246129369 ], [ -111.915195719080671, 40.843008214278342 ], [ -111.915159868038415, 40.843480444636917 ], [ -111.915035265171383, 40.844347763304427 ], [ -111.914948100244828, 40.844901385370939 ], [ -111.914752109608685, 40.845658737797507 ], [ -111.914364587193646, 40.846722089485475 ], [ -111.913847822927991, 40.847790968003416 ], [ -111.91335822166451, 40.848592982904535 ], [ -111.912491116542853, 40.849723183079341 ], [ -111.911816850445206, 40.850470350232008 ], [ -111.911816032447376, 40.850471257530174 ], [ -111.911183729227432, 40.851191064231038 ], [ -111.906459329784084, 40.85647473128401 ], [ -111.905271701046473, 40.857782156198638 ], [ -111.903151070623693, 40.860110312832163 ], [ -111.902555062997678, 40.860816545127314 ], [ -111.902098704846793, 40.861313410167384 ], [ -111.902053333377808, 40.861371238003969 ], [ -111.901911049270012, 40.861536031607564 ] ] } },
{ "type": "Feature", "properties": { "Id": 0, "SEGID": "0015_319.5", "ROUTE": "0015", "BMP": 319.512, "EMP": 322.03, "DISTANCE": 2.5126659349399998, "DIRECTION": "NB/SB", "CO_FIPS": 11.0, "SUBAREAID": 1.0, "PLANAREA": "WFRC", "F2019": 166664.0, "F2023": 162000.0, "F2028": 166000.0, "F2032": 184000.0, "F2042": 186000.0, "F2050": 183000.0, "CH19TO50": 16336.0, "CH19TO23": -4664.0, "CH23TO28": 4000.0, "CH28TO32": 18000.0, "CH32TO42": 2000.0, "CH42TO50": -3000.0, "AADTSTN": "011-0035", "AADT2022": 150837.0, "AADT2021": 137000.0, "AADT2020": 137164.0, "AADT2019": 166664.0, "AADT2018": 163121.0, "AADT2017": 160947.0, "AADT2016": 158903.0, "AADT2015": 145305.0, "AADT2014": 136730.0, "AADT2013": 132930.0, "AADT2012": 131660.0, "AADT2011": 127835.0, "AADT2010": 122775.0, "AADT2009": 121095.0, "AADT2008": 129555.0, "AADT2007": 142640.0, "AADT2006": 139630.0, "AADT2005": 135270.0, "AADT2004": 132885.0, "AADT2003": 130925.0, "AADT2002": 130136.0, "AADT2001": 124465.0, "AADT2000": 115125.0, "AADT1999": 112870.0, "AADT1998": 112705.0, "AADT1997": 105400.0, "AADT1996": 103300.0, "AADT1995": 101835.0, "AADT1994": 96290.0, "AADT1993": 88695.0, "AADT1992": 84525.0, "AADT1991": 78635.0, "AADT1990": 74800.0, "AADT1989": 71410.0, "AADT1988": 68410.0, "AADT1987": 63510.0, "AADT1986": 55795.0, "AADT1985": 57265.0, "AADT1984": 44245.0, "AADT1983": 46810.0, "AADT1982": 45200.0, "AADT1981": 46075.0, "SUTRK2022": 0.113261369, "CUTRK2022": 0.066428665, "SUTRK2021": 0.113262773723, "CUTRK2021": 0.066430656934300003, "SUTRK2020": 0.126952, "CUTRK2020": 0.074018, "SUTRK2019": 0.129182, "CUTRK2019": 0.075362, "SUTRK2018": "0.129793271", "CUTRK2018": "0.073813255", "SUTRK2017": "0.124431149", "CUTRK2017": "0.074250849", "SUTRK2016": 0.235337, "CUTRK2016": 0.080115, "SUTRK2015": "0.249155807", "CUTRK2015": "0.084000381", "SUTRK2014": "0.20797624", "CUTRK2014": "0.071251947", "SUTRK2013": "0.20487817", "CUTRK2013": "0.070892988", "SUTRK2012": 0.206492, "CUTRK2012": "0.072360932", "SUTRK2011": "0.205454628", "CUTRK2011": "0.071402557", "SUTRK2010": "0.073531178", "CUTRK2010": "0.054891477", "CCSGROUP19": "CO6", "FAC_WDAVG": 1.0654, "FAC_WEAVG": 0.8212, "FAC_WEMAX": 0.9653, "FAC_MON": 1.0179, "FAC_TUE": 1.0482, "FAC_WED": 1.0601, "FAC_THU": 1.0878, "FAC_FRI": 1.1436, "FAC_SAT": 0.9653, "FAC_SUN": 0.6771, "FAC_SPR": 1.0094, "FAC_SUM": 1.0374, "FAC_FAL": 1.0131, "FAC_WIN": 0.9401, "FAC_JAN": 0.8931, "FAC_FEB": 0.9381, "FAC_MAR": 0.989, "FAC_APR": 1.019, "FAC_MAY": 1.0202, "FAC_JUN": 1.0416, "FAC_JUL": 1.0314, "FAC_AUG": 1.0391, "FAC_SEP": 1.0201, "FAC_OCT": 1.0242, "FAC_NOV": 0.9951, "FAC_DEC": 0.9892, "FAC_MAXMO": 6, "FAC_MAX": 1.0416, "FACMANADJ": 0.0, "MODEL_ROUTE": 15, "MODEL_MP": 319.5 }, "geometry": { "type": "LineString", "coordinates": [ [ -111.890826286469448, 40.921524205230632 ], [ -111.890822615660198, 40.921746105794611 ], [ -111.890838296090408, 40.922736887573294 ], [ -111.891155878313086, 40.926220608482289 ], [ -111.891160057579924, 40.926575859666499 ], [ -111.891197308612973, 40.92700580340955 ], [ -111.891236171337241, 40.929279172503136 ], [ -111.891121108847571, 40.943785044029966 ], [ -111.891052582281773, 40.952208211842198 ], [ -111.891014987396318, 40.957939132417025 ] ] } },
{ "type": "Feature", "properties": { "Id": 0, "SEGID": "0015_330.1", "ROUTE": "0015", "BMP": 330.095, "EMP": 331.601, "DISTANCE": 1.5038717588, "DIRECTION": "NB/SB", "CO_FIPS": 11.0, "SUBAREAID": 1.0, "PLANAREA": "WFRC", "F2019": 131973.0, "F2023": 138000.0, "F2028": 134000.0, "F2032": 146000.0, "F2042": 159000.0, "F2050": 172000.0, "CH19TO50": 40027.0, "CH19TO23": 6027.0, "CH23TO28": -4000.0, "CH28TO32": 12000.0, "CH32TO42": 13000.0, "CH42TO50": 13000.0, "AADTSTN": "011-0070", "AADT2022": 143101.0, "AADT2021": 133864.0, "AADT2020": 113497.0, "AADT2019": 131973.0, "AADT2018": 131479.0, "AADT2017": 129210.0, "AADT2016": 124522.0, "AADT2015": 121320.0, "AADT2014": 115250.0, "AADT2013": 111105.0, "AADT2012": 110040.0, "AADT2011": 107300.0, "AADT2010": 98960.0, "AADT2009": 97595.0, "AADT2008": 86075.0, "AADT2007": 92900.0, "AADT2006": 93050.0, "AADT2005": 91120.0, "AADT2004": 90860.0, "AADT2003": 90000.0, "AADT2002": 78830.0, "AADT2001": 75395.0, "AADT2000": 73425.0, "AADT1999": 71984.0, "AADT1998": 71260.0, "AADT1997": 66640.0, "AADT1996": 65310.0, "AADT1995": 64385.0, "AADT1994": 60875.0, "AADT1993": 56075.0, "AADT1992": 53435.0, "AADT1991": 49710.0, "AADT1990": 47280.0, "AADT1989": 45160.0, "AADT1988": 38400.0, "AADT1987": 37400.0, "AADT1986": 34310.0, "AADT1985": 35080.0, "AADT1984": 25835.0, "AADT1983": 32600.0, "AADT1982": 0.0, "AADT1981": 0.0, "SUTRK2022": 0.082270993, "CUTRK2022": 0.078838247, "SUTRK2021": 0.082270065140699997, "CUTRK2021": 0.078841211976299994, "SUTRK2020": 0.090323, "CUTRK2020": 0.080672, "SUTRK2019": 0.085417, "CUTRK2019": 0.069127, "SUTRK2018": "0.086863376", "CUTRK2018": "0.067048537", "SUTRK2017": "0.089007313", "CUTRK2017": "0.067908264", "SUTRK2016": 0.220792, "CUTRK2016": 0.077686, "SUTRK2015": "0.219167186", "CUTRK2015": "0.077121862", "SUTRK2014": "0.242946756", "CUTRK2014": "0.078962433", "SUTRK2013": "0.251630028", "CUTRK2013": "0.080173013", "SUTRK2012": 0.261678, "CUTRK2012": "0.089910513", "SUTRK2011": "0.261534538", "CUTRK2011": "0.088426731", "SUTRK2010": "0.211152542", "CUTRK2010": "0.074145658", "CCSGROUP19": "CO6", "FAC_WDAVG": 1.0654, "FAC_WEAVG": 0.8212, "FAC_WEMAX": 0.9653, "FAC_MON": 1.0179, "FAC_TUE": 1.0482, "FAC_WED": 1.0601, "FAC_THU": 1.0878, "FAC_FRI": 1.1436, "FAC_SAT": 0.9653, "FAC_SUN": 0.6771, "FAC_SPR": 1.0094, "FAC_SUM": 1.0374, "FAC_FAL": 1.0131, "FAC_WIN": 0.9401, "FAC_JAN": 0.8931, "FAC_FEB": 0.9381, "FAC_MAR": 0.989, "FAC_APR": 1.019, "FAC_MAY": 1.0202, "FAC_JUN": 1.0416, "FAC_JUL": 1.0314, "FAC_AUG": 1.0391, "FAC_SEP": 1.0201, "FAC_OCT": 1.0242, "FAC_NOV": 0.9951, "FAC_DEC": 0.9892, "FAC_MAXMO": 6, "FAC_MAX": 1.0416, "FACMANADJ": 0.0, "MODEL_ROUTE": 15, "MODEL_MP": 330.1 }, "geometry": { "type": "LineString", "coordinates": [ [ -111.960697760002191, 41.056058948211422 ], [ -111.960737308430879, 41.056413352629619 ], [ -111.96077691303762, 41.056714339237914 ], [ -111.960823272224133, 41.056956087080827 ], [ -111.960868771895434, 41.057138749735387 ], [ -111.960926579342171, 41.057300321134313 ], [ -111.960986969776357, 41.057467636060601 ], [ -111.961036745508736, 41.057600629019191 ], [ -111.961128304222981, 41.057832541308265 ], [ -111.961221722498806, 41.058020479081371 ], [ -111.961312219247134, 41.058187542645165 ], [ -111.961498420937346, 41.058519644325933 ], [ -111.961802050817653, 41.058955618308275 ], [ -111.962122185370717, 41.059315246178329 ], [ -111.96239547932926, 41.059571852866306 ], [ -111.962717496451106, 41.059847959406689 ], [ -111.963061761028996, 41.060131535848676 ], [ -111.964177188125518, 41.06104894702694 ], [ -111.965427425925185, 41.062092320102863 ], [ -111.966094699420779, 41.062699989357988 ], [ -111.966594269972319, 41.063159799711784 ], [ -111.966995198911334, 41.063596294431022 ], [ -111.967000035484844, 41.06360147845804 ], [ -111.972563074737678, 41.069578997036487 ], [ -111.976381617008201, 41.073725668411072 ], [ -111.976604216592676, 41.073967356633929 ] ] } },
{ "type": "Feature", "properties": { "Id": 0, "SEGID": "0015_340.3", "ROUTE": "0015", "BMP": 340.324, "EMP": 341.959, "DISTANCE": 1.6342298209, "DIRECTION": "NB/SB", "CO_FIPS": 57.0, "SUBAREAID": 1.0, "PLANAREA": "WFRC", "F2019": 118007.0, "F2023": 125000.0, "F2028": 136000.0, "F2032": 150000.0, "F2042": 166000.0, "F2050": 180000.0, "CH19TO50": 61993.0, "CH19TO23": 6993.0, "CH23TO28": 11000.0, "CH28TO32": 14000.0, "CH32TO42": 16000.0, "CH42TO50": 14000.0, "AADTSTN": "057-0020", "AADT2022": 122721.0, "AADT2021": 118457.0, "AADT2020": 106442.0, "AADT2019": 118007.0, "AADT2018": 119060.0, "AADT2017": 118768.0, "AADT2016": 121275.0, "AADT2015": 111900.0, "AADT2014": 101815.0, "AADT2013": 96420.0, "AADT2012": 96720.0, "AADT2011": 96480.0, "AADT2010": 96800.0, "AADT2009": 94505.0, "AADT2008": 85275.0, "AADT2007": 88735.0, "AADT2006": 87425.0, "AADT2005": 84940.0, "AADT2004": 83195.0, "AADT2003": 82530.0, "AADT2002": 96130.0, "AADT2001": 92940.0, "AADT2000": 82725.0, "AADT1999": 81105.0, "AADT1998": 76620.0, "AADT1997": 73875.0, "AADT1996": 71675.0, "AADT1995": 70575.0, "AADT1994": 63635.0, "AADT1993": 58545.0, "AADT1992": 55440.0, "AADT1991": 51740.0, "AADT1990": 48705.0, "AADT1989": 47400.0, "AADT1988": 45310.0, "AADT1987": 44130.0, "AADT1986": 40820.0, "AADT1985": 38880.0, "AADT1984": 36150.0, "AADT1983": 35855.0, "AADT1982": 33475.0, "AADT1981": 32865.0, "SUTRK2022": 0.095837088, "CUTRK2022": 0.113199452, "SUTRK2021": 0.095840684805499995, "CUTRK2021": 0.113197193918, "SUTRK2020": 0.059601, "CUTRK2020": 0.107646, "SUTRK2019": 0.07082, "CUTRK2019": 0.097893, "SUTRK2018": "0.119557957", "CUTRK2018": "0.103668358", "SUTRK2017": "0.162027126", "CUTRK2017": "0.103187758", "SUTRK2016": 0.309987, "CUTRK2016": 0.1127, "SUTRK2015": "0.308869088", "CUTRK2015": "0.116949317", "SUTRK2014": "0.243827077", "CUTRK2014": "0.108634557", "SUTRK2013": "0.169800667", "CUTRK2013": "0.10138299", "SUTRK2012": 0.168394, "CUTRK2012": "0.119712498", "SUTRK2011": "0.148173726", "CUTRK2011": "0.110250965", "SUTRK2010": "0.078765113", "CUTRK2010": "0.07061819", "CCSGROUP19": "CO6", "FAC_WDAVG": 1.0654, "FAC_WEAVG": 0.8212, "FAC_WEMAX": 0.9653, "FAC_MON": 1.0179, "FAC_TUE": 1.0482, "FAC_WED": 1.0601, "FAC_THU": 1.0878, "FAC_FRI": 1.1436, "FAC_SAT": 0.9653, "FAC_SUN": 0.6771, "FAC_SPR": 1.0094, "FAC_SUM": 1.0374, "FAC_FAL": 1.0131, "FAC_WIN": 0.9401, "FAC_JAN": 0.8931, "FAC_FEB": 0.9381, "FAC_MAR": 0.989, "FAC_APR": 1.019, "FAC_MAY": 1.0202, "FAC_JUN": 1.0416, "FAC_JUL": 1.0314, "FAC_AUG": 1.0391, "FAC_SEP": 1.0201, "FAC_OCT": 1.0242, "FAC_NOV": 0.9951, "FAC_DEC": 0.9892, "FAC_MAXMO": 6, "FAC_MAX": 1.0416, "FACMANADJ": 0.0, "MODEL_ROUTE": 15, "MODEL_MP": 340.3 }, "geometry": { "type": "LineString", "coordinates": [ [ -112.009982380896474, 41.185912553181545 ], [ -112.009858066659277, 41.186030204887317 ], [ -112.009125712288025, 41.186830209519364 ], [ -112.008016656548591, 41.188065339952828 ], [ -112.007323772039598, 41.188852736879802 ], [ -112.005242609555125, 41.191189882612711 ], [ -112.004618584997928, 41.191860281591381 ], [ -112.003763793262991, 41.192701944843598 ], [ -112.002574951060765, 41.193777649834018 ], [ -112.00242801108125, 41.193901891351409 ], [ -112.001712079289334, 41.194507221505702 ], [ -111.998975742336611, 41.196635114121953 ], [ -111.996828442979876, 41.198295563689705 ], [ -111.996302102716257, 41.198740597412993 ], [ -111.995885539356593, 41.199158376826951 ], [ -111.995511532014746, 41.199575156311717 ], [ -111.995117075204348, 41.20009092628159 ], [ -111.994895071116431, 41.200433697631638 ], [ -111.994783309282667, 41.200590407072333 ], [ -111.994492833088231, 41.201168781227921 ], [ -111.994361907635493, 41.201485723413093 ], [ -111.994192159011178, 41.201948385641366 ], [ -111.994076471032983, 41.202350319127305 ], [ -111.993974813911976, 41.202907154679927 ], [ -111.993923259991249, 41.203251965747945 ], [ -111.993900373267152, 41.203796681452971 ], [ -111.993917622667865, 41.204235119645013 ], [ -111.993975821302172, 41.204747067863998 ], [ -111.9941130289981, 41.205372642249252 ], [ -111.994138291991987, 41.205473581109921 ] ] } },
{ "type": "Feature", "properties": { "Id": 0, "SEGID": "0015_357.6", "ROUTE": "0015", "BMP": 357.566, "EMP": 362.023, "DISTANCE": 4.4583674370899997, "DIRECTION": "NB/SB", "CO_FIPS": 3.0, "SUBAREAID": 1.0, "PLANAREA": "WFRC", "F2019": 54223.0, "F2023": 58500.0, "F2028": 62500.0, "F2032": 68500.0, "F2042": 77500.0, "F2050": 85500.0, "CH19TO50": 31277.0, "CH19TO23": 4277.0, "CH23TO28": 4000.0, "CH28TO32": 6000.0, "CH32TO42": 9000.0, "CH42TO50": 8000.0, "AADTSTN": "003-0090", "AADT2022": 58637.0, "AADT2021": 58172.0, "AADT2020": 50590.0, "AADT2019": 54223.0, "AADT2018": 52658.0, "AADT2017": 47000.0, "AADT2016": 45381.0, "AADT2015": 45785.0, "AADT2014": 42210.0, "AADT2013": 41785.0, "AADT2012": 41290.0, "AADT2011": 40800.0, "AADT2010": 42010.0, "AADT2009": 41990.0, "AADT2008": 38665.0, "AADT2007": 38755.0, "AADT2006": 38155.0, "AADT2005": 37690.0, "AADT2004": 38490.0, "AADT2003": 39490.0, "AADT2002": 44510.0, "AADT2001": 42070.0, "AADT2000": 40610.0, "AADT1999": 38898.0, "AADT1998": 36430.0, "AADT1997": 35130.0, "AADT1996": 34085.0, "AADT1995": 33560.0, "AADT1994": 30260.0, "AADT1993": 27840.0, "AADT1992": 26360.0, "AADT1991": 24595.0, "AADT1990": 23150.0, "AADT1989": 22530.0, "AADT1988": 0.0, "AADT1987": 11585.0, "AADT1986": 15480.0, "AADT1985": 15320.0, "AADT1984": 15000.0, "AADT1983": 18375.0, "AADT1982": 18025.0, "AADT1981": 17840.0, "SUTRK2022": 0.118649643, "CUTRK2022": 0.144848027, "SUTRK2021": 0.118648146875, "CUTRK2021": 0.14484631781599999, "SUTRK2020": 0.124257, "CUTRK2020": 0.155627, "SUTRK2019": 0.086033, "CUTRK2019": 0.148417, "SUTRK2018": "0.086799216", "CUTRK2018": "0.139646303", "SUTRK2017": "0.106583376", "CUTRK2017": "0.112740375", "SUTRK2016": 0.254865, "CUTRK2016": 0.134124, "SUTRK2015": "0.247113872", "CUTRK2015": "0.151042608", "SUTRK2014": "0.165625667", "CUTRK2014": "0.150023953", "SUTRK2013": "0.075038649", "CUTRK2013": "0.141209673", "SUTRK2012": 0.056493, "CUTRK2012": "0.141354406", "SUTRK2011": "0.05389108", "CUTRK2011": "0.135782658", "SUTRK2010": "0.040992856", "CUTRK2010": "0.122691545", "CCSGROUP19": "CO4", "FAC_WDAVG": 0.905, "FAC_WEAVG": 1.1113, "FAC_WEMAX": 1.209, "FAC_MON": 0.834, "FAC_TUE": 0.8108, "FAC_WED": 0.885, "FAC_THU": 1.019, "FAC_FRI": 1.2286, "FAC_SAT": 1.0135, "FAC_SUN": 1.209, "FAC_SPR": 1.0444, "FAC_SUM": 1.1234, "FAC_FAL": 1.0062, "FAC_WIN": 0.826, "FAC_JAN": 0.7518, "FAC_FEB": 0.8353, "FAC_MAR": 1.0452, "FAC_APR": 1.0677, "FAC_MAY": 1.0204, "FAC_JUN": 1.1258, "FAC_JUL": 1.1691, "FAC_AUG": 1.0753, "FAC_SEP": 0.9778, "FAC_OCT": 1.0372, "FAC_NOV": 1.0036, "FAC_DEC": 0.8908, "FAC_MAXMO": 7, "FAC_MAX": 1.1691, "FACMANADJ": 0.0, "MODEL_ROUTE": 15, "MODEL_MP": 357.6 }, "geometry": { "type": "LineString", "coordinates": [ [ -112.052595917634662, 41.422018943204158 ], [ -112.052597764758119, 41.422022168953049 ], [ -112.052845405542556, 41.422410281777168 ], [ -112.052912072738266, 41.422514697427168 ], [ -112.053260619393214, 41.423000336113503 ], [ -112.053636191003818, 41.423484375046961 ], [ -112.054433240188246, 41.424448425329722 ], [ -112.054866067463934, 41.424978953638075 ], [ -112.055254239484256, 41.425485840276188 ], [ -112.055612071304452, 41.42599588633658 ], [ -112.055932185806583, 41.426519157990235 ], [ -112.056100971797193, 41.426854033198907 ], [ -112.056277624766281, 41.427164696182302 ], [ -112.05647696225877, 41.427589994303062 ], [ -112.056696046867586, 41.428133197046748 ], [ -112.056884927998311, 41.428688206245454 ], [ -112.057038392094427, 41.429243540546139 ], [ -112.057156533419715, 41.429812440032848 ], [ -112.057248997262249, 41.43039193380703 ], [ -112.057299188429042, 41.43096983440298 ], [ -112.057309683319275, 41.431557467456372 ], [ -112.057289746131815, 41.432143128344677 ], [ -112.057038063687656, 41.434969154275024 ], [ -112.05686450357706, 41.437380843542357 ], [ -112.056662635797935, 41.439612554857263 ], [ -112.056547088144086, 41.441041639272889 ], [ -112.056343183547753, 41.443562232520271 ], [ -112.05626176638583, 41.444668179607277 ], [ -112.055761791872996, 41.450946551609363 ], [ -112.055277466192749, 41.456880782272847 ], [ -112.055263308331803, 41.457063580436085 ], [ -112.05506555378112, 41.459496197128914 ], [ -112.054917275314779, 41.461059424105756 ], [ -112.054849616015503, 41.461982392605336 ], [ -112.054757104506123, 41.462997463327973 ], [ -112.054369182935545, 41.467973589305672 ], [ -112.054040670434816, 41.471844691853462 ], [ -112.053316951988847, 41.480947776560193 ], [ -112.053184323528541, 41.482343317267507 ], [ -112.053129207144337, 41.483288865018359 ], [ -112.052931137715703, 41.485740205700381 ] ] } },
{ "type": "Feature", "properties": { "Id": 0, "SEGID": "0052_001.0", "ROUTE": "0052", "BMP": 1.037, "EMP": 1.543, "DISTANCE": 0.50241053254500001, "DIRECTION": "EB/WB", "CO_FIPS": 49.0, "SUBAREAID": 1.0, "PLANAREA": "MAG", "F2019": 37913.0, "F2023": 39500.0, "F2028": 43000.0, "F2032": 45500.0, "F2042": 46500.0, "F2050": 49500.0, "CH19TO50": 11587.0, "CH19TO23": 1587.0, "CH23TO28": 3500.0, "CH28TO32": 2500.0, "CH32TO42": 1000.0, "CH42TO50": 3000.0, "AADTSTN": "049-0275", "AADT2022": 37387.0, "AADT2021": 36546.0, "AADT2020": 32984.0, "AADT2019": 37913.0, "AADT2018": 37538.0, "AADT2017": 37056.0, "AADT2016": 36082.0, "AADT2015": 34560.0, "AADT2014": 32945.0, "AADT2013": 31560.0, "AADT2012": 30760.0, "AADT2011": 30850.0, "AADT2010": 26195.0, "AADT2009": 26165.0, "AADT2008": 25985.0, "AADT2007": 26415.0, "AADT2006": 26965.0, "AADT2005": 26565.0, "AADT2004": 27355.0, "AADT2003": 27725.0, "AADT2002": 28225.0, "AADT2001": 26445.0, "AADT2000": 26270.0, "AADT1999": 26475.0, "AADT1998": 24380.0, "AADT1997": 24090.0, "AADT1996": 21005.0, "AADT1995": 21745.0, "AADT1994": 21745.0, "AADT1993": 20720.0, "AADT1992": 20540.0, "AADT1991": 13255.0, "AADT1990": 13100.0, "AADT1989": 11200.0, "AADT1988": 0.0, "AADT1987": 8950.0, "AADT1986": 8750.0, "AADT1985": 8550.0, "AADT1984": 8400.0, "AADT1983": 8850.0, "AADT1982": 8785.0, "AADT1981": 8715.0, "SUTRK2022": 0.133531213, "CUTRK2022": 0.03290166, "SUTRK2021": 0.13353034531800001, "CUTRK2021": 0.032890056367299997, "SUTRK2020": 0.133066, "CUTRK2020": 0.032914, "SUTRK2019": 0.167805, "CUTRK2019": 0.034311, "SUTRK2018": "0.167804948", "CUTRK2018": "0.034311176", "SUTRK2017": "0.167804948", "CUTRK2017": "0.034311176", "SUTRK2016": 0.167805, "CUTRK2016": 0.034311, "SUTRK2015": "0.167804948", "CUTRK2015": "0.034311176", "SUTRK2014": "0.167804948", "CUTRK2014": "0.034311176", "SUTRK2013": "0.167804948", "CUTRK2013": "0.034311176", "SUTRK2012": 0.167805, "CUTRK2012": "0.034311176", "SUTRK2011": "0.167804948", "CUTRK2011": "0.034311176", "SUTRK2010": "0.167804948", "CUTRK2010": "0.034311176", "CCSGROUP19": "COU", "FAC_WDAVG": 1.0946, "FAC_WEAVG": 0.7583, "FAC_WEMAX": 0.8873, "FAC_MON": 1.0545, "FAC_TUE": 1.0851, "FAC_WED": 1.0925, "FAC_THU": 1.1063, "FAC_FRI": 1.145, "FAC_SAT": 0.8873, "FAC_SUN": 0.6293, "FAC_SPR": 1.0117, "FAC_SUM": 1.0135, "FAC_FAL": 1.0095, "FAC_WIN": 0.9653, "FAC_JAN": 0.9346, "FAC_FEB": 0.9705, "FAC_MAR": 0.9965, "FAC_APR": 1.0142, "FAC_MAY": 1.0245, "FAC_JUN": 1.0222, "FAC_JUL": 0.996, "FAC_AUG": 1.0223, "FAC_SEP": 1.0238, "FAC_OCT": 1.0103, "FAC_NOV": 0.9944, "FAC_DEC": 0.9907, "FAC_MAXMO": 5, "FAC_MAX": 1.0245, "FACMANADJ": 0.0, "MODEL_ROUTE": 52, "MODEL_MP": 1.0 }, "geometry": { "type": "LineString", "coordinates": [ [ -111.715002193336915, 40.312022627438537 ], [ -111.71030002469675, 40.312102220819575 ], [ -111.708077517603996, 40.312125933499395 ], [ -111.707394568597735, 40.312124885567151 ], [ -111.706211759971822, 40.312097155207937 ], [ -111.705490110035157, 40.312063899082929 ] ] } },
{ "type": "Feature", "properties": { "Id": 0, "SEGID": "0052_003.1", "ROUTE": "0052", "BMP": 3.069, "EMP": 3.692, "DISTANCE": 0.62049211890800005, "DIRECTION": "EB/WB", "CO_FIPS": 49.0, "SUBAREAID": 1.0, "PLANAREA": "MAG", "F2019": 36980.0, "F2023": 38000.0, "F2028": 40000.0, "F2032": 41500.0, "F2042": 42500.0, "F2050": 43500.0, "CH19TO50": 6520.0, "CH19TO23": 1020.0, "CH23TO28": 2000.0, "CH28TO32": 1500.0, "CH32TO42": 1000.0, "CH42TO50": 1000.0, "AADTSTN": "049-0290", "AADT2022": 36468.0, "AADT2021": 35648.0, "AADT2020": 32173.0, "AADT2019": 36980.0, "AADT2018": 36614.0, "AADT2017": 36144.0, "AADT2016": 35194.0, "AADT2015": 33710.0, "AADT2014": 32135.0, "AADT2013": 30780.0, "AADT2012": 30000.0, "AADT2011": 14510.0, "AADT2010": 14940.0, "AADT2009": 14925.0, "AADT2008": 14825.0, "AADT2007": 15410.0, "AADT2006": 15195.0, "AADT2005": 14555.0, "AADT2004": 14575.0, "AADT2003": 14770.0, "AADT2002": 15035.0, "AADT2001": 14085.0, "AADT2000": 13990.0, "AADT1999": 14100.0, "AADT1998": 13030.0, "AADT1997": 12875.0, "AADT1996": 12875.0, "AADT1995": 12560.0, "AADT1994": 12325.0, "AADT1993": 11745.0, "AADT1992": 11640.0, "AADT1991": 10680.0, "AADT1990": 10555.0, "AADT1989": 10360.0, "AADT1988": 10165.0, "AADT1987": 10175.0, "AADT1986": 9950.0, "AADT1985": 9725.0, "AADT1984": 9435.0, "AADT1983": 9380.0, "AADT1982": 9300.0, "AADT1981": 9230.0, "SUTRK2022": 0.200639451, "CUTRK2022": 0.031713652, "SUTRK2021": 0.20062836624800001, "CUTRK2021": 0.031726885098700003, "SUTRK2020": 0.200639, "CUTRK2020": 0.031714, "SUTRK2019": 0.200639, "CUTRK2019": 0.031714, "SUTRK2018": "0.200639451", "CUTRK2018": "0.031713652", "SUTRK2017": "0.200639451", "CUTRK2017": "0.031713652", "SUTRK2016": 0.200639, "CUTRK2016": 0.031714, "SUTRK2015": "0.200639451", "CUTRK2015": "0.031713652", "SUTRK2014": "0.200639451", "CUTRK2014": "0.031713652", "SUTRK2013": "0.200639451", "CUTRK2013": "0.031713652", "SUTRK2012": 0.200639, "CUTRK2012": "0.031713652", "SUTRK2011": "0.200639451", "CUTRK2011": "0.031713652", "SUTRK2010": "0.200639451", "CUTRK2010": "0.031713652", "CCSGROUP19": "COU", "FAC_WDAVG": 1.0946, "FAC_WEAVG": 0.7583, "FAC_WEMAX": 0.8873, "FAC_MON": 1.0545, "FAC_TUE": 1.0851, "FAC_WED": 1.0925, "FAC_THU": 1.1063, "FAC_FRI": 1.145, "FAC_SAT": 0.8873, "FAC_SUN": 0.6293, "FAC_SPR": 1.0117, "FAC_SUM": 1.0135, "FAC_FAL": 1.0095, "FAC_WIN": 0.9653, "FAC_JAN": 0.9346, "FAC_FEB": 0.9705, "FAC_MAR": 0.9965, "FAC_APR": 1.0142, "FAC_MAY": 1.0245, "FAC_JUN": 1.0222, "FAC_JUL": 0.996, "FAC_AUG": 1.0223, "FAC_SEP": 1.0238, "FAC_OCT": 1.0103, "FAC_NOV": 0.9944, "FAC_DEC": 0.9907, "FAC_MAXMO": 5, "FAC_MAX": 1.0245, "FACMANADJ": 0.0, "MODEL_ROUTE": 52, "MODEL_MP": 3.1 }, "geometry": { "type": "LineString", "coordinates": [ [ -111.676685050853635, 40.311995039213755 ], [ -111.675688317361249, 40.311990773764983 ], [ -111.674357180207835, 40.31198097151124 ], [ -111.671986635529137, 40.31195962714586 ], [ -111.669521750021346, 40.312014097236997 ], [ -111.66727577814116, 40.311986890271342 ], [ -111.664934894986473, 40.311977843238665 ] ] } },
{ "type": "Feature", "properties": { "Id": 0, "SEGID": "0068_038.1", "ROUTE": "0068", "BMP": 38.107, "EMP": 39.167, "DISTANCE": 1.06108027084, "DIRECTION": "NB/SB", "CO_FIPS": 35.0, "SUBAREAID": 1.0, "PLANAREA": "WFRC", "F2019": 23844.0, "F2023": 22500.0, "F2028": 26500.0, "F2032": 23000.0, "F2042": 26000.0, "F2050": 30000.0, "CH19TO50": 6156.0, "CH19TO23": -1344.0, "CH23TO28": 4000.0, "CH28TO32": -3500.0, "CH32TO42": 3000.0, "CH42TO50": 4000.0, "AADTSTN": "035-0175", "AADT2022": 23927.0, "AADT2021": 22984.0, "AADT2020": 20744.0, "AADT2019": 23844.0, "AADT2018": 23608.0, "AADT2017": 21634.0, "AADT2016": 21392.0, "AADT2015": 21330.0, "AADT2014": 18210.0, "AADT2013": 18635.0, "AADT2012": 21555.0, "AADT2011": 21970.0, "AADT2010": 20250.0, "AADT2009": 16025.0, "AADT2008": 16120.0, "AADT2007": 16370.0, "AADT2006": 14890.0, "AADT2005": 10685.0, "AADT2004": 9855.0, "AADT2003": 9815.0, "AADT2002": 8715.0, "AADT2001": 7415.0, "AADT2000": 6310.0, "AADT1999": 5875.0, "AADT1998": 6670.0, "AADT1997": 4600.0, "AADT1996": 4030.0, "AADT1995": 3960.0, "AADT1994": 3465.0, "AADT1993": 3070.0, "AADT1992": 2885.0, "AADT1991": 2660.0, "AADT1990": 2220.0, "AADT1989": 1990.0, "AADT1988": 2470.0, "AADT1987": 2385.0, "AADT1986": 2260.0, "AADT1985": 2115.0, "AADT1984": 1925.0, "AADT1983": 2000.0, "AADT1982": 0.0, "AADT1981": 0.0, "SUTRK2022": 0.098987515, "CUTRK2022": 0.024957909, "SUTRK2021": 0.098981900452499993, "CUTRK2021": 0.024973894883399999, "SUTRK2020": 0.113098, "CUTRK2020": 0.032002, "SUTRK2019": 0.0, "CUTRK2019": 0.0, "SUTRK2018": "0.01543337", "CUTRK2018": "0.014580602", "SUTRK2017": "0.0152968", "CUTRK2017": "0.013955939", "SUTRK2016": 0.044702, "CUTRK2016": 0.017162, "SUTRK2015": "0.04276105", "CUTRK2015": "0.016491687", "SUTRK2014": "0.041378953", "CUTRK2014": "0.016435804", "SUTRK2013": "0.04127326", "CUTRK2013": "0.015930339", "SUTRK2012": 0.042556, "CUTRK2012": "0.025161075", "SUTRK2011": "0.042342113", "CUTRK2011": "0.025730566", "SUTRK2010": "0.048960996", "CUTRK2010": "0.020175095", "CCSGROUP19": "COS", "FAC_WDAVG": 1.0918, "FAC_WEAVG": 0.7585, "FAC_WEMAX": 0.8742, "FAC_MON": 1.0517, "FAC_TUE": 1.0744, "FAC_WED": 1.0878, "FAC_THU": 1.1132, "FAC_FRI": 1.1558, "FAC_SAT": 0.8742, "FAC_SUN": 0.6429, "FAC_SPR": 1.0107, "FAC_SUM": 1.0575, "FAC_FAL": 1.0324, "FAC_WIN": 0.8994, "FAC_JAN": 0.86, "FAC_FEB": 0.8982, "FAC_MAR": 0.9669, "FAC_APR": 1.0119, "FAC_MAY": 1.0534, "FAC_JUN": 1.0636, "FAC_JUL": 1.0366, "FAC_AUG": 1.0724, "FAC_SEP": 1.0607, "FAC_OCT": 1.0468, "FAC_NOV": 0.9896, "FAC_DEC": 0.9399, "FAC_MAXMO": 8, "FAC_MAX": 1.0724, "FACMANADJ": 0.0, "MODEL_ROUTE": 68, "MODEL_MP": 38.1 }, "geometry": { "type": "LineString", "coordinates": [ [ -111.942803405983412, 40.462644834879839 ], [ -111.942933910076917, 40.462943765662743 ], [ -111.943174114700227, 40.463420176694427 ], [ -111.943639901718882, 40.464507348767192 ], [ -111.943851742441183, 40.464894801997396 ], [ -111.944621636440559, 40.466554251382099 ], [ -111.946365219711538, 40.470265151454868 ], [ -111.946485948073175, 40.470546140072678 ], [ -111.946646673375739, 40.47098715865485 ], [ -111.946767247060862, 40.471424902429661 ], [ -111.946861731342864, 40.471936732511551 ], [ -111.946901328767865, 40.472320185553123 ], [ -111.94691040313927, 40.472546233621024 ], [ -111.946899127090589, 40.473003075299495 ], [ -111.946874033013358, 40.473232106008844 ], [ -111.946800164919267, 40.473684055225142 ], [ -111.946753686569991, 40.473902450477802 ], [ -111.946631138888534, 40.474332276254785 ], [ -111.946540494257889, 40.474597879303325 ], [ -111.945894515112627, 40.476313951444531 ], [ -111.945476304747473, 40.477365104297988 ] ] } },
{ "type": "Feature", "properties": { "Id": 0, "SEGID": "0071_015.7", "ROUTE": "0071", "BMP": 15.709, "EMP": 16.514, "DISTANCE": 0.81215779725399995, "DIRECTION": "NB/SB", "CO_FIPS": 35.0, "SUBAREAID": 1.0, "PLANAREA": "WFRC", "F2019": 26803.0, "F2023": 27000.0, "F2028": 28500.0, "F2032": 29000.0, "F2042": 29500.0, "F2050": 30500.0, "CH19TO50": 3697.0, "CH19TO23": 197.0, "CH23TO28": 1500.0, "CH28TO32": 500.0, "CH32TO42": 500.0, "CH42TO50": 1000.0, "AADTSTN": "035-0350", "AADT2022": 26978.0, "AADT2021": 25475.0, "AADT2020": 22139.0, "AADT2019": 26803.0, "AADT2018": 26982.0, "AADT2017": 27617.0, "AADT2016": 26993.0, "AADT2015": 25710.0, "AADT2014": 25325.0, "AADT2013": 24230.0, "AADT2012": 24315.0, "AADT2011": 25415.0, "AADT2010": 24985.0, "AADT2009": 25870.0, "AADT2008": 26440.0, "AADT2007": 27340.0, "AADT2006": 26915.0, "AADT2005": 27160.0, "AADT2004": 27610.0, "AADT2003": 28665.0, "AADT2002": 28465.0, "AADT2001": 30875.0, "AADT2000": 36830.0, "AADT1999": 43745.0, "AADT1998": 46040.0, "AADT1997": 38495.0, "AADT1996": 33265.0, "AADT1995": 32150.0, "AADT1994": 32025.0, "AADT1993": 31405.0, "AADT1992": 30775.0, "AADT1991": 30350.0, "AADT1990": 30205.0, "AADT1989": 31940.0, "AADT1988": 31970.0, "AADT1987": 33990.0, "AADT1986": 36635.0, "AADT1985": 36965.0, "AADT1984": 39165.0, "AADT1983": 27275.0, "AADT1982": 26950.0, "AADT1981": 26360.0, "SUTRK2022": 0.080462817, "CUTRK2022": 0.027308935, "SUTRK2021": 0.080471050049100004, "CUTRK2021": 0.0273209028459, "SUTRK2020": 0.080678, "CUTRK2020": 0.027567, "SUTRK2019": 0.079675, "CUTRK2019": 0.028254, "SUTRK2018": "0.137144486", "CUTRK2018": "0.036013613", "SUTRK2017": "0.147981294", "CUTRK2017": "0.037515278", "SUTRK2016": 0.269084, "CUTRK2016": 0.04647, "SUTRK2015": "0.269892176", "CUTRK2015": "0.046192723", "SUTRK2014": "0.287770882", "CUTRK2014": "0.050172469", "SUTRK2013": "0.287711826", "CUTRK2013": "0.050241444", "SUTRK2012": 0.084427, "CUTRK2012": "0.027112686", "SUTRK2011": "0.084426504", "CUTRK2011": "0.027112686", "SUTRK2010": "0.084426504", "CUTRK2010": "0.027112686", "CCSGROUP19": "COU", "FAC_WDAVG": 1.0946, "FAC_WEAVG": 0.7583, "FAC_WEMAX": 0.8873, "FAC_MON": 1.0545, "FAC_TUE": 1.0851, "FAC_WED": 1.0925, "FAC_THU": 1.1063, "FAC_FRI": 1.145, "FAC_SAT": 0.8873, "FAC_SUN": 0.6293, "FAC_SPR": 1.0117, "FAC_SUM": 1.0135, "FAC_FAL": 1.0095, "FAC_WIN": 0.9653, "FAC_JAN": 0.9346, "FAC_FEB": 0.9705, "FAC_MAR": 0.9965, "FAC_APR": 1.0142, "FAC_MAY": 1.0245, "FAC_JUN": 1.0222, "FAC_JUL": 0.996, "FAC_AUG": 1.0223, "FAC_SEP": 1.0238, "FAC_OCT": 1.0103, "FAC_NOV": 0.9944, "FAC_DEC": 0.9907, "FAC_MAXMO": 5, "FAC_MAX": 1.0245, "FACMANADJ": 0.0, "MODEL_ROUTE": 71, "MODEL_MP": 15.7 }, "geometry": { "type": "LineString", "coordinates": [ [ -111.87141628714312, 40.674354243800522 ], [ -111.871446352049674, 40.673382980272649 ], [ -111.871449752750934, 40.673271608343029 ], [ -111.871467941390819, 40.672215212950093 ], [ -111.871468186416351, 40.671979636245098 ], [ -111.871468737966225, 40.6714132614444 ], [ -111.871472276675803, 40.670858214874386 ], [ -111.871484639307099, 40.670199412632137 ], [ -111.871483579862925, 40.669854571352516 ], [ -111.871468105310271, 40.669511190169992 ], [ -111.871374210262431, 40.668942194927858 ], [ -111.871293731551589, 40.668676598161362 ], [ -111.871153880371381, 40.668339740914234 ], [ -111.870920066064414, 40.667964495085315 ], [ -111.870677926006536, 40.667667506248179 ], [ -111.87045102176873, 40.667459316940217 ], [ -111.869814625940123, 40.667012422431988 ], [ -111.869461596718622, 40.666812298230461 ], [ -111.869085774044521, 40.666651531988819 ], [ -111.868677209954669, 40.666483804017624 ], [ -111.868181425460151, 40.666350242620091 ], [ -111.867961898552593, 40.666299463341204 ], [ -111.867529015760567, 40.666199298528348 ], [ -111.866468227273828, 40.666003671126774 ], [ -111.864848772748445, 40.665705018356121 ] ] } },
{ "type": "Feature", "properties": { "Id": 0, "SEGID": "0071_021.2", "ROUTE": "0071", "BMP": 21.16, "EMP": 21.724, "DISTANCE": 0.56298833855099994, "DIRECTION": "NB/SB", "CO_FIPS": 35.0, "SUBAREAID": 1.0, "PLANAREA": "WFRC", "F2019": 44196.0, "F2023": 46000.0, "F2028": 51000.0, "F2032": 51000.0, "F2042": 52000.0, "F2050": 55000.0, "CH19TO50": 10804.0, "CH19TO23": 1804.0, "CH23TO28": 5000.0, "CH28TO32": 0.0, "CH32TO42": 1000.0, "CH42TO50": 3000.0, "AADTSTN": "035-0391", "AADT2022": 41424.0, "AADT2021": 39376.0, "AADT2020": 34826.0, "AADT2019": 44196.0, "AADT2018": 44255.0, "AADT2017": 43943.0, "AADT2016": 41806.0, "AADT2015": 39555.0, "AADT2014": 39435.0, "AADT2013": 37950.0, "AADT2012": 37655.0, "AADT2011": 37350.0, "AADT2010": 35830.0, "AADT2009": 35405.0, "AADT2008": 33685.0, "AADT2007": 37075.0, "AADT2006": 37790.0, "AADT2005": 36435.0, "AADT2004": 36115.0, "AADT2003": 38495.0, "AADT2002": 39355.0, "AADT2001": 43085.0, "AADT2000": 49315.0, "AADT1999": 53290.0, "AADT1998": 53275.0, "AADT1997": 47780.0, "AADT1996": 43155.0, "AADT1995": 42270.0, "AADT1994": 41570.0, "AADT1993": 42090.0, "AADT1992": 43310.0, "AADT1991": 43445.0, "AADT1990": 42530.0, "AADT1989": 42340.0, "AADT1988": 40930.0, "AADT1987": 39255.0, "AADT1986": 41050.0, "AADT1985": 43375.0, "AADT1984": 44065.0, "AADT1983": 40355.0, "AADT1982": 36495.0, "AADT1981": 34710.0, "SUTRK2022": 0.045077773, "CUTRK2022": 0.007444378, "SUTRK2021": 0.045078220235700003, "CUTRK2021": 0.0074410808614400002, "SUTRK2020": 0.053261, "CUTRK2020": 0.009057, "SUTRK2019": 0.056115, "CUTRK2019": 0.010451, "SUTRK2018": "0.058059658", "CUTRK2018": "0.010756179", "SUTRK2017": "0.059805434", "CUTRK2017": "0.011516734", "SUTRK2016": 0.194357, "CUTRK2016": 0.022092, "SUTRK2015": "0.190808016", "CUTRK2015": "0.023250471", "SUTRK2014": "0.094451618", "CUTRK2014": "0.02028663", "SUTRK2013": "0.094451618", "CUTRK2013": "0.02028663", "SUTRK2012": 0.094452, "CUTRK2012": "0.02028663", "SUTRK2011": "0.094451618", "CUTRK2011": "0.02028663", "SUTRK2010": "0.094451618", "CUTRK2010": "0.02028663", "CCSGROUP19": "COU", "FAC_WDAVG": 1.0946, "FAC_WEAVG": 0.7583, "FAC_WEMAX": 0.8873, "FAC_MON": 1.0545, "FAC_TUE": 1.0851, "FAC_WED": 1.0925, "FAC_THU": 1.1063, "FAC_FRI": 1.145, "FAC_SAT": 0.8873, "FAC_SUN": 0.6293, "FAC_SPR": 1.0117, "FAC_SUM": 1.0135, "FAC_FAL": 1.0095, "FAC_WIN": 0.9653, "FAC_JAN": 0.9346, "FAC_FEB": 0.9705, "FAC_MAR": 0.9965, "FAC_APR": 1.0142, "FAC_MAY": 1.0245, "FAC_JUN": 1.0222, "FAC_JUL": 0.996, "FAC_AUG": 1.0223, "FAC_SEP": 1.0238, "FAC_OCT": 1.0103, "FAC_NOV": 0.9944, "FAC_DEC": 0.9907, "FAC_MAXMO": 5, "FAC_MAX": 1.0245, "FACMANADJ": 0.0, "MODEL_ROUTE": 71, "MODEL_MP": 21.2 }, "geometry": { "type": "LineString", "coordinates": [ [ -111.871060854726451, 40.749791718232281 ], [ -111.871060374060519, 40.748030563764907 ], [ -111.871060308543235, 40.745665837087657 ], [ -111.871060017784217, 40.744282135628332 ], [ -111.871059750819541, 40.743263277518487 ], [ -111.871059758016003, 40.741630038009987 ] ] } },
{ "type": "Feature", "properties": { "Id": 0, "SEGID": "0073_034.6", "ROUTE": "0073", "BMP": 34.627, "EMP": 35.419, "DISTANCE": 0.792721309333, "DIRECTION": "EB/WB", "CO_FIPS": 49.0, "SUBAREAID": 1.0, "PLANAREA": "MAG", "F2019": 33642.0, "F2023": 41500.0, "F2028": 56000.0, "F2032": 55500.0, "F2042": 98500.0, "F2050": 160000.0, "CH19TO50": 126358.0, "CH19TO23": 7858.0, "CH23TO28": 14500.0, "CH28TO32": -500.0, "CH32TO42": 43000.0, "CH42TO50": 61500.0, "AADTSTN": "049-0327", "AADT2022": 34052.0, "AADT2021": 32430.0, "AADT2020": 29269.0, "AADT2019": 33642.0, "AADT2018": 30915.0, "AADT2017": 27899.0, "AADT2016": 25376.0, "AADT2015": 23130.0, "AADT2014": 20355.0, "AADT2013": 19065.0, "AADT2012": 17570.0, "AADT2011": 19500.0, "AADT2010": 19550.0, "AADT2009": 22165.0, "AADT2008": 22010.0, "AADT2007": 22340.0, "AADT2006": 20280.0, "AADT2005": 17545.0, "AADT2004": 16400.0, "AADT2003": 10970.0, "AADT2002": 11170.0, "AADT2001": 10655.0, "AADT2000": 2290.0, "AADT1999": 2652.0, "AADT1998": 2531.0, "AADT1997": 2025.0, "AADT1996": 1945.0, "AADT1995": 1880.0, "AADT1994": 1650.0, "AADT1993": 2175.0, "AADT1992": 2100.0, "AADT1991": 1705.0, "AADT1990": 1690.0, "AADT1989": 1275.0, "AADT1988": 1260.0, "AADT1987": 1675.0, "AADT1986": 1650.0, "AADT1985": 1625.0, "AADT1984": 1615.0, "AADT1983": 1590.0, "AADT1982": 1570.0, "AADT1981": 1540.0, "SUTRK2022": 0.13620302, "CUTRK2022": 0.071570832, "SUTRK2021": 0.13620104841200001, "CUTRK2021": 0.071569534381699995, "SUTRK2020": 0.136203, "CUTRK2020": 0.071571, "SUTRK2019": 0.136203, "CUTRK2019": 0.071571, "SUTRK2018": "0.13620302", "CUTRK2018": "0.071570832", "SUTRK2017": "0.13620302", "CUTRK2017": "0.071570832", "SUTRK2016": 0.136203, "CUTRK2016": 0.071571, "SUTRK2015": "0.13620302", "CUTRK2015": "0.071570832", "SUTRK2014": "0.113872702", "CUTRK2014": "0.061297595", "SUTRK2013": "0.13620302", "CUTRK2013": "0.071570832", "SUTRK2012": 0.136203, "CUTRK2012": "0.071570832", "SUTRK2011": "0.13620302", "CUTRK2011": "0.071570832", "SUTRK2010": "0.13620302", "CUTRK2010": "0.071570832", "CCSGROUP19": "XX3", "FAC_WDAVG": 1.1568, "FAC_WEAVG": 0.6311, "FAC_WEMAX": 0.7332, "FAC_MON": 1.1071, "FAC_TUE": 1.1465, "FAC_WED": 1.1587, "FAC_THU": 1.1651, "FAC_FRI": 1.1603, "FAC_SAT": 0.7332, "FAC_SUN": 0.5291, "FAC_SPR": 1.0112, "FAC_SUM": 1.0254, "FAC_FAL": 1.0105, "FAC_WIN": 0.9529, "FAC_JAN": 0.9362, "FAC_FEB": 0.964, "FAC_MAR": 0.9953, "FAC_APR": 1.0139, "FAC_MAY": 1.0245, "FAC_JUN": 1.0357, "FAC_JUL": 1.0085, "FAC_AUG": 1.032, "FAC_SEP": 1.0208, "FAC_OCT": 1.0204, "FAC_NOV": 0.9902, "FAC_DEC": 0.9587, "FAC_MAXMO": 8, "FAC_MAX": 1.0414, "FACMANADJ": 0.0, "MODEL_ROUTE": 73, "MODEL_MP": 34.6 }, "geometry": { "type": "LineString", "coordinates": [ [ -111.935404416275802, 40.386012218745982 ], [ -111.935515480189807, 40.386035193891765 ], [ -111.935756069450022, 40.386078562001629 ], [ -111.935990467210402, 40.386117204968997 ], [ -111.936249720180754, 40.386155556080759 ], [ -111.936462108727667, 40.386187259222439 ], [ -111.936783713172559, 40.386227536473832 ], [ -111.937107635734577, 40.386256532791471 ], [ -111.937198820342289, 40.386264712520102 ], [ -111.93749215754319, 40.386288550305792 ], [ -111.937688764757468, 40.386303622430084 ], [ -111.937944527777788, 40.386311097181554 ], [ -111.93830925778849, 40.386317686998481 ], [ -111.93861162198975, 40.386312800064786 ], [ -111.939138248710748, 40.386303748406263 ], [ -111.93954338881349, 40.386293339404887 ], [ -111.93995064412556, 40.386291019882734 ], [ -111.940330955356885, 40.386265855059605 ], [ -111.944888021642029, 40.38552212315976 ], [ -111.947435202089224, 40.385104880576968 ], [ -111.949137999258994, 40.384814246941659 ], [ -111.950172483388044, 40.384648809834985 ] ] } },
{ "type": "Feature", "properties": { "Id": 0, "SEGID": "0077_007.4", "ROUTE": "0077", "BMP": 7.402, "EMP": 7.927, "DISTANCE": 0.52759178577800003, "DIRECTION": "EB/WB", "CO_FIPS": 49.0, "SUBAREAID": 1.0, "PLANAREA": "MAG", "F2019": 34775.0, "F2023": 36000.0, "F2028": 38500.0, "F2032": 36000.0, "F2042": 37000.0, "F2050": 39000.0, "CH19TO50": 4225.0, "CH19TO23": 1225.0, "CH23TO28": 2500.0, "CH28TO32": -2500.0, "CH32TO42": 1000.0, "CH42TO50": 2000.0, "AADTSTN": "049-0400", "AADT2022": 33999.0, "AADT2021": 33663.0, "AADT2020": 31054.0, "AADT2019": 34775.0, "AADT2018": 34160.0, "AADT2017": 33822.0, "AADT2016": 32933.0, "AADT2015": 31275.0, "AADT2014": 29985.0, "AADT2013": 29660.0, "AADT2012": 19670.0, "AADT2011": 20070.0, "AADT2010": 20130.0, "AADT2009": 20210.0, "AADT2008": 20335.0, "AADT2007": 18965.0, "AADT2006": 19925.0, "AADT2005": 19080.0, "AADT2004": 19140.0, "AADT2003": 18335.0, "AADT2002": 17530.0, "AADT2001": 16422.0, "AADT2000": 15640.0, "AADT1999": 14280.0, "AADT1998": 13200.0, "AADT1997": 13045.0, "AADT1996": 12740.0, "AADT1995": 12135.0, "AADT1994": 12830.0, "AADT1993": 9480.0, "AADT1992": 9395.0, "AADT1991": 9000.0, "AADT1990": 9240.0, "AADT1989": 7255.0, "AADT1988": 7730.0, "AADT1987": 6550.0, "AADT1986": 6550.0, "AADT1985": 6550.0, "AADT1984": 6425.0, "AADT1983": 6275.0, "AADT1982": 6125.0, "AADT1981": 6100.0, "SUTRK2022": 0.072701096, "CUTRK2022": 0.01943646, "SUTRK2021": 0.072691085167699995, "CUTRK2021": 0.019427858479600001, "SUTRK2020": 0.190863, "CUTRK2020": 0.060064, "SUTRK2019": 0.190863, "CUTRK2019": 0.060064, "SUTRK2018": "0.190863265", "CUTRK2018": "0.060063625", "SUTRK2017": "0.190863265", "CUTRK2017": "0.060063625", "SUTRK2016": 0.190863, "CUTRK2016": 0.060064, "SUTRK2015": "0.190863265", "CUTRK2015": "0.060063625", "SUTRK2014": "0.190863265", "CUTRK2014": "0.060063625", "SUTRK2013": "0.190863265", "CUTRK2013": "0.060063625", "SUTRK2012": 0.190863, "CUTRK2012": "0.060063625", "SUTRK2011": "0.190863265", "CUTRK2011": "0.060063625", "SUTRK2010": "0.190863265", "CUTRK2010": "0.060063625", "CCSGROUP19": "COT", "FAC_WDAVG": 1.0924, "FAC_WEAVG": 0.7653, "FAC_WEMAX": 0.9245, "FAC_MON": 1.0506, "FAC_TUE": 1.0813, "FAC_WED": 1.0887, "FAC_THU": 1.1071, "FAC_FRI": 1.1418, "FAC_SAT": 0.9245, "FAC_SUN": 0.6061, "FAC_SPR": 1.0104, "FAC_SUM": 1.0283, "FAC_FAL": 1.0243, "FAC_WIN": 0.937, "FAC_JAN": 0.9024, "FAC_FEB": 0.9471, "FAC_MAR": 0.9888, "FAC_APR": 1.0146, "FAC_MAY": 1.0278, "FAC_JUN": 1.0352, "FAC_JUL": 1.01, "FAC_AUG": 1.0396, "FAC_SEP": 1.0434, "FAC_OCT": 1.0358, "FAC_NOV": 0.9936, "FAC_DEC": 0.9616, "FAC_MAXMO": 9, "FAC_MAX": 1.0434, "FACMANADJ": 0.0, "MODEL_ROUTE": 77, "MODEL_MP": 7.4 }, "geometry": { "type": "LineString", "coordinates": [ [ -111.632385280946679, 40.161276735689846 ], [ -111.636292472866685, 40.161270380784352 ], [ -111.637412748667415, 40.161273229872243 ], [ -111.637600646738605, 40.161274898399476 ], [ -111.642355389975648, 40.161290067319605 ] ] } },
{ "type": "Feature", "properties": { "Id": 0, "SEGID": "0080_104.3", "ROUTE": "0080", "BMP": 104.277, "EMP": 111.287, "DISTANCE": 7.0291852951799996, "DIRECTION": "EB/WB", "CO_FIPS": 35.0, "SUBAREAID": 1.0, "PLANAREA": "WFRC", "F2019": 29473.0, "F2023": 31500.0, "F2028": 32000.0, "F2032": 33500.0, "F2042": 35000.0, "F2050": 38500.0, "CH19TO50": 9027.0, "CH19TO23": 2027.0, "CH23TO28": 500.0, "CH28TO32": 1500.0, "CH32TO42": 1500.0, "CH42TO50": 3500.0, "AADTSTN": "035-0400", "AADT2022": 29415.0, "AADT2021": 28642.0, "AADT2020": 25347.0, "AADT2019": 29473.0, "AADT2018": 28231.0, "AADT2017": 27303.0, "AADT2016": 25929.0, "AADT2015": 24075.0, "AADT2014": 22650.0, "AADT2013": 21820.0, "AADT2012": 21755.0, "AADT2011": 21515.0, "AADT2010": 21845.0, "AADT2009": 21460.0, "AADT2008": 21205.0, "AADT2007": 21385.0, "AADT2006": 21235.0, "AADT2005": 20515.0, "AADT2004": 20115.0, "AADT2003": 22790.0, "AADT2002": 22815.0, "AADT2001": 21565.0, "AADT2000": 20815.0, "AADT1999": 19938.0, "AADT1998": 19222.0, "AADT1997": 17865.0, "AADT1996": 17015.0, "AADT1995": 16350.0, "AADT1994": 15500.0, "AADT1993": 15075.0, "AADT1992": 14240.0, "AADT1991": 13475.0, "AADT1990": 12850.0, "AADT1989": 13815.0, "AADT1988": 10925.0, "AADT1987": 12090.0, "AADT1986": 11890.0, "AADT1985": 11690.0, "AADT1984": 11385.0, "AADT1983": 11175.0, "AADT1982": 11135.0, "AADT1981": 11135.0, "SUTRK2022": 0.098420691, "CUTRK2022": 0.095332034, "SUTRK2021": 0.098421897912200004, "CUTRK2021": 0.095349486767699998, "SUTRK2020": 0.101305, "CUTRK2020": 0.103154, "SUTRK2019": 0.048633, "CUTRK2019": 0.08292, "SUTRK2018": "0.067061971", "CUTRK2018": "0.08600562", "SUTRK2017": "0.066529493", "CUTRK2017": "0.088862378", "SUTRK2016": 0.135817, "CUTRK2016": 0.095508, "SUTRK2015": "0.201056643", "CUTRK2015": "0.101023354", "SUTRK2014": "0.174540513", "CUTRK2014": "0.10264327", "SUTRK2013": "0.278853851", "CUTRK2013": "0.116058702", "SUTRK2012": 0.300185, "CUTRK2012": "0.128953993", "SUTRK2011": "0.054613722", "CUTRK2011": "0.263763889", "SUTRK2010": "0.054613722", "CUTRK2010": "0.263763889", "CCSGROUP19": "COB", "FAC_WDAVG": 1.0552, "FAC_WEAVG": 0.8404, "FAC_WEMAX": 0.9632, "FAC_MON": 1.0095, "FAC_TUE": 1.0341, "FAC_WED": 1.0549, "FAC_THU": 1.0767, "FAC_FRI": 1.1441, "FAC_SAT": 0.9632, "FAC_SUN": 0.7176, "FAC_SPR": 0.9945, "FAC_SUM": 1.0659, "FAC_FAL": 1.025, "FAC_WIN": 0.9146, "FAC_JAN": 0.8655, "FAC_FEB": 0.9178, "FAC_MAR": 0.9619, "FAC_APR": 0.9905, "FAC_MAY": 1.0311, "FAC_JUN": 1.0629, "FAC_JUL": 1.0569, "FAC_AUG": 1.0779, "FAC_SEP": 1.0512, "FAC_OCT": 1.0352, "FAC_NOV": 0.9886, "FAC_DEC": 0.9605, "FAC_MAXMO": 8, "FAC_MAX": 1.0779, "FACMANADJ": 0.0, "MODEL_ROUTE": 80, "MODEL_MP": 104.3 }, "geometry": { "type": "LineString", "coordinates": [ [ -112.182956911149802, 40.745160599723576 ], [ -112.182950959336353, 40.745165615342188 ], [ -112.180610635848609, 40.747149714536818 ], [ -112.178387083168971, 40.749012852460091 ], [ -112.177277244147618, 40.749888984086361 ], [ -112.175462778881183, 40.751402417720378 ], [ -112.173772347348134, 40.752792948208544 ], [ -112.171093564101469, 40.754995682191442 ], [ -112.169223003491737, 40.756609308856312 ], [ -112.167307723668728, 40.758211286322648 ], [ -112.165285331464133, 40.759790531681446 ], [ -112.163304711738036, 40.761250140056077 ], [ -112.158634668017569, 40.765074145134761 ], [ -112.15716059477667, 40.766293352401121 ], [ -112.155541356046854, 40.767644345282157 ], [ -112.154797546470604, 40.76823517182838 ], [ -112.154397095789179, 40.768551948406753 ], [ -112.15385761410333, 40.768900562235714 ], [ -112.153224429659545, 40.769264433402192 ], [ -112.152576106324489, 40.76959602234011 ], [ -112.15178856295266, 40.769893955124147 ], [ -112.150827495880691, 40.770216584720366 ], [ -112.149825628987188, 40.770434395642077 ], [ -112.149077739511185, 40.770552468830878 ], [ -112.14854670227453, 40.770595861618105 ], [ -112.147840144828976, 40.770637214777913 ], [ -112.146521314873908, 40.770656093084064 ], [ -112.145329964397789, 40.770660268501921 ], [ -112.140096030042727, 40.770675892711459 ], [ -112.137038773584678, 40.770685072974764 ], [ -112.134387869443032, 40.77069017767613 ], [ -112.12878266242906, 40.770710830083402 ], [ -112.120697297726778, 40.770730194080294 ], [ -112.119235691829573, 40.770764200219219 ], [ -112.108302178876428, 40.770742726584636 ], [ -112.100137648799375, 40.770783930871062 ], [ -112.069319057871198, 40.770843058802427 ], [ -112.063064320180374, 40.770861941768125 ] ] } },
{ "type": "Feature", "properties": { "Id": 0, "SEGID": "0080_117.7", "ROUTE": "0080", "BMP": 117.734, "EMP": 118.983, "DISTANCE": 1.94311884663, "DIRECTION": "EB/WB", "CO_FIPS": 35.0, "SUBAREAID": 1.0, "PLANAREA": "WFRC", "F2019": 74425.0, "F2023": 82500.0, "F2028": 95000.0, "F2032": 101000.0, "F2042": 104000.0, "F2050": 107000.0, "CH19TO50": 32575.0, "CH19TO23": 8075.0, "CH23TO28": 12500.0, "CH28TO32": 6000.0, "CH32TO42": 3000.0, "CH42TO50": 3000.0, "AADTSTN": "035-0425", "AADT2022": 75181.0, "AADT2021": 69936.0, "AADT2020": 56191.0, "AADT2019": 74425.0, "AADT2018": 77739.0, "AADT2017": 75787.0, "AADT2016": 71249.0, "AADT2015": 65435.0, "AADT2014": 61660.0, "AADT2013": 60390.0, "AADT2012": 60600.0, "AADT2011": 57950.0, "AADT2010": 58180.0, "AADT2009": 56865.0, "AADT2008": 56610.0, "AADT2007": 58895.0, "AADT2006": 58025.0, "AADT2005": 57925.0, "AADT2004": 55085.0, "AADT2003": 51532.0, "AADT2002": 62460.0, "AADT2001": 60000.0, "AADT2000": 9000.0, "AADT1999": 0.0, "AADT1998": 0.0, "AADT1997": 41010.0, "AADT1996": 56755.0, "AADT1995": 53625.0, "AADT1994": 50995.0, "AADT1993": 45550.0, "AADT1992": 40880.0, "AADT1991": 35570.0, "AADT1990": 7115.0, "AADT1989": 29565.0, "AADT1988": 37025.0, "AADT1987": 36935.0, "AADT1986": 31990.0, "AADT1985": 31910.0, "AADT1984": 28125.0, "AADT1983": 26940.0, "AADT1982": 26685.0, "AADT1981": 23450.0, "SUTRK2022": 0.103601749, "CUTRK2022": 0.041651145, "SUTRK2021": 0.10359471516800001, "CUTRK2021": 0.0416523678792, "SUTRK2020": 0.103602, "CUTRK2020": 0.041651, "SUTRK2019": 0.103602, "CUTRK2019": 0.041651, "SUTRK2018": "0.103601749", "CUTRK2018": "0.041651145", "SUTRK2017": "0.103601749", "CUTRK2017": "0.041651145", "SUTRK2016": 0.103602, "CUTRK2016": 0.041651, "SUTRK2015": "0.103601749", "CUTRK2015": "0.041651145", "SUTRK2014": "0.103601749", "CUTRK2014": "0.041651145", "SUTRK2013": "0.103601749", "CUTRK2013": "0.041651145", "SUTRK2012": 0.103602, "CUTRK2012": "0.041651145", "SUTRK2011": "0.103601749", "CUTRK2011": "0.041651145", "SUTRK2010": "0.103601749", "CUTRK2010": "0.041651145", "CCSGROUP19": "COC", "FAC_WDAVG": 1.1107, "FAC_WEAVG": 0.7382, "FAC_WEMAX": 0.8309, "FAC_MON": 1.0572, "FAC_TUE": 1.0906, "FAC_WED": 1.1107, "FAC_THU": 1.1308, "FAC_FRI": 1.1343, "FAC_SAT": 0.8309, "FAC_SUN": 0.6456, "FAC_SPR": 0.9906, "FAC_SUM": 1.0439, "FAC_FAL": 1.0125, "FAC_WIN": 0.953, "FAC_JAN": 0.9264, "FAC_FEB": 0.9576, "FAC_MAR": 0.9796, "FAC_APR": 0.9797, "FAC_MAY": 1.0124, "FAC_JUN": 1.0415, "FAC_JUL": 1.0336, "FAC_AUG": 1.0567, "FAC_SEP": 1.0361, "FAC_OCT": 1.0154, "FAC_NOV": 0.986, "FAC_DEC": 0.975, "FAC_MAXMO": 8, "FAC_MAX": 1.0567, "FACMANADJ": 0.0, "MODEL_ROUTE": 80, "MODEL_MP": 117.7 }, "geometry": { "type": "LineString", "coordinates": [ [ -111.950390193468337, 40.765414320526894 ], [ -111.949592751037997, 40.765468630809075 ], [ -111.948209623411174, 40.765562883042541 ], [ -111.947844695149428, 40.765587771891269 ], [ -111.947386847825769, 40.765619007786917 ], [ -111.946529861312186, 40.765677389170932 ], [ -111.944737387516497, 40.765773155409029 ], [ -111.941985176295518, 40.765934747360177 ], [ -111.941012997113589, 40.765991866140475 ], [ -111.939861786812074, 40.766090973111801 ], [ -111.939125405810671, 40.766107418798867 ], [ -111.938263102707964, 40.766083625219061 ], [ -111.93717559323639, 40.766011387574501 ], [ -111.93670356924153, 40.765953332624413 ], [ -111.93602194163509, 40.765869410503903 ], [ -111.932405603701895, 40.765268100448878 ], [ -111.929498080683288, 40.764785555599659 ], [ -111.928123038974576, 40.764610510086719 ], [ -111.927124947308556, 40.764516198382118 ], [ -111.92647315242948, 40.764530982741263 ], [ -111.924535492355716, 40.764503644725266 ], [ -111.921607954907017, 40.76446121335497 ], [ -111.917954971441944, 40.764445291761412 ], [ -111.913599093968301, 40.764147451014431 ] ] } },
{ "type": "Feature", "properties": { "Id": 0, "SEGID": "0080_123.2", "ROUTE": "0080", "BMP": 123.25, "EMP": 124.144, "DISTANCE": 0.89427877322899996, "DIRECTION": "EB/WB", "CO_FIPS": 35.0, "SUBAREAID": 1.0, "PLANAREA": "WFRC", "F2019": 137011.0, "F2023": 140000.0, "F2028": 149000.0, "F2032": 152000.0, "F2042": 162000.0, "F2050": 168000.0, "CH19TO50": 30989.0, "CH19TO23": 2989.0, "CH23TO28": 9000.0, "CH28TO32": 3000.0, "CH32TO42": 10000.0, "CH42TO50": 6000.0, "AADTSTN": "035-0435", "AADT2022": 136143.0, "AADT2021": 133736.0, "AADT2020": 117829.0, "AADT2019": 137011.0, "AADT2018": 137823.0, "AADT2017": 136201.0, "AADT2016": 130281.0, "AADT2015": 129805.0, "AADT2014": 124505.0, "AADT2013": 120880.0, "AADT2012": 118830.0, "AADT2011": 115485.0, "AADT2010": 111410.0, "AADT2009": 110850.0, "AADT2008": 110080.0, "AADT2007": 114545.0, "AADT2006": 111860.0, "AADT2005": 110810.0, "AADT2004": 110630.0, "AADT2003": 110665.0, "AADT2002": 108500.0, "AADT2001": 94170.0, "AADT2000": 58380.0, "AADT1999": 45478.0, "AADT1998": 44735.0, "AADT1997": 76125.0, "AADT1996": 101265.0, "AADT1995": 101525.0, "AADT1994": 98620.0, "AADT1993": 93910.0, "AADT1992": 91405.0, "AADT1991": 85505.0, "AADT1990": 81895.0, "AADT1989": 84690.0, "AADT1988": 86040.0, "AADT1987": 86950.0, "AADT1986": 81700.0, "AADT1985": 78805.0, "AADT1984": 77760.0, "AADT1983": 75335.0, "AADT1982": 74675.0, "AADT1981": 74725.0, "SUTRK2022": 0.072693973, "CUTRK2022": 0.054050966, "SUTRK2021": 0.072695459711699995, "CUTRK2021": 0.054054256146399998, "SUTRK2020": 0.089174, "CUTRK2020": 0.059222, "SUTRK2019": 0.105128, "CUTRK2019": 0.05379, "SUTRK2018": "0.1162922", "CUTRK2018": "0.053980001", "SUTRK2017": "0.105819594", "CUTRK2017": "0.054160329", "SUTRK2016": 0.2736, "CUTRK2016": 0.06754, "SUTRK2015": "0.260247835", "CUTRK2015": "0.063323575", "SUTRK2014": "0.251280588", "CUTRK2014": "0.06287068", "SUTRK2013": "0.247863313", "CUTRK2013": "0.063570249", "SUTRK2012": 0.246096, "CUTRK2012": "0.0631619", "SUTRK2011": "0.248398357", "CUTRK2011": "0.062158784", "SUTRK2010": "0.247268329", "CUTRK2010": "0.062573401", "CCSGROUP19": "COC", "FAC_WDAVG": 1.1107, "FAC_WEAVG": 0.7382, "FAC_WEMAX": 0.8309, "FAC_MON": 1.0572, "FAC_TUE": 1.0906, "FAC_WED": 1.1107, "FAC_THU": 1.1308, "FAC_FRI": 1.1343, "FAC_SAT": 0.8309, "FAC_SUN": 0.6456, "FAC_SPR": 0.9906, "FAC_SUM": 1.0439, "FAC_FAL": 1.0125, "FAC_WIN": 0.953, "FAC_JAN": 0.9264, "FAC_FEB": 0.9576, "FAC_MAR": 0.9796, "FAC_APR": 0.9797, "FAC_MAY": 1.0124, "FAC_JUN": 1.0415, "FAC_JUL": 1.0336, "FAC_AUG": 1.0567, "FAC_SEP": 1.0361, "FAC_OCT": 1.0154, "FAC_NOV": 0.986, "FAC_DEC": 0.975, "FAC_MAXMO": 8, "FAC_MAX": 1.0567, "FACMANADJ": 0.0, "MODEL_ROUTE": 80, "MODEL_MP": 123.2 }, "geometry": { "type": "LineString", "coordinates": [ [ -111.888244973284387, 40.718167911287367 ], [ -111.888012804921871, 40.718168797076906 ], [ -111.887862311429828, 40.718168153239134 ], [ -111.884042662779279, 40.718151531680562 ], [ -111.882716152158764, 40.718144839254549 ], [ -111.882595022161681, 40.718144234211373 ], [ -111.882058165656744, 40.718141492097502 ], [ -111.878568993929946, 40.718144684419819 ], [ -111.876956259523254, 40.71815190551392 ], [ -111.876834445143757, 40.718153281500534 ], [ -111.876690020007459, 40.718154919205084 ], [ -111.876192737280604, 40.718163380096783 ], [ -111.875308731966925, 40.718178466038303 ], [ -111.874188336052157, 40.718242810969819 ], [ -111.873835105454162, 40.718275484429483 ], [ -111.873179610499079, 40.718336028333034 ], [ -111.871627908484754, 40.718556755813772 ], [ -111.871251817320811, 40.718616169180102 ] ] } },
{ "type": "Feature", "properties": { "Id": 0, "SEGID": "0080_128.7", "ROUTE": "0080", "BMP": 128.672, "EMP": 130.398, "DISTANCE": 1.7272167415899999, "DIRECTION": "EB/WB", "CO_FIPS": 35.0, "SUBAREAID": 1.0, "PLANAREA": "WFRC", "F2019": 58852.0, "F2023": 63000.0, "F2028": 68000.0, "F2032": 73000.0, "F2042": 84000.0, "F2050": 92000.0, "CH19TO50": 33148.0, "CH19TO23": 4148.0, "CH23TO28": 5000.0, "CH28TO32": 5000.0, "CH32TO42": 11000.0, "CH42TO50": 8000.0, "AADTSTN": "035-0465", "AADT2022": 61562.0, "AADT2021": 59885.0, "AADT2020": 52967.0, "AADT2019": 58852.0, "AADT2018": 58236.0, "AADT2017": 58424.0, "AADT2016": 59100.0, "AADT2015": 54370.0, "AADT2014": 51775.0, "AADT2013": 49500.0, "AADT2012": 47160.0, "AADT2011": 46730.0, "AADT2010": 46205.0, "AADT2009": 46245.0, "AADT2008": 46695.0, "AADT2007": 51005.0, "AADT2006": 44375.0, "AADT2005": 43955.0, "AADT2004": 43880.0, "AADT2003": 43890.0, "AADT2002": 45179.0, "AADT2001": 41040.0, "AADT2000": 39060.0, "AADT1999": 38295.0, "AADT1998": 39325.0, "AADT1997": 40608.0, "AADT1996": 38565.0, "AADT1995": 38420.0, "AADT1994": 35350.0, "AADT1993": 31890.0, "AADT1992": 31535.0, "AADT1991": 27945.0, "AADT1990": 25735.0, "AADT1989": 24585.0, "AADT1988": 23355.0, "AADT1987": 22510.0, "AADT1986": 20785.0, "AADT1985": 21370.0, "AADT1984": 20110.0, "AADT1983": 19280.0, "AADT1982": 19205.0, "AADT1981": 18580.0, "SUTRK2022": 0.093628991, "CUTRK2022": 0.095625175, "SUTRK2021": 0.093629456458200006, "CUTRK2021": 0.095633297152900004, "SUTRK2020": 0.137003, "CUTRK2020": 0.101005, "SUTRK2019": 0.166679, "CUTRK2019": 0.099937, "SUTRK2018": "0.126439817", "CUTRK2018": "0.08923284", "SUTRK2017": "0.040544267", "CUTRK2017": "0.080461352", "SUTRK2016": 0.07438, "CUTRK2016": 0.080592, "SUTRK2015": "0.071028001", "CUTRK2015": "0.082369326", "SUTRK2014": "0.137579478", "CUTRK2014": "0.091734403", "SUTRK2013": "0.210526949", "CUTRK2013": "0.105399204", "SUTRK2012": 0.239389, "CUTRK2012": "0.107737445", "SUTRK2011": "0.118567588", "CUTRK2011": "0.080494146", "SUTRK2010": "0.045942976", "CUTRK2010": "0.09860076", "CCSGROUP19": "COD", "FAC_WDAVG": 1.0222, "FAC_WEAVG": 0.92, "FAC_WEMAX": 1.0118, "FAC_MON": 0.9572, "FAC_TUE": 0.9886, "FAC_WED": 1.0228, "FAC_THU": 1.0551, "FAC_FRI": 1.1363, "FAC_SAT": 1.0118, "FAC_SUN": 0.8282, "FAC_SPR": 0.9252, "FAC_SUM": 1.147, "FAC_FAL": 0.9799, "FAC_WIN": 0.9479, "FAC_JAN": 0.9583, "FAC_FEB": 0.94, "FAC_MAR": 0.9515, "FAC_APR": 0.879, "FAC_MAY": 0.9451, "FAC_JUN": 1.1061, "FAC_JUL": 1.1808, "FAC_AUG": 1.1541, "FAC_SEP": 1.0581, "FAC_OCT": 0.9774, "FAC_NOV": 0.9041, "FAC_DEC": 0.9455, "FAC_MAXMO": 7, "FAC_MAX": 1.1808, "FACMANADJ": 0.0, "MODEL_ROUTE": 80, "MODEL_MP": 128.7 }, "geometry": { "type": "LineString", "coordinates": [ [ -111.788930270120645, 40.712330692541869 ], [ -111.788567412335013, 40.712481543392201 ], [ -111.788110988907107, 40.712729693932779 ], [ -111.787698564649489, 40.712994658640426 ], [ -111.787131970443113, 40.71333814706589 ], [ -111.785570226812311, 40.714330721002035 ], [ -111.785153227167143, 40.714611022277488 ], [ -111.784848257097792, 40.714934431923162 ], [ -111.784563164422664, 40.715277164112642 ], [ -111.784431230437846, 40.715535705693895 ], [ -111.784314696157011, 40.715795043317435 ], [ -111.78421919559112, 40.716030815641162 ], [ -111.784117193761887, 40.716317980823902 ], [ -111.78401033192911, 40.716675355575141 ], [ -111.783898378289535, 40.717042854375926 ], [ -111.783744874462769, 40.717380816903123 ], [ -111.78356208877689, 40.717746003685122 ], [ -111.783348858706248, 40.718039328370217 ], [ -111.783047140313073, 40.718359377881875 ], [ -111.78269418383077, 40.718651847580297 ], [ -111.782289735856253, 40.718895118189174 ], [ -111.781708150668038, 40.719178324110892 ], [ -111.781423022937616, 40.719298267087567 ], [ -111.78112472358049, 40.719405686535964 ], [ -111.780820314124114, 40.719496931157195 ], [ -111.780083754827572, 40.71969109176532 ], [ -111.779672004607235, 40.719817291361892 ], [ -111.77926628805541, 40.719953358157326 ], [ -111.7786709643824, 40.720177185086278 ], [ -111.778283317478568, 40.720340152164674 ], [ -111.777902898195975, 40.720513879485857 ], [ -111.777529685440484, 40.720696565552338 ], [ -111.777166067980758, 40.720889996057586 ], [ -111.776496473336792, 40.721346732520018 ], [ -111.775888676380731, 40.721823769295682 ], [ -111.775353336140768, 40.722219239124612 ], [ -111.775022674763676, 40.722498923519744 ], [ -111.774813765628195, 40.722658876752071 ], [ -111.774363043354541, 40.723000623379896 ], [ -111.772847501959689, 40.724133247703072 ], [ -111.772284882456944, 40.724527985042116 ], [ -111.771955596644929, 40.724723871892984 ], [ -111.771690743208922, 40.724859870563705 ], [ -111.770983179661627, 40.725111433898626 ], [ -111.770073214275115, 40.725370649634527 ], [ -111.769174261131411, 40.725661314716376 ], [ -111.768732694520665, 40.725876858606405 ], [ -111.767981520595171, 40.726353907681869 ], [ -111.767817317547483, 40.726491029325366 ], [ -111.767488377520266, 40.726822029293366 ], [ -111.767062564079481, 40.727276188454731 ], [ -111.766348249106358, 40.72787189462732 ], [ -111.765955143988307, 40.72808170090839 ], [ -111.765593510969225, 40.728248056055428 ], [ -111.765119718248812, 40.72844398107285 ], [ -111.765101553497374, 40.728450227312059 ] ] } },
{ "type": "Feature", "properties": { "Id": 0, "SEGID": "0080_136.1", "ROUTE": "0080", "BMP": 136.12, "EMP": 138.947, "DISTANCE": 2.8123117190700002, "DIRECTION": "EB/WB", "CO_FIPS": 35.0, "SUBAREAID": 1.0, "PLANAREA": "WFRC", "F2019": 57377.0, "F2023": 61500.0, "F2028": 66500.0, "F2032": 71500.0, "F2042": 82500.0, "F2050": 90000.0, "CH19TO50": 32623.0, "CH19TO23": 4123.0, "CH23TO28": 5000.0, "CH28TO32": 5000.0, "CH32TO42": 11000.0, "CH42TO50": 7500.0, "AADTSTN": "035-0485", "AADT2022": 60570.0, "AADT2021": 58920.0, "AADT2020": 51639.0, "AADT2019": 57377.0, "AADT2018": 56753.0, "AADT2017": 56924.0, "AADT2016": 57557.0, "AADT2015": 52950.0, "AADT2014": 50380.0, "AADT2013": 48165.0, "AADT2012": 45870.0, "AADT2011": 45460.0, "AADT2010": 44405.0, "AADT2009": 44450.0, "AADT2008": 43865.0, "AADT2007": 47890.0, "AADT2006": 46135.0, "AADT2005": 44690.0, "AADT2004": 42789.0, "AADT2003": 42156.0, "AADT2002": 43966.0, "AADT2001": 40485.0, "AADT2000": 39425.0, "AADT1999": 37764.0, "AADT1998": 38773.0, "AADT1997": 39165.0, "AADT1996": 37190.0, "AADT1995": 37050.0, "AADT1994": 34085.0, "AADT1993": 30745.0, "AADT1992": 29480.0, "AADT1991": 26900.0, "AADT1990": 24630.0, "AADT1989": 23810.0, "AADT1988": 21380.0, "AADT1987": 20620.0, "AADT1986": 19800.0, "AADT1985": 20165.0, "AADT1984": 18995.0, "AADT1983": 18260.0, "AADT1982": 18190.0, "AADT1981": 17600.0, "SUTRK2022": 0.112376305, "CUTRK2022": 0.109122787, "SUTRK2021": 0.112372708758, "CUTRK2021": 0.109131025119, "SUTRK2020": 0.139932, "CUTRK2020": 0.11331, "SUTRK2019": 0.140242, "CUTRK2019": 0.184279, "SUTRK2018": "0.139034418", "CUTRK2018": "0.168461739", "SUTRK2017": "0.082774293", "CUTRK2017": "0.162600058", "SUTRK2016": 0.089334, "CUTRK2016": 0.161411, "SUTRK2015": "0.088387488", "CUTRK2015": "0.162996668", "SUTRK2014": "0.133605287", "CUTRK2014": "0.169282646", "SUTRK2013": "0.182558193", "CUTRK2013": "0.178325113", "SUTRK2012": 0.201966, "CUTRK2012": "0.179922694", "SUTRK2011": "0.121206254", "CUTRK2011": "0.161857578", "SUTRK2010": "0.099760914", "CUTRK2010": "0.182431205", "CCSGROUP19": "COD", "FAC_WDAVG": 1.0222, "FAC_WEAVG": 0.92, "FAC_WEMAX": 1.0118, "FAC_MON": 0.9572, "FAC_TUE": 0.9886, "FAC_WED": 1.0228, "FAC_THU": 1.0551, "FAC_FRI": 1.1363, "FAC_SAT": 1.0118, "FAC_SUN": 0.8282, "FAC_SPR": 0.9252, "FAC_SUM": 1.147, "FAC_FAL": 0.9799, "FAC_WIN": 0.9479, "FAC_JAN": 0.9583, "FAC_FEB": 0.94, "FAC_MAR": 0.9515, "FAC_APR": 0.879, "FAC_MAY": 0.9451, "FAC_JUN": 1.1061, "FAC_JUL": 1.1808, "FAC_AUG": 1.1541, "FAC_SEP": 1.0581, "FAC_OCT": 0.9774, "FAC_NOV": 0.9041, "FAC_DEC": 0.9455, "FAC_MAXMO": 7, "FAC_MAX": 1.1808, "FACMANADJ": 0.0, "MODEL_ROUTE": 80, "MODEL_MP": 136.1 }, "geometry": { "type": "LineString", "coordinates": [ [ -111.672715378550052, 40.7392393117956 ], [ -111.671756694295553, 40.739021933977888 ], [ -111.671091543266613, 40.738950131614651 ], [ -111.669995780541768, 40.738927670414732 ], [ -111.668868627012358, 40.739081948361473 ], [ -111.668065945185589, 40.739350547931309 ], [ -111.667275433047593, 40.739652403201092 ], [ -111.665968786688097, 40.740241902627233 ], [ -111.664586111551998, 40.7408822729411 ], [ -111.663871828669969, 40.741230510368062 ], [ -111.660696322764991, 40.742654966998906 ], [ -111.65934606737207, 40.743134196178943 ], [ -111.658240519955186, 40.743447337909053 ], [ -111.657357767418873, 40.743653259773581 ], [ -111.655892733913447, 40.74390752818897 ], [ -111.653049426668659, 40.744207420904303 ], [ -111.651398800187451, 40.74450231991041 ], [ -111.64983606733216, 40.74494534150611 ], [ -111.648716179664717, 40.745375043376079 ], [ -111.646775477788267, 40.746054369636582 ], [ -111.645578780525568, 40.746384476597576 ], [ -111.643643641068323, 40.746787156694644 ], [ -111.642016024622521, 40.747022336816016 ], [ -111.638212831820084, 40.747669524619489 ], [ -111.636691699427985, 40.74802025103466 ], [ -111.635045242093526, 40.748646407714048 ], [ -111.632935741893718, 40.749787667424762 ], [ -111.631003201140629, 40.75087215933307 ], [ -111.629237163549973, 40.751631223275929 ], [ -111.627701850710466, 40.752252165579463 ], [ -111.626303620539986, 40.752727125728562 ], [ -111.625180270892955, 40.75299446451934 ], [ -111.623492687908865, 40.753491136862891 ] ] } },
{ "type": "Feature", "properties": { "Id": 0, "SEGID": "0085_015.5", "ROUTE": "0085", "BMP": 15.454, "EMP": 17.662, "DISTANCE": 2.1993006047299999, "DIRECTION": "NB/SB", "CO_FIPS": 35.0, "SUBAREAID": 1.0, "PLANAREA": "WFRC", "F2019": 23249.0, "F2023": 30500.0, "F2028": 36000.0, "F2032": 69500.0, "F2042": 101000.0, "F2050": 120000.0, "CH19TO50": 96751.0, "CH19TO23": 7251.0, "CH23TO28": 5500.0, "CH28TO32": 33500.0, "CH32TO42": 31500.0, "CH42TO50": 19000.0, "AADTSTN": "035-3438", "AADT2022": 32281.0, "AADT2021": 28267.0, "AADT2020": 20227.0, "AADT2019": 23249.0, "AADT2018": 23554.0, "AADT2017": 18614.0, "AADT2016": 16308.0, "AADT2015": 16065.0, "AADT2014": 15280.0, "AADT2013": 14635.0, "AADT2012": 10000.0, "AADT2011": 0.0, "AADT2010": 0.0, "AADT2009": 0.0, "AADT2008": 0.0, "AADT2007": 0.0, "AADT2006": 0.0, "AADT2005": 0.0, "AADT2004": 0.0, "AADT2003": 0.0, "AADT2002": 0.0, "AADT2001": 0.0, "AADT2000": 0.0, "AADT1999": 0.0, "AADT1998": 0.0, "AADT1997": 0.0, "AADT1996": 0.0, "AADT1995": 0.0, "AADT1994": 0.0, "AADT1993": 0.0, "AADT1992": 0.0, "AADT1991": 0.0, "AADT1990": 0.0, "AADT1989": 0.0, "AADT1988": 0.0, "AADT1987": 0.0, "AADT1986": 0.0, "AADT1985": 0.0, "AADT1984": 0.0, "AADT1983": 0.0, "AADT1982": 0.0, "AADT1981": 0.0, "SUTRK2022": 0.120560258, "CUTRK2022": 0.035861367, "SUTRK2021": 0.120564615983, "CUTRK2021": 0.035872218488, "SUTRK2020": 0.124522, "CUTRK2020": 0.036307, "SUTRK2019": 0.0, "CUTRK2019": 0.0, "SUTRK2018": "0.117404433", "CUTRK2018": "0.031826149", "SUTRK2017": "0.123521712", "CUTRK2017": "0.034212574", "SUTRK2016": 0.257821, "CUTRK2016": 0.04642, "SUTRK2015": "0.253754753", "CUTRK2015": "0.0412188", "SUTRK2014": "0.252728076", "CUTRK2014": "0.039322854", "SUTRK2013": "0.0902", "CUTRK2013": "0.0922", "SUTRK2012": 0.0902, "CUTRK2012": "0.0922", "SUTRK2011": "0", "CUTRK2011": "0", "SUTRK2010": "0", "CUTRK2010": "0", "CCSGROUP19": "XX3", "FAC_WDAVG": 1.1568, "FAC_WEAVG": 0.6311, "FAC_WEMAX": 0.7332, "FAC_MON": 1.1071, "FAC_TUE": 1.1465, "FAC_WED": 1.1587, "FAC_THU": 1.1651, "FAC_FRI": 1.1603, "FAC_SAT": 0.7332, "FAC_SUN": 0.5291, "FAC_SPR": 1.0112, "FAC_SUM": 1.0254, "FAC_FAL": 1.0105, "FAC_WIN": 0.9529, "FAC_JAN": 0.9362, "FAC_FEB": 0.964, "FAC_MAR": 0.9953, "FAC_APR": 1.0139, "FAC_MAY": 1.0245, "FAC_JUN": 1.0357, "FAC_JUL": 1.0085, "FAC_AUG": 1.032, "FAC_SEP": 1.0208, "FAC_OCT": 1.0204, "FAC_NOV": 0.9902, "FAC_DEC": 0.9587, "FAC_MAXMO": 8, "FAC_MAX": 1.0414, "FACMANADJ": 0.0, "MODEL_ROUTE": 85, "MODEL_MP": 15.5 }, "geometry": { "type": "LineString", "coordinates": [ [ -112.044577253440949, 40.638604886597406 ], [ -112.044577268363554, 40.63846930721914 ], [ -112.044577303518281, 40.638319854429341 ], [ -112.044565281238135, 40.638276902153422 ], [ -112.0445822973264, 40.637767853038966 ], [ -112.044647288976648, 40.63697586041593 ], [ -112.044724302258203, 40.636355822960113 ], [ -112.044783207660942, 40.636045844808699 ], [ -112.044935274942802, 40.635400894787225 ], [ -112.045456221543375, 40.63334987662212 ], [ -112.045557291839046, 40.632915828101225 ], [ -112.0457641956163, 40.631928864172224 ], [ -112.045823238159826, 40.631597894011222 ], [ -112.045914250551704, 40.630928811754139 ], [ -112.045984265136212, 40.630247848066531 ], [ -112.046011271646663, 40.629553851102116 ], [ -112.046001213719379, 40.629204858941044 ], [ -112.045978299097655, 40.628857875040858 ], [ -112.045929192197733, 40.628400863103998 ], [ -112.045863256202779, 40.627948868202147 ], [ -112.045728202000205, 40.627287869055586 ], [ -112.045552229168536, 40.626648860877559 ], [ -112.045385278576376, 40.626140845882382 ], [ -112.045196219158598, 40.625647894940734 ], [ -112.044991299916887, 40.625168870355388 ], [ -112.044396027596349, 40.62391890687789 ], [ -112.044039243725663, 40.62316982458939 ], [ -112.042432185644898, 40.619735847642126 ], [ -112.042206261213209, 40.619294843359597 ], [ -112.042014209279273, 40.618948844089388 ], [ -112.041705190282457, 40.618462824843611 ], [ -112.041493250818235, 40.618152858374444 ], [ -112.041275186991356, 40.617851865259794 ], [ -112.040995262943085, 40.617487828589411 ], [ -112.039097184284941, 40.615233851871317 ], [ -112.037595230542053, 40.613467884593021 ], [ -112.037245238590913, 40.613072847784878 ], [ -112.037010169764244, 40.612831816309388 ], [ -112.036714156296568, 40.612555837550445 ], [ -112.036332162916921, 40.612238829689943 ], [ -112.036065200934729, 40.612044837278269 ], [ -112.035794155235351, 40.611861871402205 ], [ -112.035040198204712, 40.611393877457857 ], [ -112.034783218562893, 40.611225827499901 ], [ -112.034545252619935, 40.61104886823113 ], [ -112.03432221244914, 40.610850874732009 ], [ -112.034165231050252, 40.610689855163891 ], [ -112.034069158493196, 40.610576846455864 ], [ -112.033936164588454, 40.610399846630543 ], [ -112.033857197410185, 40.610276865156436 ], [ -112.033721187717447, 40.610026832043388 ], [ -112.033437135353012, 40.609436065941281 ], [ -112.033434710492358, 40.609432123844002 ] ] } },
{ "type": "Feature", "properties": { "Id": 0, "SEGID": "0089_297.1", "ROUTE": "0089", "BMP": 297.111, "EMP": 312.784, "DISTANCE": 15.725146022000001, "DIRECTION": "NB/SB", "CO_FIPS": 49.0, "SUBAREAID": 1.0, "PLANAREA": "MAG", "F2019": 3000.0, "F2023": 3200.0, "F2028": 3500.0, "F2032": 3700.0, "F2042": 4300.0, "F2050": 4700.0, "CH19TO50": 1700.0, "CH19TO23": 200.0, "CH23TO28": 300.0, "CH28TO32": 200.0, "CH32TO42": 600.0, "CH42TO50": 400.0, "AADTSTN": "039-0410", "AADT2022": 3457.0, "AADT2021": 3366.0, "AADT2020": 3210.0, "AADT2019": 3000.0, "AADT2018": 2971.0, "AADT2017": 2897.0, "AADT2016": 2806.0, "AADT2015": 2625.0, "AADT2014": 2425.0, "AADT2013": 2420.0, "AADT2012": 2340.0, "AADT2011": 2345.0, "AADT2010": 2360.0, "AADT2009": 2435.0, "AADT2008": 2305.0, "AADT2007": 2060.0, "AADT2006": 2835.0, "AADT2005": 2615.0, "AADT2004": 2535.0, "AADT2003": 2425.0, "AADT2002": 2410.0, "AADT2001": 2470.0, "AADT2000": 2525.0, "AADT1999": 2675.0, "AADT1998": 2430.0, "AADT1997": 2155.0, "AADT1996": 2060.0, "AADT1995": 1980.0, "AADT1994": 1800.0, "AADT1993": 1595.0, "AADT1992": 1515.0, "AADT1991": 1500.0, "AADT1990": 1480.0, "AADT1989": 1470.0, "AADT1988": 1500.0, "AADT1987": 1455.0, "AADT1986": 1410.0, "AADT1985": 1300.0, "AADT1984": 960.0, "AADT1983": 420.0, "AADT1982": 1685.0, "AADT1981": 1785.0, "SUTRK2022": 0.028679486, "CUTRK2022": 0.038268127, "SUTRK2021": 0.028817587641100002, "CUTRK2021": 0.038324420677400002, "SUTRK2020": 0.029341, "CUTRK2020": 0.038489, "SUTRK2019": 0.025405, "CUTRK2019": 0.033659, "SUTRK2018": "0.025221579", "CUTRK2018": "0.032204147", "SUTRK2017": "0.024775239", "CUTRK2017": "0.031021955", "SUTRK2016": 0.081232, "CUTRK2016": 0.037149, "SUTRK2015": "0.087158568", "CUTRK2015": "0.04025059", "SUTRK2014": "0.063266712", "CUTRK2014": "0.033989566", "SUTRK2013": "0.058367175", "CUTRK2013": "0.034083625", "SUTRK2012": 0.038696, "CUTRK2012": "0.032689422", "SUTRK2011": "0.032102334", "CUTRK2011": "0.031331074", "SUTRK2010": "0.2394", "CUTRK2010": "0.1183", "CCSGROUP19": "COQ", "FAC_WDAVG": 0.9593, "FAC_WEAVG": 1.0144, "FAC_WEMAX": 1.1071, "FAC_MON": 0.9151, "FAC_TUE": 0.9236, "FAC_WED": 0.9529, "FAC_THU": 1.0013, "FAC_FRI": 1.1782, "FAC_SAT": 1.1071, "FAC_SUN": 0.9218, "FAC_SPR": 0.9859, "FAC_SUM": 1.1737, "FAC_FAL": 1.003, "FAC_WIN": 0.8373, "FAC_JAN": 0.791, "FAC_FEB": 0.836, "FAC_MAR": 0.9315, "FAC_APR": 0.9758, "FAC_MAY": 1.0505, "FAC_JUN": 1.1719, "FAC_JUL": 1.2056, "FAC_AUG": 1.1437, "FAC_SEP": 1.0572, "FAC_OCT": 1.0385, "FAC_NOV": 0.9133, "FAC_DEC": 0.8849, "FAC_MAXMO": 7, "FAC_MAX": 1.2056, "FACMANADJ": 0.0, "MODEL_ROUTE": 89, "MODEL_MP": 297.1 }, "geometry": { "type": "LineString", "coordinates": [ [ -111.506024874427354, 39.813109719585412 ], [ -111.506046209740745, 39.813183238404676 ], [ -111.506959794898762, 39.816198507368675 ], [ -111.508253657658656, 39.820544682660085 ], [ -111.508587913631843, 39.821506387788411 ], [ -111.509194931720742, 39.823010198338807 ], [ -111.5099730086921, 39.824888069598508 ], [ -111.510557085426328, 39.826283852888288 ], [ -111.510675977618007, 39.826559035607687 ], [ -111.510797788287974, 39.82691259232255 ], [ -111.510935070824161, 39.827461597687872 ], [ -111.51106025603292, 39.828112469075052 ], [ -111.511262321909143, 39.829360364117584 ], [ -111.511885627846979, 39.833261554654065 ], [ -111.51206140448042, 39.83444315953929 ], [ -111.512625343430983, 39.838065205069199 ], [ -111.512769917177536, 39.838646610852841 ], [ -111.513135502865509, 39.839871252474822 ], [ -111.51325115784293, 39.840177981087521 ], [ -111.513381933815864, 39.840474731681809 ], [ -111.513814221456983, 39.841393637425995 ], [ -111.517354620802791, 39.847635326829803 ], [ -111.517843486258059, 39.848525762737324 ], [ -111.518282375234875, 39.849312895256752 ], [ -111.518728366025059, 39.850094858558087 ], [ -111.519088830004023, 39.850648169596752 ], [ -111.519979809415375, 39.85179430053455 ], [ -111.522906620943971, 39.855373052839553 ], [ -111.523624777750911, 39.856251887529069 ], [ -111.524652610995261, 39.857526115516066 ], [ -111.52553312412752, 39.858624947227398 ], [ -111.526053403623152, 39.859241572194236 ], [ -111.529204616401202, 39.863107820344354 ], [ -111.530958799045052, 39.865286515523835 ], [ -111.532955810577846, 39.867704632815865 ], [ -111.533968700229764, 39.868952354563689 ], [ -111.534816448422305, 39.870009818254175 ], [ -111.535026230970587, 39.870282302040771 ], [ -111.536510425773415, 39.87206977282473 ], [ -111.537370829891387, 39.873045799014726 ], [ -111.537758031748467, 39.873499275763173 ], [ -111.543025463871601, 39.87959183573718 ], [ -111.543672160580741, 39.880375461291365 ], [ -111.543897665763666, 39.880720024069156 ], [ -111.545054872869713, 39.882671813370088 ], [ -111.546080758747664, 39.884440586947548 ], [ -111.546347844503899, 39.884951812227776 ], [ -111.546615597506488, 39.885546555452457 ], [ -111.546830221386742, 39.886122087113051 ], [ -111.547712841872993, 39.888423554626151 ], [ -111.548652431343456, 39.890821150734411 ], [ -111.548943169030593, 39.891637872917116 ], [ -111.549118667715987, 39.892083932564766 ], [ -111.549630715602106, 39.893324871393176 ], [ -111.549832986711749, 39.893943792716264 ], [ -111.549943772276492, 39.894267713373146 ], [ -111.550083145066935, 39.894948469884326 ], [ -111.5501233902785, 39.895329757416931 ], [ -111.550115266707266, 39.895601173594748 ], [ -111.550129444174203, 39.895765086191183 ], [ -111.550110289754059, 39.896514889239654 ], [ -111.5500394446629, 39.896944365844092 ], [ -111.549893259386451, 39.897636387097585 ], [ -111.549258229903572, 39.900585535865609 ], [ -111.54916026222952, 39.901194166290303 ], [ -111.549138434412811, 39.901551871511558 ], [ -111.549134822192414, 39.901876063830777 ], [ -111.549161354122248, 39.902415359228506 ], [ -111.549219853094158, 39.902841159010443 ], [ -111.549313083689015, 39.903543577428877 ], [ -111.549617581355065, 39.905635217174265 ], [ -111.549910436901399, 39.907585275490646 ], [ -111.550149297742124, 39.909408729713292 ], [ -111.550258590688955, 39.910156840428606 ], [ -111.550410609149623, 39.911316588757202 ], [ -111.55054847321388, 39.912212955661801 ], [ -111.550703215544985, 39.913375573401105 ], [ -111.550733606212162, 39.913985396169515 ], [ -111.550688656095915, 39.914567195633033 ], [ -111.550556371375748, 39.915128416737645 ], [ -111.550386448218944, 39.915563047687762 ], [ -111.550224948764992, 39.915880870731698 ], [ -111.550032967260208, 39.9161913599469 ], [ -111.549616221249934, 39.916722574472566 ], [ -111.549250335727763, 39.917117948354509 ], [ -111.547975810052648, 39.918401754749119 ], [ -111.5475465369707, 39.91881823544395 ], [ -111.547041655314302, 39.919335981510812 ], [ -111.546409539118542, 39.919996770603632 ], [ -111.54610600783181, 39.920365351635233 ], [ -111.545830507426629, 39.920771911555569 ], [ -111.545527107901606, 39.921349608878991 ], [ -111.545124718279482, 39.92225338645185 ], [ -111.544619863879404, 39.923370816624576 ], [ -111.54434070872712, 39.924101654123859 ], [ -111.544278202456326, 39.924262052371986 ], [ -111.544151051765297, 39.924904149622414 ], [ -111.543801010459561, 39.9268086692324 ], [ -111.543562539996671, 39.92827703883345 ], [ -111.543432619971412, 39.929073846676786 ], [ -111.54339872728832, 39.929479267733313 ], [ -111.543423852028681, 39.930318235502355 ], [ -111.543804390081235, 39.933003812761939 ], [ -111.54388857739896, 39.933481839617968 ], [ -111.543928850363088, 39.93386781178372 ], [ -111.543924652764886, 39.934623845778013 ], [ -111.543899931507113, 39.935019763257671 ], [ -111.543837934870425, 39.935408557588097 ], [ -111.54376334784773, 39.935759389459996 ], [ -111.543666707488129, 39.936074465583545 ], [ -111.543560839549087, 39.936392017521285 ], [ -111.5433481959126, 39.93691270060549 ], [ -111.543198696567046, 39.937204238051542 ], [ -111.542884060046617, 39.937749183917816 ], [ -111.541921174155789, 39.939341398310404 ], [ -111.541583057713893, 39.94005808720771 ], [ -111.541416347733104, 39.940514221831847 ], [ -111.541177147330615, 39.941218554532355 ], [ -111.540387516263095, 39.943642363015385 ], [ -111.539620443442502, 39.945964519710977 ], [ -111.539452173547005, 39.946344705696248 ], [ -111.539253684963342, 39.946708003436065 ], [ -111.53896604819856, 39.947152713411093 ], [ -111.538732967656259, 39.947449408365493 ], [ -111.538489290453541, 39.947723627546033 ], [ -111.538016362900919, 39.948171808381673 ], [ -111.537698791948969, 39.948428259046928 ], [ -111.537179426304931, 39.948777543958336 ], [ -111.536905564126187, 39.948935583065747 ], [ -111.536685068764427, 39.949062020391061 ], [ -111.535412892809276, 39.949731474200775 ], [ -111.532034878003032, 39.951997763025268 ], [ -111.531323088797095, 39.952480168294265 ], [ -111.53080559080054, 39.952852030560173 ], [ -111.530291701461564, 39.953297754338024 ], [ -111.529947667059574, 39.953666476657105 ], [ -111.529754373510684, 39.953908101808523 ], [ -111.529524740695123, 39.954250081545212 ], [ -111.529359618897885, 39.954532121428798 ], [ -111.529207070340206, 39.954835546988313 ], [ -111.529085507097406, 39.955134055743201 ], [ -111.528967298977435, 39.955473093125221 ], [ -111.528868402098908, 39.955902680806389 ], [ -111.528584289604098, 39.957229407143018 ], [ -111.528476248653234, 39.957673271529877 ], [ -111.528296962616182, 39.958124578193541 ], [ -111.528098803520876, 39.958542724395109 ], [ -111.52790916430385, 39.95885109220076 ], [ -111.527700607638479, 39.959135669850056 ], [ -111.527279984534729, 39.959614381676985 ], [ -111.526735252807555, 39.960093655892749 ], [ -111.526128238703905, 39.960513565396568 ], [ -111.525640820129155, 39.960773185996239 ], [ -111.525156168993107, 39.960997113249327 ], [ -111.524748394268642, 39.961153928012685 ], [ -111.52399130171672, 39.961395751330471 ], [ -111.52341654853879, 39.961581877016499 ], [ -111.523181735101346, 39.961666367543145 ], [ -111.522675427369009, 39.961892724690749 ], [ -111.522067729782023, 39.962243510901573 ], [ -111.521710489256023, 39.962519286856832 ], [ -111.521295348740324, 39.962926414440616 ], [ -111.521068108837511, 39.963192053394827 ], [ -111.520826135364814, 39.963553081602853 ], [ -111.519999745034667, 39.964884562995785 ], [ -111.519772736999741, 39.965166866398739 ], [ -111.519423226140987, 39.965477017920293 ], [ -111.519111692334775, 39.965715370570308 ], [ -111.518766085616363, 39.965907654676435 ], [ -111.518401580927431, 39.966047585332468 ], [ -111.51806768896094, 39.966148005301903 ], [ -111.517523360091275, 39.966261256823792 ], [ -111.516879235846275, 39.966308278399239 ], [ -111.516462297736737, 39.966296621917856 ], [ -111.514224495855544, 39.966119166164667 ], [ -111.513072255435262, 39.966081114509947 ], [ -111.512607816229732, 39.966121370525158 ], [ -111.512137785331674, 39.966228321769648 ], [ -111.511662861867507, 39.966401694795131 ], [ -111.511298730479439, 39.966594038416225 ], [ -111.510904135636579, 39.966862737898133 ], [ -111.510670721337505, 39.967061080532702 ], [ -111.510399805005548, 39.967365542829796 ], [ -111.509841648558861, 39.968252759275792 ], [ -111.508871568452221, 39.969887611209508 ], [ -111.50791077428849, 39.97151754868549 ], [ -111.507733086611552, 39.971780601594553 ], [ -111.507561062883553, 39.971986327259934 ], [ -111.507189137247352, 39.972381321798373 ], [ -111.50684287806618, 39.972684573516631 ], [ -111.505245254665823, 39.973896334324323 ], [ -111.504793732783654, 39.974219860095339 ], [ -111.504423783956, 39.974553030022342 ], [ -111.504202883502828, 39.97477112649355 ], [ -111.504017186326337, 39.975015017624955 ], [ -111.503870424721015, 39.975282615112569 ], [ -111.503766868406288, 39.975533356582858 ], [ -111.503681525349307, 39.975856367263539 ], [ -111.50277392123121, 39.981256525812718 ], [ -111.50229844072247, 39.984026204851524 ], [ -111.502216742069123, 39.984305410805547 ], [ -111.502122239902619, 39.984515657420438 ], [ -111.502008992340393, 39.984709226988635 ], [ -111.501836989231947, 39.984924494040918 ], [ -111.501655628350875, 39.985125565916547 ], [ -111.50146777966718, 39.985288464209034 ], [ -111.500746996489056, 39.985882800228985 ], [ -111.500192648572124, 39.986350006820558 ], [ -111.49989096298242, 39.98662781759527 ], [ -111.499577432692291, 39.986984333824651 ], [ -111.499411797752373, 39.987223445662771 ], [ -111.499255687783986, 39.987483959440318 ], [ -111.499107228350439, 39.987958962241535 ], [ -111.499029716313601, 39.988381312730958 ], [ -111.498858332295953, 39.99037491693695 ], [ -111.498747354196013, 39.990883093799283 ], [ -111.498613162933296, 39.991179280945822 ], [ -111.498435549199215, 39.991480429830574 ], [ -111.498186682548493, 39.991777109548735 ], [ -111.497676206080783, 39.992229519556595 ], [ -111.496316073361115, 39.993241650166318 ], [ -111.495871598183953, 39.993493843303781 ], [ -111.495448290582829, 39.993676839517036 ], [ -111.494900930204068, 39.993843695922038 ], [ -111.494543687935646, 39.993913424533389 ], [ -111.494168353565982, 39.993959713752901 ], [ -111.49261404623492, 39.99410985552997 ], [ -111.491455807935736, 39.994377676831483 ], [ -111.490034716391094, 39.994861480582017 ], [ -111.487420305906667, 39.995712212859537 ], [ -111.486918883967249, 39.995870189029198 ], [ -111.486217265045795, 39.996045220581671 ], [ -111.485503743434023, 39.996194169495716 ], [ -111.484691476531154, 39.996294874397094 ], [ -111.484070949179426, 39.996342516446347 ], [ -111.483451350922351, 39.996355914276435 ], [ -111.482429642459252, 39.996325934523206 ], [ -111.48186706931142, 39.996285929022378 ], [ -111.480858380867531, 39.996124519216572 ], [ -111.480191000401049, 39.995988986578851 ], [ -111.479358792607229, 39.995768359144961 ], [ -111.477495581426766, 39.995155909406215 ], [ -111.477203792521507, 39.99509034892948 ], [ -111.476868778227569, 39.995058391730275 ], [ -111.476509511349789, 39.995093205399414 ], [ -111.476156916722857, 39.9951948428645 ], [ -111.475604269624114, 39.995401813401564 ], [ -111.475336855576643, 39.995472645860637 ], [ -111.475135475091392, 39.995487797080514 ], [ -111.474853237995987, 39.995465077923932 ], [ -111.474555357840941, 39.995416293864785 ], [ -111.474068373774841, 39.995260616195772 ], [ -111.473552548679677, 39.99506721337395 ], [ -111.47309918630782, 39.994945090694927 ], [ -111.472710908549104, 39.994900995517433 ], [ -111.472354765679924, 39.994862354122461 ], [ -111.471430997970643, 39.994847014528133 ], [ -111.469750091451658, 39.994789780047959 ], [ -111.469492953785846, 39.994805147431556 ], [ -111.469242545987342, 39.994896709475029 ], [ -111.469048156860666, 39.995026245623542 ], [ -111.468950146934333, 39.995203053098038 ], [ -111.468883430017144, 39.995519294892794 ] ] } },
{ "type": "Feature", "properties": { "Id": 0, "SEGID": "0089_326.5", "ROUTE": "0089", "BMP": 326.512, "EMP": 326.812, "DISTANCE": 0.28531082719700002, "DIRECTION": "NB/SB", "CO_FIPS": 49.0, "SUBAREAID": 1.0, "PLANAREA": "MAG", "F2019": 13767.0, "F2023": 0.0, "F2028": 0.0, "F2032": 0.0, "F2042": 0.0, "F2050": 0.0, "CH19TO50": -13767.0, "CH19TO23": -13767.0, "CH23TO28": 0.0, "CH28TO32": 0.0, "CH32TO42": 0.0, "CH42TO50": 0.0, "AADTSTN": "049-0435", "AADT2022": 13576.0, "AADT2021": 13271.0, "AADT2020": 11977.0, "AADT2019": 13767.0, "AADT2018": 13631.0, "AADT2017": 13456.0, "AADT2016": 13102.0, "AADT2015": 12550.0, "AADT2014": 11965.0, "AADT2013": 11460.0, "AADT2012": 8455.0, "AADT2011": 8480.0, "AADT2010": 8730.0, "AADT2009": 8725.0, "AADT2008": 8660.0, "AADT2007": 9005.0, "AADT2006": 8880.0, "AADT2005": 8750.0, "AADT2004": 8760.0, "AADT2003": 7535.0, "AADT2002": 9910.0, "AADT2001": 9285.0, "AADT2000": 9220.0, "AADT1999": 9290.0, "AADT1998": 8585.0, "AADT1997": 8480.0, "AADT1996": 8290.0, "AADT1995": 8200.0, "AADT1994": 8045.0, "AADT1993": 7740.0, "AADT1992": 7560.0, "AADT1991": 6875.0, "AADT1990": 6795.0, "AADT1989": 6735.0, "AADT1988": 6605.0, "AADT1987": 6575.0, "AADT1986": 6500.0, "AADT1985": 6425.0, "AADT1984": 6175.0, "AADT1983": 5225.0, "AADT1982": 5545.0, "AADT1981": 5545.0, "SUTRK2022": 0.076237565, "CUTRK2022": 0.021190281, "SUTRK2021": 0.076256499133400005, "CUTRK2021": 0.021173988395699998, "SUTRK2020": 0.088908, "CUTRK2020": 0.019204, "SUTRK2019": 0.087814, "CUTRK2019": 0.123042, "SUTRK2018": "0.101319302", "CUTRK2018": "0.12264466", "SUTRK2017": "0.10310677", "CUTRK2017": "0.121831585", "SUTRK2016": 0.212697, "CUTRK2016": 0.129531, "SUTRK2015": "0.241843264", "CUTRK2015": "0.13515735", "SUTRK2014": "0.2430699", "CUTRK2014": "0.134602456", "SUTRK2013": "0.245580356", "CUTRK2013": "0.136906388", "SUTRK2012": 0.23678, "CUTRK2012": "0.134769262", "SUTRK2011": "0.221108455", "CUTRK2011": "0.131108999", "SUTRK2010": "0.267063471", "CUTRK2010": "0.135850046", "CCSGROUP19": "COT", "FAC_WDAVG": 1.0924, "FAC_WEAVG": 0.7653, "FAC_WEMAX": 0.9245, "FAC_MON": 1.0506, "FAC_TUE": 1.0813, "FAC_WED": 1.0887, "FAC_THU": 1.1071, "FAC_FRI": 1.1418, "FAC_SAT": 0.9245, "FAC_SUN": 0.6061, "FAC_SPR": 1.0104, "FAC_SUM": 1.0283, "FAC_FAL": 1.0243, "FAC_WIN": 0.937, "FAC_JAN": 0.9024, "FAC_FEB": 0.9471, "FAC_MAR": 0.9888, "FAC_APR": 1.0146, "FAC_MAY": 1.0278, "FAC_JUN": 1.0352, "FAC_JUL": 1.01, "FAC_AUG": 1.0396, "FAC_SEP": 1.0434, "FAC_OCT": 1.0358, "FAC_NOV": 0.9936, "FAC_DEC": 0.9616, "FAC_MAXMO": 9, "FAC_MAX": 1.0434, "FACMANADJ": 0.0, "MODEL_ROUTE": 89, "MODEL_MP": 326.5 }, "geometry": { "type": "LineString", "coordinates": [ [ -111.600048246092172, 40.141203340596171 ], [ -111.602078422404119, 40.143649691555183 ], [ -111.60228270590531, 40.143917112028873 ], [ -111.602526613889808, 40.144284331243767 ], [ -111.602675567360848, 40.144534019845402 ], [ -111.602790239086616, 40.144756858221903 ] ] } },
{ "type": "Feature", "properties": { "Id": 0, "SEGID": "0089_329.8", "ROUTE": "0089", "BMP": 329.778, "EMP": 331.095, "DISTANCE": 1.29496479919, "DIRECTION": "NB/SB", "CO_FIPS": 49.0, "SUBAREAID": 1.0, "PLANAREA": "MAG", "F2019": 23721.0, "F2023": 25500.0, "F2028": 27500.0, "F2032": 27500.0, "F2042": 27500.0, "F2050": 29000.0, "CH19TO50": 5279.0, "CH19TO23": 1779.0, "CH23TO28": 2000.0, "CH28TO32": 0.0, "CH32TO42": 0.0, "CH42TO50": 1500.0, "AADTSTN": "049-0470", "AADT2022": 23392.0, "AADT2021": 22866.0, "AADT2020": 20637.0, "AADT2019": 23721.0, "AADT2018": 23486.0, "AADT2017": 23185.0, "AADT2016": 22575.0, "AADT2015": 21625.0, "AADT2014": 20615.0, "AADT2013": 19745.0, "AADT2012": 19245.0, "AADT2011": 19305.0, "AADT2010": 19880.0, "AADT2009": 19860.0, "AADT2008": 18705.0, "AADT2007": 19445.0, "AADT2006": 19175.0, "AADT2005": 18890.0, "AADT2004": 16975.0, "AADT2003": 17200.0, "AADT2002": 21320.0, "AADT2001": 19975.0, "AADT2000": 19840.0, "AADT1999": 19995.0, "AADT1998": 18480.0, "AADT1997": 18259.0, "AADT1996": 17390.0, "AADT1995": 17745.0, "AADT1994": 17415.0, "AADT1993": 16595.0, "AADT1992": 14925.0, "AADT1991": 13420.0, "AADT1990": 13260.0, "AADT1989": 10575.0, "AADT1988": 10375.0, "AADT1987": 10330.0, "AADT1986": 10360.0, "AADT1985": 10230.0, "AADT1984": 9995.0, "AADT1983": 9800.0, "AADT1982": 9800.0, "AADT1981": 9800.0, "SUTRK2022": 0.066673305, "CUTRK2022": 0.020962785, "SUTRK2021": 0.066692906498699994, "CUTRK2021": 0.020948132598600001, "SUTRK2020": 0.06856, "CUTRK2020": 0.017125, "SUTRK2019": 0.06125, "CUTRK2019": 0.066195, "SUTRK2018": "0.067389075", "CUTRK2018": "0.066013858", "SUTRK2017": "0.06820156", "CUTRK2017": "0.065644279", "SUTRK2016": 0.118015, "CUTRK2016": 0.069144, "SUTRK2015": "0.205992516", "CUTRK2015": "0.08832899", "SUTRK2014": "0.206728498", "CUTRK2014": "0.087996054", "SUTRK2013": "0.208234771", "CUTRK2013": "0.089378413", "SUTRK2012": 0.202955, "CUTRK2012": "0.088096138", "SUTRK2011": "0.19355163", "CUTRK2011": "0.08589998", "SUTRK2010": "0.22112464", "CUTRK2010": "0.088744608", "CCSGROUP19": "COT", "FAC_WDAVG": 1.0924, "FAC_WEAVG": 0.7653, "FAC_WEMAX": 0.9245, "FAC_MON": 1.0506, "FAC_TUE": 1.0813, "FAC_WED": 1.0887, "FAC_THU": 1.1071, "FAC_FRI": 1.1418, "FAC_SAT": 0.9245, "FAC_SUN": 0.6061, "FAC_SPR": 1.0104, "FAC_SUM": 1.0283, "FAC_FAL": 1.0243, "FAC_WIN": 0.937, "FAC_JAN": 0.9024, "FAC_FEB": 0.9471, "FAC_MAR": 0.9888, "FAC_APR": 1.0146, "FAC_MAY": 1.0278, "FAC_JUN": 1.0352, "FAC_JUL": 1.01, "FAC_AUG": 1.0396, "FAC_SEP": 1.0434, "FAC_OCT": 1.0358, "FAC_NOV": 0.9936, "FAC_DEC": 0.9616, "FAC_MAXMO": 9, "FAC_MAX": 1.0434, "FACMANADJ": 0.0, "MODEL_ROUTE": 89, "MODEL_MP": 329.8 }, "geometry": { "type": "LineString", "coordinates": [ [ -111.610669102720564, 40.185671629783236 ], [ -111.610665606723146, 40.186198698981507 ], [ -111.610665293469992, 40.186425737870302 ], [ -111.610686452102286, 40.186820238609513 ], [ -111.610744970859059, 40.187319952410768 ], [ -111.610844199798336, 40.187774404340857 ], [ -111.611017440338244, 40.188360003051663 ], [ -111.611288852484861, 40.189150497791282 ], [ -111.611867401948274, 40.19084832844154 ], [ -111.612257437817874, 40.191711620335496 ], [ -111.612543735973887, 40.192181838689542 ], [ -111.612638850447553, 40.192307467180662 ], [ -111.612888596560595, 40.192644899201724 ], [ -111.613305187093985, 40.193114786277931 ], [ -111.618383701457446, 40.198523146830638 ], [ -111.619258982357138, 40.199475897341181 ], [ -111.620198133654029, 40.200498211822683 ], [ -111.620614436910842, 40.200925729196314 ], [ -111.620981834704665, 40.201272422819756 ], [ -111.621410364162315, 40.201622390951727 ], [ -111.621801850237404, 40.201904085052419 ], [ -111.62180649711398, 40.201907287261228 ] ] } },
{ "type": "Feature", "properties": { "Id": 0, "SEGID": "0089_344.0", "ROUTE": "0089", "BMP": 343.974, "EMP": 344.323, "DISTANCE": 0.343085239333, "DIRECTION": "NB/SB", "CO_FIPS": 49.0, "SUBAREAID": 1.0, "PLANAREA": "MAG", "F2019": 34560.0, "F2023": 35500.0, "F2028": 37000.0, "F2032": 39000.0, "F2042": 39000.0, "F2050": 39000.0, "CH19TO50": 4440.0, "CH19TO23": 940.0, "CH23TO28": 1500.0, "CH28TO32": 2000.0, "CH32TO42": 0.0, "CH42TO50": 0.0, "AADTSTN": "049-0535", "AADT2022": 34080.0, "AADT2021": 33314.0, "AADT2020": 30067.0, "AADT2019": 34560.0, "AADT2018": 34218.0, "AADT2017": 33779.0, "AADT2016": 32891.0, "AADT2015": 31505.0, "AADT2014": 30035.0, "AADT2013": 28765.0, "AADT2012": 29580.0, "AADT2011": 29670.0, "AADT2010": 30555.0, "AADT2009": 30005.0, "AADT2008": 29795.0, "AADT2007": 30975.0, "AADT2006": 35075.0, "AADT2005": 34555.0, "AADT2004": 34605.0, "AADT2003": 35070.0, "AADT2002": 35707.0, "AADT2001": 33465.0, "AADT2000": 33245.0, "AADT1999": 33505.0, "AADT1998": 30970.0, "AADT1997": 22525.0, "AADT1996": 22000.0, "AADT1995": 21770.0, "AADT1994": 18630.0, "AADT1993": 17750.0, "AADT1992": 17340.0, "AADT1991": 16810.0, "AADT1990": 14810.0, "AADT1989": 14525.0, "AADT1988": 14110.0, "AADT1987": 14050.0, "AADT1986": 13825.0, "AADT1985": 13600.0, "AADT1984": 13050.0, "AADT1983": 12750.0, "AADT1982": 12300.0, "AADT1981": 12355.0, "SUTRK2022": 0.076453536, "CUTRK2022": 0.013811647, "SUTRK2021": 0.076454343519199996, "CUTRK2021": 0.013808008645, "SUTRK2020": 0.074501, "CUTRK2020": 0.01293, "SUTRK2019": 0.107925, "CUTRK2019": 0.030759, "SUTRK2018": "0.107924602", "CUTRK2018": "0.030758781", "SUTRK2017": "0.107924602", "CUTRK2017": "0.030758781", "SUTRK2016": 0.107925, "CUTRK2016": 0.030759, "SUTRK2015": "0.107924602", "CUTRK2015": "0.030758781", "SUTRK2014": "0.107924602", "CUTRK2014": "0.030758781", "SUTRK2013": "0.107924602", "CUTRK2013": "0.030758781", "SUTRK2012": 0.107925, "CUTRK2012": "0.030758781", "SUTRK2011": "0.107924602", "CUTRK2011": "0.030758781", "SUTRK2010": "0.107924602", "CUTRK2010": "0.030758781", "CCSGROUP19": "COU", "FAC_WDAVG": 1.0946, "FAC_WEAVG": 0.7583, "FAC_WEMAX": 0.8873, "FAC_MON": 1.0545, "FAC_TUE": 1.0851, "FAC_WED": 1.0925, "FAC_THU": 1.1063, "FAC_FRI": 1.145, "FAC_SAT": 0.8873, "FAC_SUN": 0.6293, "FAC_SPR": 1.0117, "FAC_SUM": 1.0135, "FAC_FAL": 1.0095, "FAC_WIN": 0.9653, "FAC_JAN": 0.9346, "FAC_FEB": 0.9705, "FAC_MAR": 0.9965, "FAC_APR": 1.0142, "FAC_MAY": 1.0245, "FAC_JUN": 1.0222, "FAC_JUL": 0.996, "FAC_AUG": 1.0223, "FAC_SEP": 1.0238, "FAC_OCT": 1.0103, "FAC_NOV": 0.9944, "FAC_DEC": 0.9907, "FAC_MAXMO": 5, "FAC_MAX": 1.0245, "FACMANADJ": 0.0, "MODEL_ROUTE": 89, "MODEL_MP": 344.0 }, "geometry": { "type": "LineString", "coordinates": [ [ -111.731632971523155, 40.351877473015143 ], [ -111.7320076553234, 40.352191773611757 ], [ -111.732979344787324, 40.352971216844423 ], [ -111.734530879150427, 40.35433436640939 ], [ -111.734904780799766, 40.354639202778458 ], [ -111.735285338720018, 40.354949401077 ], [ -111.736018208300706, 40.355548712030547 ] ] } },
{ "type": "Feature", "properties": { "Id": 0, "SEGID": "0089_349.3", "ROUTE": "0089", "BMP": 349.27, "EMP": 349.761, "DISTANCE": 0.48415727137999998, "DIRECTION": "EB/WB", "CO_FIPS": 49.0, "SUBAREAID": 1.0, "PLANAREA": "MAG", "F2019": 29684.0, "F2023": 27000.0, "F2028": 28500.0, "F2032": 28500.0, "F2042": 29500.0, "F2050": 31000.0, "CH19TO50": 1316.0, "CH19TO23": -2684.0, "CH23TO28": 1500.0, "CH28TO32": 0.0, "CH32TO42": 1000.0, "CH42TO50": 1500.0, "AADTSTN": "049-0565", "AADT2022": 29272.0, "AADT2021": 28614.0, "AADT2020": 25825.0, "AADT2019": 29684.0, "AADT2018": 29390.0, "AADT2017": 29013.0, "AADT2016": 28250.0, "AADT2015": 27060.0, "AADT2014": 25795.0, "AADT2013": 24710.0, "AADT2012": 25980.0, "AADT2011": 26055.0, "AADT2010": 26835.0, "AADT2009": 27205.0, "AADT2008": 27015.0, "AADT2007": 28085.0, "AADT2006": 27695.0, "AADT2005": 17845.0, "AADT2004": 17860.0, "AADT2003": 18100.0, "AADT2002": 18425.0, "AADT2001": 17260.0, "AADT2000": 17145.0, "AADT1999": 15985.0, "AADT1998": 14775.0, "AADT1997": 14600.0, "AADT1996": 14260.0, "AADT1995": 14110.0, "AADT1994": 13845.0, "AADT1993": 12950.0, "AADT1992": 12835.0, "AADT1991": 12295.0, "AADT1990": 12325.0, "AADT1989": 12360.0, "AADT1988": 12130.0, "AADT1987": 7890.0, "AADT1986": 7770.0, "AADT1985": 7650.0, "AADT1984": 7345.0, "AADT1983": 7200.0, "AADT1982": 7115.0, "AADT1981": 7115.0, "SUTRK2022": 0.141902169, "CUTRK2022": 0.050472524, "SUTRK2021": 0.14188858600699999, "CUTRK2021": 0.050464807436900003, "SUTRK2020": 0.141121, "CUTRK2020": 0.05012, "SUTRK2019": 0.148229, "CUTRK2019": 0.056094, "SUTRK2018": "0.148229085", "CUTRK2018": "0.056093555", "SUTRK2017": "0.148229085", "CUTRK2017": "0.056093555", "SUTRK2016": 0.148229, "CUTRK2016": 0.056094, "SUTRK2015": "0.148229085", "CUTRK2015": "0.056093555", "SUTRK2014": "0.148229085", "CUTRK2014": "0.056093555", "SUTRK2013": "0.148229085", "CUTRK2013": "0.056093555", "SUTRK2012": 0.148229, "CUTRK2012": "0.056093555", "SUTRK2011": "0.148229085", "CUTRK2011": "0.056093555", "SUTRK2010": "0.148229085", "CUTRK2010": "0.056093555", "CCSGROUP19": "COU", "FAC_WDAVG": 1.0946, "FAC_WEAVG": 0.7583, "FAC_WEMAX": 0.8873, "FAC_MON": 1.0545, "FAC_TUE": 1.0851, "FAC_WED": 1.0925, "FAC_THU": 1.1063, "FAC_FRI": 1.145, "FAC_SAT": 0.8873, "FAC_SUN": 0.6293, "FAC_SPR": 1.0117, "FAC_SUM": 1.0135, "FAC_FAL": 1.0095, "FAC_WIN": 0.9653, "FAC_JAN": 0.9346, "FAC_FEB": 0.9705, "FAC_MAR": 0.9965, "FAC_APR": 1.0142, "FAC_MAY": 1.0245, "FAC_JUN": 1.0222, "FAC_JUL": 0.996, "FAC_AUG": 1.0223, "FAC_SEP": 1.0238, "FAC_OCT": 1.0103, "FAC_NOV": 0.9944, "FAC_DEC": 0.9907, "FAC_MAXMO": 5, "FAC_MAX": 1.0245, "FACMANADJ": 0.0, "MODEL_ROUTE": 89, "MODEL_MP": 349.3 }, "geometry": { "type": "LineString", "coordinates": [ [ -111.814557953874456, 40.383047205215625 ], [ -111.814760575337317, 40.383339472594365 ], [ -111.814932662422351, 40.383541864297108 ], [ -111.815219197739992, 40.383856061920852 ], [ -111.815555934291766, 40.384132066647837 ], [ -111.816057332625519, 40.384482584201216 ], [ -111.816375393599543, 40.384674934133471 ], [ -111.816597078100344, 40.384788684325684 ], [ -111.816873323012871, 40.384932679354073 ], [ -111.818174219307892, 40.385438797623841 ], [ -111.821997731907246, 40.386927897135294 ] ] } },
{ "type": "Feature", "properties": { "Id": 0, "SEGID": "0089_377.3", "ROUTE": "0089", "BMP": 377.326, "EMP": 377.883, "DISTANCE": 0.56304993486199995, "DIRECTION": "NB/SB", "CO_FIPS": 35.0, "SUBAREAID": 1.0, "PLANAREA": "WFRC", "F2019": 25110.0, "F2023": 25500.0, "F2028": 25500.0, "F2032": 26500.0, "F2042": 26500.0, "F2050": 27000.0, "CH19TO50": 1890.0, "CH19TO23": 390.0, "CH23TO28": 0.0, "CH28TO32": 1000.0, "CH32TO42": 0.0, "CH42TO50": 500.0, "AADTSTN": "035-0600", "AADT2022": 24435.0, "AADT2021": 23139.0, "AADT2020": 20640.0, "AADT2019": 25110.0, "AADT2018": 24187.0, "AADT2017": 23882.0, "AADT2016": 23720.0, "AADT2015": 22280.0, "AADT2014": 21675.0, "AADT2013": 21830.0, "AADT2012": 21945.0, "AADT2011": 21800.0, "AADT2010": 22055.0, "AADT2009": 22720.0, "AADT2008": 23735.0, "AADT2007": 24355.0, "AADT2006": 24600.0, "AADT2005": 23985.0, "AADT2004": 25840.0, "AADT2003": 26040.0, "AADT2002": 26890.0, "AADT2001": 30160.0, "AADT2000": 37000.0, "AADT1999": 40722.0, "AADT1998": 42481.0, "AADT1997": 36940.0, "AADT1996": 34460.0, "AADT1995": 33830.0, "AADT1994": 32220.0, "AADT1993": 30860.0, "AADT1992": 30455.0, "AADT1991": 29880.0, "AADT1990": 30125.0, "AADT1989": 28935.0, "AADT1988": 29760.0, "AADT1987": 29480.0, "AADT1986": 29230.0, "AADT1985": 29790.0, "AADT1984": 29550.0, "AADT1983": 29750.0, "AADT1982": 28725.0, "AADT1981": 28890.0, "SUTRK2022": 0.081382267, "CUTRK2022": 0.016463509, "SUTRK2021": 0.081377760490899995, "CUTRK2021": 0.016465707247499999, "SUTRK2020": 0.08373, "CUTRK2020": 0.017067, "SUTRK2019": 0.082551, "CUTRK2019": 0.017346, "SUTRK2018": "0.081746939", "CUTRK2018": "0.01704027", "SUTRK2017": "0.078693905", "CUTRK2017": "0.018777159", "SUTRK2016": 0.249299, "CUTRK2016": 0.030393, "SUTRK2015": "0.250935081", "CUTRK2015": "0.030605547", "SUTRK2014": "0.261514265", "CUTRK2014": "0.031268969", "SUTRK2013": "0.164092146", "CUTRK2013": "0.025483247", "SUTRK2012": 0.164092, "CUTRK2012": "0.025483247", "SUTRK2011": "0.164092146", "CUTRK2011": "0.025483247", "SUTRK2010": "0.164186519", "CUTRK2010": "0.023770623", "CCSGROUP19": "COU", "FAC_WDAVG": 1.0946, "FAC_WEAVG": 0.7583, "FAC_WEMAX": 0.8873, "FAC_MON": 1.0545, "FAC_TUE": 1.0851, "FAC_WED": 1.0925, "FAC_THU": 1.1063, "FAC_FRI": 1.145, "FAC_SAT": 0.8873, "FAC_SUN": 0.6293, "FAC_SPR": 1.0117, "FAC_SUM": 1.0135, "FAC_FAL": 1.0095, "FAC_WIN": 0.9653, "FAC_JAN": 0.9346, "FAC_FEB": 0.9705, "FAC_MAR": 0.9965, "FAC_APR": 1.0142, "FAC_MAY": 1.0245, "FAC_JUN": 1.0222, "FAC_JUL": 0.996, "FAC_AUG": 1.0223, "FAC_SEP": 1.0238, "FAC_OCT": 1.0103, "FAC_NOV": 0.9944, "FAC_DEC": 0.9907, "FAC_MAXMO": 5, "FAC_MAX": 1.0245, "FACMANADJ": 0.0, "MODEL_ROUTE": 89, "MODEL_MP": 377.3 }, "geometry": { "type": "LineString", "coordinates": [ [ -111.888215727829106, 40.741619977302122 ], [ -111.888216047200856, 40.742890171377944 ], [ -111.88821634400432, 40.743268525454901 ], [ -111.88821593597271, 40.743682918868359 ], [ -111.888216395621029, 40.744340534616555 ], [ -111.888217246289514, 40.744849507328993 ], [ -111.888217404149927, 40.745395420103378 ], [ -111.888217732270036, 40.746043127344564 ], [ -111.888218281150685, 40.746440397086083 ], [ -111.888217813528769, 40.746850286495736 ], [ -111.888219076984456, 40.748013271299037 ], [ -111.888220118195363, 40.749782527951872 ] ] } },
{ "type": "Feature", "properties": { "Id": 0, "SEGID": "0089_412.4", "ROUTE": "0089", "BMP": 412.376, "EMP": 412.911, "DISTANCE": 0.531022600131, "DIRECTION": "NB/SB", "CO_FIPS": 57.0, "SUBAREAID": 1.0, "PLANAREA": "WFRC", "F2019": 29285.0, "F2023": 30500.0, "F2028": 32000.0, "F2032": 33000.0, "F2042": 36500.0, "F2050": 38000.0, "CH19TO50": 8715.0, "CH19TO23": 1215.0, "CH23TO28": 1500.0, "CH28TO32": 1000.0, "CH32TO42": 3500.0, "CH42TO50": 1500.0, "AADTSTN": "057-0290", "AADT2022": 29984.0, "AADT2021": 29026.0, "AADT2020": 27118.0, "AADT2019": 29285.0, "AADT2018": 27830.0, "AADT2017": 28449.0, "AADT2016": 27503.0, "AADT2015": 26425.0, "AADT2014": 24880.0, "AADT2013": 23580.0, "AADT2012": 23105.0, "AADT2011": 24190.0, "AADT2010": 26015.0, "AADT2009": 26720.0, "AADT2008": 25695.0, "AADT2007": 27770.0, "AADT2006": 27885.0, "AADT2005": 26880.0, "AADT2004": 27220.0, "AADT2003": 29525.0, "AADT2002": 32785.0, "AADT2001": 29070.0, "AADT2000": 29575.0, "AADT1999": 27780.0, "AADT1998": 27780.0, "AADT1997": 26660.0, "AADT1996": 25415.0, "AADT1995": 26295.0, "AADT1994": 26940.0, "AADT1993": 26765.0, "AADT1992": 26675.0, "AADT1991": 26095.0, "AADT1990": 25755.0, "AADT1989": 25145.0, "AADT1988": 24940.0, "AADT1987": 25285.0, "AADT1986": 25915.0, "AADT1985": 27350.0, "AADT1984": 26425.0, "AADT1983": 27915.0, "AADT1982": 26790.0, "AADT1981": 28415.0, "SUTRK2022": 0.077273691, "CUTRK2022": 0.014833538, "SUTRK2021": 0.077275546062199996, "CUTRK2021": 0.014848756287500001, "SUTRK2020": 0.142116, "CUTRK2020": 0.019792, "SUTRK2019": 0.142116, "CUTRK2019": 0.019792, "SUTRK2018": "0.125117631", "CUTRK2018": "0.027066085", "SUTRK2017": "0.13108936", "CUTRK2017": "0.029461827", "SUTRK2016": 0.2961, "CUTRK2016": 0.045335, "SUTRK2015": "0.305867931", "CUTRK2015": "0.04595186", "SUTRK2014": "0.336378083", "CUTRK2014": "0.048677416", "SUTRK2013": "0.338069927", "CUTRK2013": "0.057692199", "SUTRK2012": 0.343745, "CUTRK2012": "0.050229218", "SUTRK2011": "0.050098672", "CUTRK2011": "0.044169498", "SUTRK2010": "0.079849148", "CUTRK2010": "0.09007481", "CCSGROUP19": "COU", "FAC_WDAVG": 1.0946, "FAC_WEAVG": 0.7583, "FAC_WEMAX": 0.8873, "FAC_MON": 1.0545, "FAC_TUE": 1.0851, "FAC_WED": 1.0925, "FAC_THU": 1.1063, "FAC_FRI": 1.145, "FAC_SAT": 0.8873, "FAC_SUN": 0.6293, "FAC_SPR": 1.0117, "FAC_SUM": 1.0135, "FAC_FAL": 1.0095, "FAC_WIN": 0.9653, "FAC_JAN": 0.9346, "FAC_FEB": 0.9705, "FAC_MAR": 0.9965, "FAC_APR": 1.0142, "FAC_MAY": 1.0245, "FAC_JUN": 1.0222, "FAC_JUL": 0.996, "FAC_AUG": 1.0223, "FAC_SEP": 1.0238, "FAC_OCT": 1.0103, "FAC_NOV": 0.9944, "FAC_DEC": 0.9907, "FAC_MAXMO": 5, "FAC_MAX": 1.0245, "FACMANADJ": 0.0, "MODEL_ROUTE": 89, "MODEL_MP": 412.4 }, "geometry": { "type": "LineString", "coordinates": [ [ -111.970938359984814, 41.200470532839425 ], [ -111.970930341343859, 41.200799473591218 ], [ -111.970906362608233, 41.201872229052199 ], [ -111.970865802738032, 41.203380558808746 ], [ -111.970845575834218, 41.204594253441421 ], [ -111.970799146115027, 41.206076779735554 ], [ -111.970751661021453, 41.207455725472705 ], [ -111.970740697717105, 41.208166528924458 ] ] } },
{ "type": "Feature", "properties": { "Id": 0, "SEGID": "0092_002.4", "ROUTE": "0092", "BMP": 2.431, "EMP": 3.439, "DISTANCE": 1.0096499193899999, "DIRECTION": "EB/WB", "CO_FIPS": 49.0, "SUBAREAID": 1.0, "PLANAREA": "MAG", "F2019": 25013.0, "F2023": 25000.0, "F2028": 30000.0, "F2032": 30000.0, "F2042": 32500.0, "F2050": 48500.0, "CH19TO50": 23487.0, "CH19TO23": -13.0, "CH23TO28": 5000.0, "CH28TO32": 0.0, "CH32TO42": 2500.0, "CH42TO50": 16000.0, "AADTSTN": "049-0579", "AADT2022": 18802.0, "AADT2021": 18379.0, "AADT2020": 21761.0, "AADT2019": 25013.0, "AADT2018": 24765.0, "AADT2017": 24447.0, "AADT2016": 23804.0, "AADT2015": 22800.0, "AADT2014": 21735.0, "AADT2013": 20820.0, "AADT2012": 20290.0, "AADT2011": 20355.0, "AADT2010": 20415.0, "AADT2009": 20495.0, "AADT2008": 20620.0, "AADT2007": 18160.0, "AADT2006": 17910.0, "AADT2005": 17150.0, "AADT2004": 17205.0, "AADT2003": 12555.0, "AADT2002": 12555.0, "AADT2001": 11760.0, "AADT2000": 11680.0, "AADT1999": 11770.0, "AADT1998": 10878.0, "AADT1997": 9570.0, "AADT1996": 9345.0, "AADT1995": 9250.0, "AADT1994": 8260.0, "AADT1993": 6760.0, "AADT1992": 4075.0, "AADT1991": 3900.0, "AADT1990": 4025.0, "AADT1989": 3515.0, "AADT1988": 3270.0, "AADT1987": 3600.0, "AADT1986": 3530.0, "AADT1985": 3460.0, "AADT1984": 3400.0, "AADT1983": 3325.0, "AADT1982": 3275.0, "AADT1981": 3250.0, "SUTRK2022": 0.059832584, "CUTRK2022": 0.013601154, "SUTRK2021": 0.059850916807199998, "CUTRK2021": 0.0136024810926, "SUTRK2020": 0.078595, "CUTRK2020": 0.120194, "SUTRK2019": 0.066661, "CUTRK2019": 0.120595, "SUTRK2018": "0.066356527", "CUTRK2018": "0.119547278", "SUTRK2017": "0.066564712", "CUTRK2017": "0.119693912", "SUTRK2016": 0.069795, "CUTRK2016": 0.1201, "SUTRK2015": "0.069974294", "CUTRK2015": "0.120287065", "SUTRK2014": "0.069692825", "CUTRK2014": "0.120534915", "SUTRK2013": "0.053498607", "CUTRK2013": "0.065563076", "SUTRK2012": 0.053497, "CUTRK2012": "0.066035173", "SUTRK2011": "0.053537591", "CUTRK2011": "0.065724935", "SUTRK2010": "0.053493924", "CUTRK2010": "0.065722317", "CCSGROUP19": "COT", "FAC_WDAVG": 1.0924, "FAC_WEAVG": 0.7653, "FAC_WEMAX": 0.9245, "FAC_MON": 1.0506, "FAC_TUE": 1.0813, "FAC_WED": 1.0887, "FAC_THU": 1.1071, "FAC_FRI": 1.1418, "FAC_SAT": 0.9245, "FAC_SUN": 0.6061, "FAC_SPR": 1.0104, "FAC_SUM": 1.0283, "FAC_FAL": 1.0243, "FAC_WIN": 0.937, "FAC_JAN": 0.9024, "FAC_FEB": 0.9471, "FAC_MAR": 0.9888, "FAC_APR": 1.0146, "FAC_MAY": 1.0278, "FAC_JUN": 1.0352, "FAC_JUL": 1.01, "FAC_AUG": 1.0396, "FAC_SEP": 1.0434, "FAC_OCT": 1.0358, "FAC_NOV": 0.9936, "FAC_DEC": 0.9616, "FAC_MAXMO": 9, "FAC_MAX": 1.0434, "FACMANADJ": 0.0, "MODEL_ROUTE": 92, "MODEL_MP": 2.4 }, "geometry": { "type": "LineString", "coordinates": [ [ -111.830588643440478, 40.432075139733108 ], [ -111.831798625330734, 40.432114815788893 ], [ -111.833849540145593, 40.432086072867371 ], [ -111.834268704568117, 40.432080164994183 ], [ -111.836148468368165, 40.432025769887225 ], [ -111.837072845647739, 40.432003312791359 ], [ -111.838063883614311, 40.432022887284809 ], [ -111.839426128115946, 40.432142910447993 ], [ -111.840317058512937, 40.432217967205546 ], [ -111.841373800569144, 40.432296855115638 ], [ -111.842759474357536, 40.432356758742536 ], [ -111.843351927991918, 40.43236820273161 ], [ -111.843870565557182, 40.43238802048733 ], [ -111.844437009016204, 40.432412441561262 ], [ -111.845050557937654, 40.432460839651434 ], [ -111.84695634544849, 40.432657518741991 ], [ -111.847687490220167, 40.43271918505301 ], [ -111.848584583480829, 40.432786114841491 ], [ -111.849686837547324, 40.432826394492679 ] ] } },
{ "type": "Feature", "properties": { "Id": 0, "SEGID": "0092_007.6", "ROUTE": "0092", "BMP": 7.583, "EMP": 8.512, "DISTANCE": 2.6301162979599999, "DIRECTION": "EB/WB", "CO_FIPS": 49.0, "SUBAREAID": 1.0, "PLANAREA": "MAG", "F2019": 2055.0, "F2023": 2100.0, "F2028": 2100.0, "F2032": 2200.0, "F2042": 2200.0, "F2050": 2300.0, "CH19TO50": 245.0, "CH19TO23": 45.0, "CH23TO28": 0.0, "CH28TO32": 100.0, "CH32TO42": 0.0, "CH42TO50": 100.0, "AADTSTN": "049-0595", "AADT2022": 2929.0, "AADT2021": 2961.0, "AADT2020": 2815.0, "AADT2019": 2055.0, "AADT2018": 2147.0, "AADT2017": 2408.0, "AADT2016": 2169.0, "AADT2015": 2055.0, "AADT2014": 1820.0, "AADT2013": 1590.0, "AADT2012": 1585.0, "AADT2011": 1740.0, "AADT2010": 1625.0, "AADT2009": 1670.0, "AADT2008": 1485.0, "AADT2007": 1495.0, "AADT2006": 1470.0, "AADT2005": 1435.0, "AADT2004": 1455.0, "AADT2003": 1425.0, "AADT2002": 1390.0, "AADT2001": 1495.0, "AADT2000": 1400.0, "AADT1999": 2107.0, "AADT1998": 2030.0, "AADT1997": 1960.0, "AADT1996": 1960.0, "AADT1995": 2000.0, "AADT1994": 1785.0, "AADT1993": 1345.0, "AADT1992": 1315.0, "AADT1991": 1265.0, "AADT1990": 1255.0, "AADT1989": 1210.0, "AADT1988": 1190.0, "AADT1987": 1140.0, "AADT1986": 1125.0, "AADT1985": 1110.0, "AADT1984": 1110.0, "AADT1983": 1085.0, "AADT1982": 1085.0, "AADT1981": 1120.0, "SUTRK2022": 0.072961106, "CUTRK2022": 0.013109713, "SUTRK2021": 0.072948328267500001, "CUTRK2021": 0.0131712259372, "SUTRK2020": 0.096785, "CUTRK2020": 0.017638, "SUTRK2019": 0.013252, "CUTRK2019": 0.020447, "SUTRK2018": "0.011117718", "CUTRK2018": "0.013111665", "SUTRK2017": "0.012575016", "CUTRK2017": "0.014138101", "SUTRK2016": 0.035185, "CUTRK2016": 0.016983, "SUTRK2015": "0.036442086", "CUTRK2015": "0.018290177", "SUTRK2014": "0.034471805", "CUTRK2014": "0.020025124", "SUTRK2013": "0.035314282", "CUTRK2013": "0.019614485", "SUTRK2012": 0.035304, "CUTRK2012": "0.022919162", "SUTRK2011": "0.035587169", "CUTRK2011": "0.020747501", "SUTRK2010": "0.035281498", "CUTRK2010": "0.02072917", "CCSGROUP19": "CO0", "FAC_WDAVG": 0.7152, "FAC_WEAVG": 1.5742, "FAC_WEMAX": 1.62, "FAC_MON": 0.7048, "FAC_TUE": 0.6745, "FAC_WED": 0.7294, "FAC_THU": 0.7418, "FAC_FRI": 1.0011, "FAC_SAT": 1.62, "FAC_SUN": 1.5284, "FAC_SPR": 0.6502, "FAC_SUM": 1.9088, "FAC_FAL": 1.1079, "FAC_WIN": 0.3331, "FAC_JAN": 0.3206, "FAC_FEB": 0.3395, "FAC_MAR": 0.4228, "FAC_APR": 0.5531, "FAC_MAY": 0.9748, "FAC_JUN": 1.8914, "FAC_JUL": 2.0658, "FAC_AUG": 1.7691, "FAC_SEP": 1.5525, "FAC_OCT": 1.3425, "FAC_NOV": 0.4286, "FAC_DEC": 0.3393, "FAC_MAXMO": 7, "FAC_MAX": 2.0658, "FACMANADJ": 0.0, "MODEL_ROUTE": 92, "MODEL_MP": 7.6 }, "geometry": { "type": "LineString", "coordinates": [ [ -111.706093693087851, 40.443890489022024 ], [ -111.70665079684666, 40.44386303055758 ], [ -111.706915513436044, 40.443828709262604 ], [ -111.707240978266555, 40.443717709413946 ], [ -111.707505032728974, 40.443564111582731 ], [ -111.707735594849865, 40.443432700191387 ], [ -111.708021960123631, 40.443326622217448 ], [ -111.708391118787631, 40.443267153279272 ], [ -111.710089373014739, 40.443080156777619 ], [ -111.710312435862321, 40.443043470974835 ], [ -111.710509085594282, 40.442995595750773 ], [ -111.710883022855285, 40.442841675110579 ], [ -111.711137414082458, 40.442700921210452 ], [ -111.711454782098883, 40.442505364759434 ], [ -111.711824385522334, 40.44228759389614 ], [ -111.712262446919212, 40.442054174825429 ], [ -111.713013789371786, 40.441708191510649 ], [ -111.713285934120464, 40.441596872913799 ], [ -111.713524907214492, 40.441504316994056 ], [ -111.71381458577936, 40.441434420442761 ], [ -111.714136141796686, 40.441401893790456 ], [ -111.714423182203561, 40.441405885868306 ], [ -111.714824278867738, 40.441357550366625 ], [ -111.715195365099561, 40.441259038811481 ], [ -111.715514953500943, 40.441174538534241 ], [ -111.715747990937444, 40.441123095836041 ], [ -111.715982755770639, 40.44109002034223 ], [ -111.716321147528618, 40.441044230187856 ], [ -111.716773464757722, 40.440978453400234 ], [ -111.716989933882516, 40.440910354185178 ], [ -111.717394886834583, 40.440737211118979 ], [ -111.717763287771689, 40.44057537468229 ], [ -111.718310999458254, 40.440399720265965 ], [ -111.718915360541004, 40.440207134381879 ], [ -111.719200972975457, 40.44007761001604 ], [ -111.719395747599833, 40.439965857504973 ], [ -111.719707700140631, 40.439730312129704 ], [ -111.720152640319313, 40.439327991568774 ], [ -111.720371504395445, 40.439142663922183 ], [ -111.72063877423362, 40.438930277348831 ], [ -111.720920030088962, 40.438735911037313 ], [ -111.721200344630518, 40.438574973332756 ], [ -111.721452287281394, 40.438451329138069 ], [ -111.72195678791077, 40.438250792011814 ], [ -111.722206507576786, 40.438151033929998 ], [ -111.72242007220764, 40.438055285049131 ], [ -111.722631125844003, 40.437945317237855 ], [ -111.72293586936263, 40.437743141531385 ], [ -111.723186708782393, 40.437627158115355 ], [ -111.723329801983397, 40.437590046605791 ], [ -111.723507986808784, 40.437570823397579 ], [ -111.723821158301462, 40.437561205212077 ], [ -111.724051950308422, 40.437554985081626 ], [ -111.724332244474539, 40.437514129998249 ], [ -111.724736767498214, 40.437414387345335 ], [ -111.7254103387085, 40.437215027306031 ], [ -111.725702965375632, 40.437104181607751 ], [ -111.726007153590842, 40.436961190488041 ], [ -111.726821841994592, 40.436608052991026 ], [ -111.727450773452745, 40.436370493275447 ], [ -111.728028940968414, 40.436181898508849 ], [ -111.728846923898999, 40.436015572850124 ], [ -111.72968584609967, 40.435823433564238 ], [ -111.730050495881912, 40.435755996096781 ], [ -111.730422118380758, 40.435711936845024 ], [ -111.730870701730936, 40.435665227678825 ], [ -111.731166667487869, 40.435624617322908 ], [ -111.731450552536572, 40.435557235806669 ], [ -111.731796307189896, 40.435432885373565 ], [ -111.732145699872987, 40.435285357714577 ], [ -111.732536924592509, 40.435114140501334 ], [ -111.732800457624307, 40.435029497255094 ], [ -111.733387672029764, 40.434894692246466 ], [ -111.733944671273932, 40.434789625648115 ], [ -111.734238002605693, 40.434734970113055 ], [ -111.734409762593657, 40.434700545707159 ], [ -111.7345930480802, 40.434631002763929 ], [ -111.734804014836342, 40.434526688986232 ], [ -111.735015070727528, 40.43442065984263 ], [ -111.735026688675021, 40.434414822909034 ], [ -111.735132807597068, 40.43436153550509 ], [ -111.735136883933606, 40.434360069942791 ], [ -111.735305561656119, 40.434299445792462 ], [ -111.735528383798936, 40.434244604830795 ], [ -111.735725238908529, 40.434219568346514 ], [ -111.736058248454199, 40.434181952960003 ], [ -111.736367111602505, 40.434157283221346 ], [ -111.736668669972076, 40.434111488039044 ], [ -111.736979721701289, 40.434038964884181 ], [ -111.737438641712529, 40.433893065275313 ], [ -111.737877110896761, 40.43372080790239 ], [ -111.738336022821315, 40.433574544427216 ], [ -111.738608864262076, 40.433533702376472 ], [ -111.738900656451776, 40.433522378190709 ], [ -111.739190400052664, 40.433550075373205 ], [ -111.739540473709511, 40.433606935434639 ], [ -111.739913643930279, 40.433651934893192 ], [ -111.74016960400786, 40.433662908914307 ], [ -111.740485571557514, 40.433662867372604 ], [ -111.740980600080022, 40.433628163843089 ], [ -111.741519248379319, 40.433593268493404 ], [ -111.74193102546235, 40.433600175955512 ], [ -111.742368196582461, 40.433632684635072 ], [ -111.742833843977934, 40.433660143814166 ], [ -111.743226837156442, 40.433652843040221 ], [ -111.744027364372528, 40.43356697275064 ], [ -111.744268013077644, 40.433549915530548 ], [ -111.744519440906757, 40.433532092892406 ], [ -111.744927362329236, 40.433520816321298 ], [ -111.74519345611057, 40.433531263464424 ], [ -111.745380519835805, 40.433538563746815 ], [ -111.74543713894829, 40.433540773431162 ], [ -111.745930339746053, 40.433575700109856 ], [ -111.746254493768035, 40.433612346715016 ], [ -111.746566181217915, 40.433598442314931 ], [ -111.746875464906552, 40.433537795870478 ], [ -111.747126008689321, 40.433442843583123 ], [ -111.747385833643477, 40.433313055989828 ], [ -111.747590909257752, 40.433168666942841 ], [ -111.747949685442862, 40.432872021974255 ], [ -111.748215486401236, 40.432643545239841 ], [ -111.74855867893001, 40.432430512718838 ], [ -111.748869255859304, 40.432306429175853 ], [ -111.749158858169835, 40.432236534763291 ], [ -111.749417315294224, 40.432217922600415 ], [ -111.749640553117132, 40.432212781490669 ], [ -111.749879609256439, 40.432230690485198 ], [ -111.750115427681934, 40.432275466634891 ], [ -111.750434273750386, 40.432343937223699 ], [ -111.750728046296501, 40.432384011261142 ], [ -111.750947185380468, 40.432381236210254 ], [ -111.75115756721847, 40.432364914065296 ], [ -111.751863388213977, 40.432235549673827 ] ] } },
{ "type": "Feature", "properties": { "Id": 0, "SEGID": "0092_018.8", "ROUTE": "0092", "BMP": 18.829, "EMP": 22.669, "DISTANCE": 3.8420481839399998, "DIRECTION": "NB/SB", "CO_FIPS": 49.0, "SUBAREAID": 1.0, "PLANAREA": "MAG", "F2019": 676.0, "F2023": 700.0, "F2028": 700.0, "F2032": 800.0, "F2042": 800.0, "F2050": 900.0, "CH19TO50": 224.0, "CH19TO23": 24.0, "CH23TO28": 0.0, "CH28TO32": 100.0, "CH32TO42": 0.0, "CH42TO50": 100.0, "AADTSTN": "049-0596", "AADT2022": 996.0, "AADT2021": 1007.0, "AADT2020": 1308.0, "AADT2019": 676.0, "AADT2018": 727.0, "AADT2017": 733.0, "AADT2016": 631.0, "AADT2015": 655.0, "AADT2014": 565.0, "AADT2013": 515.0, "AADT2012": 440.0, "AADT2011": 410.0, "AADT2010": 425.0, "AADT2009": 495.0, "AADT2008": 505.0, "AADT2007": 500.0, "AADT2006": 420.0, "AADT2005": 495.0, "AADT2004": 500.0, "AADT2003": 485.0, "AADT2002": 870.0, "AADT2001": 935.0, "AADT2000": 905.0, "AADT1999": 810.0, "AADT1998": 780.0, "AADT1997": 750.0, "AADT1996": 750.0, "AADT1995": 750.0, "AADT1994": 450.0, "AADT1993": 370.0, "AADT1992": 355.0, "AADT1991": 340.0, "AADT1990": 335.0, "AADT1989": 820.0, "AADT1988": 805.0, "AADT1987": 770.0, "AADT1986": 760.0, "AADT1985": 750.0, "AADT1984": 750.0, "AADT1983": 735.0, "AADT1982": 750.0, "AADT1981": 775.0, "SUTRK2022": 0.229427991, "CUTRK2022": 0.04592764, "SUTRK2021": 0.22939424031799999, "CUTRK2021": 0.045680238331699999, "SUTRK2020": 0.215403, "CUTRK2020": 0.043573, "SUTRK2019": 0.204171, "CUTRK2019": 0.04762, "SUTRK2018": "0.163510228", "CUTRK2018": "0.076004376", "SUTRK2017": "0.0689747", "CUTRK2017": "0.056191744", "SUTRK2016": 0.068975, "CUTRK2016": 0.056192, "SUTRK2015": "0.0689747", "CUTRK2015": "0.056191744", "SUTRK2014": "0.0689747", "CUTRK2014": "0.056191744", "SUTRK2013": "0.0689747", "CUTRK2013": "0.056191744", "SUTRK2012": 0.068975, "CUTRK2012": "0.056191744", "SUTRK2011": "0.0689747", "CUTRK2011": "0.056191744", "SUTRK2010": "0.0689747", "CUTRK2010": "0.056191744", "CCSGROUP19": "CO0", "FAC_WDAVG": 0.7152, "FAC_WEAVG": 1.5742, "FAC_WEMAX": 1.62, "FAC_MON": 0.7048, "FAC_TUE": 0.6745, "FAC_WED": 0.7294, "FAC_THU": 0.7418, "FAC_FRI": 1.0011, "FAC_SAT": 1.62, "FAC_SUN": 1.5284, "FAC_SPR": 0.6502, "FAC_SUM": 1.9088, "FAC_FAL": 1.1079, "FAC_WIN": 0.3331, "FAC_JAN": 0.3206, "FAC_FEB": 0.3395, "FAC_MAR": 0.4228, "FAC_APR": 0.5531, "FAC_MAY": 0.9748, "FAC_JUN": 1.8914, "FAC_JUL": 2.0658, "FAC_AUG": 1.7691, "FAC_SEP": 1.5525, "FAC_OCT": 1.3425, "FAC_NOV": 0.4286, "FAC_DEC": 0.3393, "FAC_MAXMO": 7, "FAC_MAX": 2.0658, "FACMANADJ": 0.0, "MODEL_ROUTE": 92, "MODEL_MP": 18.8 }, "geometry": { "type": "LineString", "coordinates": [ [ -111.601816159799441, 40.404789145068527 ], [ -111.602132290716682, 40.404848851256077 ], [ -111.602351878804598, 40.404866086111248 ], [ -111.602535126230137, 40.404838824756013 ], [ -111.602587264102269, 40.404831075493419 ], [ -111.602834035530336, 40.404751409954443 ], [ -111.603067040505735, 40.404647851465626 ], [ -111.603241172894087, 40.404589735295268 ], [ -111.603338056964645, 40.40457796841433 ], [ -111.603459788227525, 40.404590486457458 ], [ -111.603628369003161, 40.40464969725258 ], [ -111.603947705202515, 40.404791004248501 ], [ -111.60418630609513, 40.404944353997941 ], [ -111.604520003083763, 40.405096665558567 ], [ -111.604871103899796, 40.40521825414632 ], [ -111.605226411245368, 40.405283062279686 ], [ -111.605888614858699, 40.405402118023744 ], [ -111.606122641488838, 40.405478369775587 ], [ -111.606254240998595, 40.405565969070629 ], [ -111.606495084340764, 40.405692545215182 ], [ -111.606691820254781, 40.405723675608151 ], [ -111.60681818216959, 40.405726616157601 ], [ -111.607060556693838, 40.405643090774909 ], [ -111.607330935065292, 40.405541579770315 ], [ -111.607512747313123, 40.40547269600598 ], [ -111.607709225314707, 40.405475177073171 ], [ -111.607878364907478, 40.405556541104467 ], [ -111.608099511954919, 40.405667992060415 ], [ -111.608253342639387, 40.405737453941541 ], [ -111.608461614150528, 40.405845458379105 ], [ -111.608568372363123, 40.405935438020308 ], [ -111.608572348734853, 40.406023616210753 ], [ -111.608492402356759, 40.406097280971736 ], [ -111.608374666152599, 40.406188532086254 ], [ -111.608245344027267, 40.406288853131123 ], [ -111.608061691884643, 40.406402252684906 ], [ -111.607844449748669, 40.406515468170468 ], [ -111.607620703338043, 40.406600068482568 ], [ -111.607421912254139, 40.406681474170284 ], [ -111.607295699977541, 40.406747813497937 ], [ -111.607108071551508, 40.406812493176936 ], [ -111.606610361835621, 40.406941503117935 ], [ -111.605975221094141, 40.407069069074481 ], [ -111.605586812313547, 40.407204258556867 ], [ -111.605223463141201, 40.407361117594078 ], [ -111.604629482899554, 40.407545398235072 ], [ -111.604356540191262, 40.407704124122155 ], [ -111.604161067809457, 40.407814786442231 ], [ -111.603969304159349, 40.407905338761758 ], [ -111.603762980502452, 40.407936056266266 ], [ -111.603538713062349, 40.407963443609169 ], [ -111.603245879183746, 40.407993620727176 ], [ -111.60311845971394, 40.408044285958908 ], [ -111.603016152708037, 40.408109234646453 ], [ -111.602965993504441, 40.408180487954311 ], [ -111.602977981681406, 40.408282408467755 ], [ -111.603015967222348, 40.408352481358982 ], [ -111.603122713002207, 40.408428231684056 ], [ -111.603323233248062, 40.40853925876381 ], [ -111.603522424143321, 40.408672905273761 ], [ -111.60359519542385, 40.408784508526502 ], [ -111.603607210118525, 40.408902465021505 ], [ -111.603565063854745, 40.409079083220696 ], [ -111.603471278403859, 40.409227321994123 ], [ -111.603336483397854, 40.409323341728857 ], [ -111.603120773676523, 40.409412125673114 ], [ -111.603021844547996, 40.409446425797007 ], [ -111.602966109232327, 40.409487257415911 ], [ -111.602953999791978, 40.409530203879989 ], [ -111.602960713975719, 40.40958260182633 ], [ -111.603020290889646, 40.409615624791627 ], [ -111.603104436925321, 40.409615185904272 ], [ -111.603229408186962, 40.409553992819795 ], [ -111.603430445091263, 40.409458618518208 ], [ -111.603610750278321, 40.409390919944123 ], [ -111.603706706236693, 40.409314111890396 ], [ -111.603766023226825, 40.409238936541684 ], [ -111.603924504288798, 40.40890540280401 ], [ -111.604016765688002, 40.408771405999154 ], [ -111.604103836389754, 40.408742302169344 ], [ -111.604203783508183, 40.408756104396666 ], [ -111.604295630541159, 40.408826165658112 ], [ -111.604398699675627, 40.408938601045833 ], [ -111.604588692562942, 40.409347792045828 ], [ -111.604675432773902, 40.40942652843367 ], [ -111.604763029858461, 40.409469313967598 ], [ -111.604851620016646, 40.409491373311759 ], [ -111.604936776556869, 40.409472188879022 ], [ -111.605011776159998, 40.409411165220966 ], [ -111.60511293702109, 40.409297211280482 ], [ -111.605237345674013, 40.409265568818881 ], [ -111.605356483307375, 40.40927701731497 ], [ -111.605430059624922, 40.409333389399009 ], [ -111.605463473962388, 40.409419071141755 ], [ -111.605443081483685, 40.409589630075367 ], [ -111.605372976444471, 40.409762791660633 ], [ -111.604802827638295, 40.410531188394536 ], [ -111.604644732464109, 40.410736611863051 ], [ -111.604524948052486, 40.410824356184847 ], [ -111.604369539544862, 40.410882376397524 ], [ -111.603818260395229, 40.410982104490913 ], [ -111.603697146439899, 40.411039944696661 ], [ -111.603623097350535, 40.411128530367627 ], [ -111.603599474326941, 40.411254690959105 ], [ -111.603589509288, 40.411352942135224 ], [ -111.603596837359888, 40.411487139417709 ], [ -111.603569714565481, 40.411590975707554 ], [ -111.603523649843453, 40.411672207942807 ], [ -111.603343063030749, 40.411867386550128 ], [ -111.603235966859856, 40.412016955805917 ], [ -111.603205028890542, 40.412129190366954 ], [ -111.603145721042367, 40.412469683207576 ], [ -111.603116900511779, 40.412541906309869 ], [ -111.603023234537645, 40.412611764899566 ], [ -111.602867345446995, 40.412708975159177 ], [ -111.602744648878669, 40.412827634002234 ], [ -111.602663943201648, 40.41296310103386 ], [ -111.60260557722863, 40.413132145587731 ], [ -111.602511692434874, 40.413375790324167 ], [ -111.602454015277203, 40.41362212922521 ], [ -111.602421291641477, 40.41378545441507 ], [ -111.602397634437722, 40.413960984720468 ], [ -111.602338709550949, 40.414120392297669 ], [ -111.602156037194163, 40.414466121796728 ], [ -111.602064794673964, 40.414596688256914 ], [ -111.601947262918159, 40.414700274149816 ], [ -111.601774122990662, 40.414872798648261 ], [ -111.601726839221271, 40.415029352485611 ], [ -111.60171235788944, 40.415216366500687 ], [ -111.601707975052705, 40.415571077226325 ], [ -111.601779620657481, 40.415912959687297 ], [ -111.601838510152817, 40.416225358669678 ], [ -111.601826342663841, 40.416394252345995 ], [ -111.601753850562815, 40.416565892460241 ], [ -111.601642311644909, 40.416760438627165 ], [ -111.601402415814519, 40.41703484231946 ], [ -111.601179539264905, 40.417221949035159 ], [ -111.600969431012089, 40.417439980213267 ], [ -111.600806049950279, 40.417650560922219 ], [ -111.600716619612768, 40.417853099459741 ], [ -111.600679214581177, 40.417994376114706 ], [ -111.600643759788099, 40.418222400132173 ], [ -111.600638987512824, 40.418361705410021 ], [ -111.600647458138525, 40.418479139895219 ], [ -111.600695094939965, 40.418666461582163 ], [ -111.600774239573923, 40.418857763700551 ], [ -111.600868642504778, 40.419094662522568 ], [ -111.600932479681703, 40.419261178994994 ], [ -111.60102195798251, 40.419368462534756 ], [ -111.601138449204669, 40.419411731138062 ], [ -111.601274402375793, 40.419416699888536 ], [ -111.601417551705183, 40.419382621707179 ], [ -111.601555520855896, 40.419322804318867 ], [ -111.602006421939407, 40.418969553471292 ], [ -111.602352478329649, 40.41874270407363 ], [ -111.602735045355701, 40.418539177016335 ], [ -111.602916260811881, 40.418451835008803 ], [ -111.603037758299649, 40.418211019116782 ], [ -111.603149148458584, 40.418105572297257 ], [ -111.603288621468423, 40.418016645644371 ], [ -111.603475239107254, 40.417953689193922 ], [ -111.603677926147455, 40.417947856237213 ], [ -111.603814845169893, 40.417916149984286 ], [ -111.603873459621866, 40.417853861333498 ], [ -111.603894892819497, 40.417798974137142 ], [ -111.60389738125275, 40.417734546170017 ], [ -111.603876440493153, 40.417567717170414 ], [ -111.603900452049984, 40.417379391923497 ], [ -111.603983713574678, 40.417213099692759 ], [ -111.604085136929797, 40.417113830208223 ], [ -111.604177868372503, 40.417097039207277 ], [ -111.604290940040002, 40.417100862722648 ], [ -111.604815809262689, 40.417205416420671 ], [ -111.604942939395315, 40.417186462853905 ], [ -111.605008289850517, 40.417113147292874 ], [ -111.605039068760874, 40.41700956190347 ], [ -111.605083844376864, 40.416863200177644 ], [ -111.605167290462958, 40.416704744030092 ], [ -111.605362543468686, 40.41652750409925 ], [ -111.605561055492046, 40.416385202028529 ], [ -111.605713222241718, 40.416240439700452 ], [ -111.60578198603487, 40.416114222463591 ], [ -111.605815966626508, 40.416012962441755 ], [ -111.605869365703299, 40.415868987661185 ], [ -111.605966118123533, 40.415761993177448 ], [ -111.606115375422348, 40.415713552721435 ], [ -111.606314787441818, 40.415698182693532 ], [ -111.606477180133396, 40.415721205051724 ], [ -111.606689941784069, 40.41580108050799 ], [ -111.606863768510635, 40.415863502129561 ], [ -111.607053793908676, 40.415852864821737 ], [ -111.607240749531698, 40.415802333063262 ], [ -111.607424950556734, 40.41570767094148 ], [ -111.607564144678747, 40.415588920505272 ], [ -111.60764805680229, 40.415483073182521 ], [ -111.607743681456952, 40.415421398857454 ], [ -111.607843617280977, 40.415432765497975 ], [ -111.607897115374968, 40.41549671902844 ], [ -111.607885471913306, 40.415591195495352 ], [ -111.607789022864765, 40.415692243986271 ], [ -111.607548837832852, 40.415944409476083 ], [ -111.607366291042226, 40.416105099717171 ], [ -111.607236331356049, 40.416215422956697 ], [ -111.607015680621572, 40.416307122969336 ], [ -111.606841489570826, 40.416348578278885 ], [ -111.606726593583971, 40.41640395653436 ], [ -111.606668229370626, 40.416506786217319 ], [ -111.606641366241746, 40.416652333842706 ], [ -111.606623674172567, 40.416742877907957 ], [ -111.606626564868122, 40.416841602335403 ], [ -111.606656954471433, 40.416983606271387 ], [ -111.606774988058405, 40.417264160459318 ], [ -111.60690367434924, 40.417523307057955 ], [ -111.606961224503763, 40.417683907214986 ], [ -111.607024045954958, 40.417906372077816 ], [ -111.607096684869902, 40.418027703412605 ], [ -111.607188266919934, 40.418158304662413 ], [ -111.607226799206117, 40.418274950119759 ], [ -111.607121426408028, 40.418354152813933 ], [ -111.607028247590534, 40.418399957776131 ], [ -111.606969592678922, 40.418457473411536 ], [ -111.606917633223119, 40.418564864196313 ], [ -111.606937778617166, 40.418734129222777 ], [ -111.606978719783029, 40.418935177220192 ], [ -111.606959015754043, 40.419024830956211 ], [ -111.606866574813822, 40.419139731581879 ], [ -111.606786852194929, 40.4192926738042 ], [ -111.606754793972996, 40.419437347746211 ], [ -111.606742778512057, 40.419595610298849 ], [ -111.60667253499345, 40.419727871886749 ], [ -111.606589891959331, 40.419844522683675 ], [ -111.606506973498057, 40.41993054398516 ], [ -111.606354705898099, 40.420038550758527 ], [ -111.606189087930176, 40.420103834190819 ], [ -111.605924619614228, 40.420174410313017 ], [ -111.605775395199259, 40.420227625154773 ], [ -111.605657936606917, 40.420287250027911 ], [ -111.605603095192336, 40.420349699976576 ], [ -111.605575678987918, 40.4204471416693 ], [ -111.605563682844434, 40.420555313485089 ], [ -111.605536153387334, 40.420640143044437 ], [ -111.605482498364836, 40.420703487627485 ], [ -111.605371005681832, 40.420758125967843 ], [ -111.605254279572762, 40.420781259813829 ], [ -111.605119302721633, 40.420780344730005 ], [ -111.60497394027459, 40.420804348899459 ], [ -111.604900007583112, 40.420841132437673 ], [ -111.60485852478574, 40.420921169935113 ], [ -111.604817608467542, 40.421051294944931 ], [ -111.604790317801587, 40.421307655974346 ], [ -111.604785330299705, 40.421448313814459 ], [ -111.604733142345609, 40.42154399296912 ], [ -111.60461219180209, 40.421635256912694 ], [ -111.604500560727956, 40.421753679423112 ], [ -111.604474195760517, 40.421876611037106 ], [ -111.604480063198949, 40.422018473367956 ], [ -111.604509312565611, 40.4221386817376 ], [ -111.604600821724333, 40.422287393574138 ], [ -111.604713850698275, 40.422403920452531 ], [ -111.604785527298787, 40.422509852652468 ], [ -111.604824072467295, 40.42265442690492 ], [ -111.604877870226957, 40.422896219386217 ], [ -111.604915432353081, 40.423102060471329 ], [ -111.604903834392957, 40.423202212010921 ], [ -111.604836106713009, 40.423300314853641 ], [ -111.604728085443099, 40.423427187203991 ], [ -111.604654632866911, 40.423557392198838 ], [ -111.604635203723689, 40.423665062196797 ], [ -111.604643955013174, 40.423773485716218 ], [ -111.604689480106956, 40.423973429297618 ], [ -111.60476718769101, 40.424120771682894 ], [ -111.604867926134133, 40.42423348875441 ], [ -111.604996773794653, 40.424338941469806 ], [ -111.605111113168491, 40.424390775885122 ], [ -111.605223406678917, 40.424398476425097 ], [ -111.605343267596723, 40.424369290112239 ], [ -111.605440773500632, 40.424305445716485 ], [ -111.605508650774382, 40.424224008543241 ], [ -111.605567642780898, 40.424150816130428 ], [ -111.605650753451087, 40.424085515415555 ], [ -111.605788045636857, 40.424054705779646 ], [ -111.605933151243164, 40.424067008504203 ], [ -111.606069596103296, 40.424125663100348 ], [ -111.606162130758051, 40.424204097466273 ], [ -111.606182895458119, 40.424284800000692 ], [ -111.60618073018918, 40.424384992274703 ], [ -111.606145903152367, 40.424484274709897 ], [ -111.606131241987725, 40.424584442404964 ], [ -111.606191198012695, 40.424671155710065 ], [ -111.6064218706058, 40.42483895620358 ], [ -111.606667111227367, 40.425040463811591 ], [ -111.606837252034353, 40.425227860507377 ], [ -111.606924461253612, 40.425395512025169 ], [ -111.607062701694517, 40.42567965310586 ], [ -111.60719369815132, 40.425852930364961 ], [ -111.607250720655188, 40.42595398292768 ], [ -111.607273428409613, 40.426040801199967 ], [ -111.607251095923203, 40.426166054524082 ], [ -111.607260120035662, 40.426304296382213 ], [ -111.607383349435793, 40.42647887547141 ], [ -111.607480023774144, 40.426649990335072 ], [ -111.607556560521317, 40.426849589517701 ], [ -111.607618579762416, 40.426968633760104 ], [ -111.607704997296821, 40.427060972956731 ], [ -111.607905461638182, 40.427145685366156 ], [ -111.608140413435237, 40.427263639663138 ], [ -111.60874840511579, 40.427582243749548 ], [ -111.609208443317243, 40.427756217992609 ], [ -111.609565259912031, 40.427870103669818 ], [ -111.609740404833218, 40.427918099281968 ], [ -111.609912020525343, 40.427940797764265 ], [ -111.610084611870576, 40.42790186881345 ], [ -111.610254156352312, 40.427838901475582 ], [ -111.610341303942178, 40.427802855593185 ], [ -111.610444097803693, 40.427789249699885 ], [ -111.610637931949412, 40.427831109188219 ], [ -111.611142823009104, 40.427958351992046 ], [ -111.6115382104623, 40.428048063534511 ], [ -111.611748990464406, 40.428008389539023 ], [ -111.611861880669039, 40.427990134333889 ], [ -111.611955544651366, 40.427996755729744 ], [ -111.612005733628592, 40.428032256044936 ], [ -111.612022072695126, 40.428118025961268 ], [ -111.611985524441479, 40.428208760571678 ], [ -111.611886854209445, 40.428313157409235 ], [ -111.611806495735436, 40.428421871696827 ], [ -111.611741998327219, 40.428524646103966 ], [ -111.611743284587988, 40.428653559045664 ], [ -111.611786633393805, 40.428792790004216 ], [ -111.612347913722672, 40.429975681625905 ], [ -111.612356570441648, 40.430072212943109 ], [ -111.612308083367466, 40.430250488879999 ], [ -111.612282828294596, 40.430364587303892 ], [ -111.612277823276841, 40.430501641674255 ], [ -111.612296854517609, 40.430572171936454 ] ] } },
{ "type": "Feature", "properties": { "Id": 0, "SEGID": "0114_000.0", "ROUTE": "0114", "BMP": 0.0, "EMP": 0.357, "DISTANCE": 0.36893982592800001, "DIRECTION": "EB/WB", "CO_FIPS": 49.0, "SUBAREAID": 1.0, "PLANAREA": "MAG", "F2019": 35038.0, "F2023": 38500.0, "F2028": 39500.0, "F2032": 40000.0, "F2042": 34500.0, "F2050": 35500.0, "CH19TO50": 462.0, "CH19TO23": 3462.0, "CH23TO28": 1000.0, "CH28TO32": 500.0, "CH32TO42": -5500.0, "CH42TO50": 1000.0, "AADTSTN": "049-0610", "AADT2022": 34552.0, "AADT2021": 33775.0, "AADT2020": 30483.0, "AADT2019": 35038.0, "AADT2018": 34691.0, "AADT2017": 34246.0, "AADT2016": 33346.0, "AADT2015": 31940.0, "AADT2014": 30450.0, "AADT2013": 29165.0, "AADT2012": 28425.0, "AADT2011": 28515.0, "AADT2010": 29365.0, "AADT2009": 29335.0, "AADT2008": 29130.0, "AADT2007": 30285.0, "AADT2006": 29865.0, "AADT2005": 29425.0, "AADT2004": 34195.0, "AADT2003": 34615.0, "AADT2002": 35245.0, "AADT2001": 33020.0, "AADT2000": 28220.0, "AADT1999": 28444.0, "AADT1998": 35555.0, "AADT1997": 35555.0, "AADT1996": 34730.0, "AADT1995": 34365.0, "AADT1994": 33730.0, "AADT1993": 32140.0, "AADT1992": 31400.0, "AADT1991": 30445.0, "AADT1990": 30090.0, "AADT1989": 19570.0, "AADT1988": 19200.0, "AADT1987": 18430.0, "AADT1986": 18200.0, "AADT1985": 17970.0, "AADT1984": 17700.0, "AADT1983": 17320.0, "AADT1982": 17150.0, "AADT1981": 16885.0, "SUTRK2022": 0.040168042, "CUTRK2022": 0.007374432, "SUTRK2021": 0.040177646188000002, "CUTRK2021": 0.0073723168023699997, "SUTRK2020": 0.091591, "CUTRK2020": 0.055694, "SUTRK2019": 0.091591, "CUTRK2019": 0.055694, "SUTRK2018": "0.091590841", "CUTRK2018": "0.055694431", "SUTRK2017": "0.091590841", "CUTRK2017": "0.055694431", "SUTRK2016": 0.091591, "CUTRK2016": 0.055694, "SUTRK2015": "0.091590841", "CUTRK2015": "0.055694431", "SUTRK2014": "0.091590841", "CUTRK2014": "0.055694431", "SUTRK2013": "0.091590841", "CUTRK2013": "0.055694431", "SUTRK2012": 0.091591, "CUTRK2012": "0.055694431", "SUTRK2011": "0.091590841", "CUTRK2011": "0.055694431", "SUTRK2010": "0.091590841", "CUTRK2010": "0.055694431", "CCSGROUP19": "COU", "FAC_WDAVG": 1.0946, "FAC_WEAVG": 0.7583, "FAC_WEMAX": 0.8873, "FAC_MON": 1.0545, "FAC_TUE": 1.0851, "FAC_WED": 1.0925, "FAC_THU": 1.1063, "FAC_FRI": 1.145, "FAC_SAT": 0.8873, "FAC_SUN": 0.6293, "FAC_SPR": 1.0117, "FAC_SUM": 1.0135, "FAC_FAL": 1.0095, "FAC_WIN": 0.9653, "FAC_JAN": 0.9346, "FAC_FEB": 0.9705, "FAC_MAR": 0.9965, "FAC_APR": 1.0142, "FAC_MAY": 1.0245, "FAC_JUN": 1.0222, "FAC_JUL": 0.996, "FAC_AUG": 1.0223, "FAC_SEP": 1.0238, "FAC_OCT": 1.0103, "FAC_NOV": 0.9944, "FAC_DEC": 0.9907, "FAC_MAXMO": 5, "FAC_MAX": 1.0245, "FACMANADJ": 0.0, "MODEL_ROUTE": 114, "MODEL_MP": 0.0 }, "geometry": { "type": "LineString", "coordinates": [ [ -111.667479741526961, 40.233752806075316 ], [ -111.669284151788901, 40.233752298942349 ], [ -111.671016948265219, 40.233761188100658 ], [ -111.672723911738132, 40.233772904223081 ], [ -111.674459050429306, 40.23378082729554 ] ] } },
{ "type": "Feature", "properties": { "Id": 0, "SEGID": "0114_005.0", "ROUTE": "0114", "BMP": 4.964, "EMP": 5.29, "DISTANCE": 0.32807326795699998, "DIRECTION": "NB/SB", "CO_FIPS": 49.0, "SUBAREAID": 1.0, "PLANAREA": "MAG", "F2019": 13653.0, "F2023": 13500.0, "F2028": 15000.0, "F2032": 17500.0, "F2042": 18000.0, "F2050": 18500.0, "CH19TO50": 4847.0, "CH19TO23": -153.0, "CH23TO28": 1500.0, "CH28TO32": 2500.0, "CH32TO42": 500.0, "CH42TO50": 500.0, "AADTSTN": "049-0630", "AADT2022": 13348.0, "AADT2021": 13216.0, "AADT2020": 12192.0, "AADT2019": 13653.0, "AADT2018": 13412.0, "AADT2017": 13279.0, "AADT2016": 12930.0, "AADT2015": 12280.0, "AADT2014": 11775.0, "AADT2013": 11645.0, "AADT2012": 11945.0, "AADT2011": 12190.0, "AADT2010": 13165.0, "AADT2009": 13215.0, "AADT2008": 13295.0, "AADT2007": 12820.0, "AADT2006": 12645.0, "AADT2005": 12110.0, "AADT2004": 12825.0, "AADT2003": 12745.0, "AADT2002": 12745.0, "AADT2001": 11940.0, "AADT2000": 10365.0, "AADT1999": 10445.0, "AADT1998": 14725.0, "AADT1997": 14550.0, "AADT1996": 14210.0, "AADT1995": 6000.0, "AADT1994": 5265.0, "AADT1993": 5050.0, "AADT1992": 5005.0, "AADT1991": 5525.0, "AADT1990": 4635.0, "AADT1989": 5205.0, "AADT1988": 5150.0, "AADT1987": 5000.0, "AADT1986": 4945.0, "AADT1985": 4975.0, "AADT1984": 4925.0, "AADT1983": 5025.0, "AADT1982": 5025.0, "AADT1981": 5025.0, "SUTRK2022": 0.067548356, "CUTRK2022": 0.019137066, "SUTRK2021": 0.067569612590799993, "CUTRK2021": 0.019143462469700001, "SUTRK2020": 0.129952, "CUTRK2020": 0.121248, "SUTRK2019": 0.129952, "CUTRK2019": 0.121248, "SUTRK2018": "0.129951997", "CUTRK2018": "0.121248088", "SUTRK2017": "0.129951997", "CUTRK2017": "0.121248088", "SUTRK2016": 0.129952, "CUTRK2016": 0.121248, "SUTRK2015": "0.129951997", "CUTRK2015": "0.121248088", "SUTRK2014": "0.129951997", "CUTRK2014": "0.121248088", "SUTRK2013": "0.129951997", "CUTRK2013": "0.121248088", "SUTRK2012": 0.129952, "CUTRK2012": "0.121248088", "SUTRK2011": "0.129951997", "CUTRK2011": "0.121248088", "SUTRK2010": "0.0849", "CUTRK2010": "0.0406", "CCSGROUP19": "XX3", "FAC_WDAVG": 1.1568, "FAC_WEAVG": 0.6311, "FAC_WEMAX": 0.7332, "FAC_MON": 1.1071, "FAC_TUE": 1.1465, "FAC_WED": 1.1587, "FAC_THU": 1.1651, "FAC_FRI": 1.1603, "FAC_SAT": 0.7332, "FAC_SUN": 0.5291, "FAC_SPR": 1.0112, "FAC_SUM": 1.0254, "FAC_FAL": 1.0105, "FAC_WIN": 0.9529, "FAC_JAN": 0.9362, "FAC_FEB": 0.964, "FAC_MAR": 0.9953, "FAC_APR": 1.0139, "FAC_MAY": 1.0245, "FAC_JUN": 1.0357, "FAC_JUL": 1.0085, "FAC_AUG": 1.032, "FAC_SEP": 1.0208, "FAC_OCT": 1.0204, "FAC_NOV": 0.9902, "FAC_DEC": 0.9587, "FAC_MAXMO": 8, "FAC_MAX": 1.0414, "FACMANADJ": 0.0, "MODEL_ROUTE": 114, "MODEL_MP": 5.0 }, "geometry": { "type": "LineString", "coordinates": [ [ -111.727259829927135, 40.275084432579639 ], [ -111.727980326674313, 40.275901276765673 ], [ -111.729056348228184, 40.276963001078222 ], [ -111.729276769740565, 40.277279548881587 ], [ -111.729650713289843, 40.277750808327447 ], [ -111.729984690763516, 40.278333492755031 ], [ -111.730382926466788, 40.279159110455808 ] ] } },
{ "type": "Feature", "properties": { "Id": 0, "SEGID": "0145_005.3", "ROUTE": "0145", "BMP": 5.313, "EMP": 5.772, "DISTANCE": 0.46161560001399998, "DIRECTION": "EB/WB", "CO_FIPS": 49.0, "SUBAREAID": 1.0, "PLANAREA": "MAG", "F2019": 48335.0, "F2023": 52000.0, "F2028": 52500.0, "F2032": 53000.0, "F2042": 57500.0, "F2050": 104000.0, "CH19TO50": 55665.0, "CH19TO23": 3665.0, "CH23TO28": 500.0, "CH28TO32": 500.0, "CH32TO42": 4500.0, "CH42TO50": 46500.0, "AADTSTN": "049-0704", "AADT2022": 47664.0, "AADT2021": 46593.0, "AADT2020": 42051.0, "AADT2019": 48335.0, "AADT2018": 44821.0, "AADT2017": 42365.0, "AADT2016": 39654.0, "AADT2015": 36675.0, "AADT2014": 24235.0, "AADT2013": 23215.0, "AADT2012": 23810.0, "AADT2011": 24295.0, "AADT2010": 10000.0, "AADT2009": 0.0, "AADT2008": 0.0, "AADT2007": 0.0, "AADT2006": 0.0, "AADT2005": 0.0, "AADT2004": 0.0, "AADT2003": 0.0, "AADT2002": 0.0, "AADT2001": 0.0, "AADT2000": 0.0, "AADT1999": 0.0, "AADT1998": 0.0, "AADT1997": 0.0, "AADT1996": 0.0, "AADT1995": 0.0, "AADT1994": 0.0, "AADT1993": 0.0, "AADT1992": 0.0, "AADT1991": 0.0, "AADT1990": 0.0, "AADT1989": 0.0, "AADT1988": 0.0, "AADT1987": 0.0, "AADT1986": 0.0, "AADT1985": 0.0, "AADT1984": 0.0, "AADT1983": 0.0, "AADT1982": 0.0, "AADT1981": 0.0, "SUTRK2022": 0.082933493, "CUTRK2022": 0.027198012, "SUTRK2021": 0.0829309123688, "CUTRK2021": 0.027192925976, "SUTRK2020": 0.083767, "CUTRK2020": 0.028932, "SUTRK2019": 0.079106, "CUTRK2019": 0.026908, "SUTRK2018": "0.078250993", "CUTRK2018": "0.025957335", "SUTRK2017": "0.079238347", "CUTRK2017": "0.022395901", "SUTRK2016": 0.225782, "CUTRK2016": 0.032549, "SUTRK2015": "0.221602292", "CUTRK2015": "0.031388009", "SUTRK2014": "0.21923631", "CUTRK2014": "0.030744875", "SUTRK2013": "0.146200241", "CUTRK2013": "0.148612786", "SUTRK2012": 0.1462, "CUTRK2012": "0.148612786", "SUTRK2011": "0.146200241", "CUTRK2011": "0.148612786", "SUTRK2010": "0", "CUTRK2010": "0", "CCSGROUP19": "XX3", "FAC_WDAVG": 1.1568, "FAC_WEAVG": 0.6311, "FAC_WEMAX": 0.7332, "FAC_MON": 1.1071, "FAC_TUE": 1.1465, "FAC_WED": 1.1587, "FAC_THU": 1.1651, "FAC_FRI": 1.1603, "FAC_SAT": 0.7332, "FAC_SUN": 0.5291, "FAC_SPR": 1.0112, "FAC_SUM": 1.0254, "FAC_FAL": 1.0105, "FAC_WIN": 0.9529, "FAC_JAN": 0.9362, "FAC_FEB": 0.964, "FAC_MAR": 0.9953, "FAC_APR": 1.0139, "FAC_MAY": 1.0245, "FAC_JUN": 1.0357, "FAC_JUL": 1.0085, "FAC_AUG": 1.032, "FAC_SEP": 1.0208, "FAC_OCT": 1.0204, "FAC_NOV": 0.9902, "FAC_DEC": 0.9587, "FAC_MAXMO": 8, "FAC_MAX": 1.0414, "FACMANADJ": 0.0, "MODEL_ROUTE": 145, "MODEL_MP": 5.3 }, "geometry": { "type": "LineString", "coordinates": [ [ -111.83231326895546, 40.377411253900235 ], [ -111.833249731372945, 40.377149011482445 ], [ -111.833665299034365, 40.377031870871413 ], [ -111.834041974831408, 40.376922937316316 ], [ -111.834093151973235, 40.376908063525015 ], [ -111.834524642452479, 40.37676413814372 ], [ -111.834957183060354, 40.376590924134831 ], [ -111.83533541426479, 40.376408010779386 ], [ -111.835750729664937, 40.376166269243512 ], [ -111.836160207584371, 40.375900424159866 ], [ -111.836572386580841, 40.375624648115597 ], [ -111.836985993481704, 40.375350301711549 ], [ -111.837398289107014, 40.375074972326892 ], [ -111.837803364106193, 40.374797081167614 ], [ -111.838235453151768, 40.37454160546789 ], [ -111.838685071679677, 40.374313118259913 ], [ -111.839152786608068, 40.374109813414549 ], [ -111.839669948462145, 40.373914075545315 ] ] } },
{ "type": "Feature", "properties": { "Id": 0, "SEGID": "0154_001.4", "ROUTE": "0154", "BMP": 1.433, "EMP": 3.242, "DISTANCE": 1.80351745028, "DIRECTION": "EB/WB", "CO_FIPS": 35.0, "SUBAREAID": 1.0, "PLANAREA": "WFRC", "F2019": 65387.0, "F2023": 69500.0, "F2028": 65500.0, "F2032": 77000.0, "F2042": 94000.0, "F2050": 94000.0, "CH19TO50": 28613.0, "CH19TO23": 4113.0, "CH23TO28": -4000.0, "CH28TO32": 11500.0, "CH32TO42": 17000.0, "CH42TO50": 0.0, "AADTSTN": "035-0816", "AADT2022": 63533.0, "AADT2021": 63788.0, "AADT2020": 56887.0, "AADT2019": 65387.0, "AADT2018": 49696.0, "AADT2017": 49058.0, "AADT2016": 47768.0, "AADT2015": 45755.0, "AADT2014": 43620.0, "AADT2013": 45745.0, "AADT2012": 44585.0, "AADT2011": 44310.0, "AADT2010": 44525.0, "AADT2009": 39085.0, "AADT2008": 39605.0, "AADT2007": 40175.0, "AADT2006": 33715.0, "AADT2005": 32295.0, "AADT2004": 30551.0, "AADT2003": 28504.0, "AADT2002": 27590.0, "AADT2001": 16635.0, "AADT2000": 16525.0, "AADT1999": 16655.0, "AADT1998": 17000.0, "AADT1997": 0.0, "AADT1996": 0.0, "AADT1995": 0.0, "AADT1994": 0.0, "AADT1993": 0.0, "AADT1992": 0.0, "AADT1991": 0.0, "AADT1990": 0.0, "AADT1989": 0.0, "AADT1988": 0.0, "AADT1987": 0.0, "AADT1986": 0.0, "AADT1985": 0.0, "AADT1984": 0.0, "AADT1983": 0.0, "AADT1982": 0.0, "AADT1981": 0.0, "SUTRK2022": 0.149978099, "CUTRK2022": 0.032099777, "SUTRK2021": 0.14998118768400001, "CUTRK2021": 0.032106352291999998, "SUTRK2020": 0.213594, "CUTRK2020": 0.045907, "SUTRK2019": 0.139425, "CUTRK2019": 0.029206, "SUTRK2018": "0.133439043", "CUTRK2018": "0.028778238", "SUTRK2017": "0.05897772", "CUTRK2017": "0.037096826", "SUTRK2016": 0.058978, "CUTRK2016": 0.037097, "SUTRK2015": "0.05897772", "CUTRK2015": "0.037096826", "SUTRK2014": "0.05897772", "CUTRK2014": "0.037096826", "SUTRK2013": "0.05897772", "CUTRK2013": "0.037096826", "SUTRK2012": 0.058978, "CUTRK2012": "0.037096826", "SUTRK2011": "0.05897772", "CUTRK2011": "0.037096826", "SUTRK2010": "0.05897772", "CUTRK2010": "0.037096826", "CCSGROUP19": "XX3", "FAC_WDAVG": 1.1568, "FAC_WEAVG": 0.6311, "FAC_WEMAX": 0.7332, "FAC_MON": 1.1071, "FAC_TUE": 1.1465, "FAC_WED": 1.1587, "FAC_THU": 1.1651, "FAC_FRI": 1.1603, "FAC_SAT": 0.7332, "FAC_SUN": 0.5291, "FAC_SPR": 1.0112, "FAC_SUM": 1.0254, "FAC_FAL": 1.0105, "FAC_WIN": 0.9529, "FAC_JAN": 0.9362, "FAC_FEB": 0.964, "FAC_MAR": 0.9953, "FAC_APR": 1.0139, "FAC_MAY": 1.0245, "FAC_JUN": 1.0357, "FAC_JUL": 1.0085, "FAC_AUG": 1.032, "FAC_SEP": 1.0208, "FAC_OCT": 1.0204, "FAC_NOV": 0.9902, "FAC_DEC": 0.9587, "FAC_MAXMO": 8, "FAC_MAX": 1.0414, "FACMANADJ": 0.0, "MODEL_ROUTE": 154, "MODEL_MP": 1.4 }, "geometry": { "type": "LineString", "coordinates": [ [ -111.907413079484471, 40.50066855844306 ], [ -111.909721020330267, 40.49888899867527 ], [ -111.909984036320523, 40.498703146946958 ], [ -111.910447197203766, 40.498394999053176 ], [ -111.910873349884611, 40.498142995897936 ], [ -111.911347793196597, 40.497884304049641 ], [ -111.911544871305551, 40.497797165247391 ], [ -111.911744150288854, 40.497698297249165 ], [ -111.911921399552199, 40.497628431087087 ], [ -111.912185307541009, 40.4975092327144 ], [ -111.912448266541773, 40.497407158029525 ], [ -111.913261715405085, 40.49717280686415 ], [ -111.91354418635747, 40.49711742140807 ], [ -111.91396301920237, 40.497023119437721 ], [ -111.914518665275352, 40.496923228604786 ], [ -111.91510223710587, 40.496881130829919 ], [ -111.916097805365638, 40.496849817655942 ], [ -111.919914314882675, 40.496831743161053 ], [ -111.923495644656967, 40.496814702079895 ], [ -111.925330204928386, 40.496805968516043 ], [ -111.925957319061624, 40.496841483681081 ], [ -111.926737865988599, 40.496904232662608 ], [ -111.927093451861808, 40.496957504740266 ], [ -111.927883191659035, 40.497096296842521 ], [ -111.928423104210509, 40.49722619080584 ], [ -111.928925496043803, 40.497373500715 ], [ -111.92940702736152, 40.497548273009826 ], [ -111.929931487962463, 40.497755129529196 ], [ -111.930071670214105, 40.497822468176707 ], [ -111.931056954584307, 40.498327134262709 ], [ -111.931618516224674, 40.498664402158354 ], [ -111.93242879637674, 40.499150918349848 ], [ -111.933156918377279, 40.49954142772156 ], [ -111.934141748778117, 40.499941838744775 ], [ -111.93485627042952, 40.500150469232246 ], [ -111.93578830731073, 40.500385261061325 ], [ -111.936233565619091, 40.500477777818915 ], [ -111.93685383242088, 40.500544189548641 ], [ -111.937524979075306, 40.500628563081172 ], [ -111.938716030317337, 40.500682313461411 ] ] } },
{ "type": "Feature", "properties": { "Id": 0, "SEGID": "0154_006.8", "ROUTE": "0154", "BMP": 6.759, "EMP": 8.274, "DISTANCE": 1.5158869697099999, "DIRECTION": "NB/SB", "CO_FIPS": 35.0, "SUBAREAID": 1.0, "PLANAREA": "WFRC", "F2019": 45114.0, "F2023": 44500.0, "F2028": 46500.0, "F2032": 81000.0, "F2042": 87000.0, "F2050": 87500.0, "CH19TO50": 42386.0, "CH19TO23": -614.0, "CH23TO28": 2000.0, "CH28TO32": 34500.0, "CH32TO42": 6000.0, "CH42TO50": 500.0, "AADTSTN": "035-0821", "AADT2022": 44488.0, "AADT2021": 43488.0, "AADT2020": 39249.0, "AADT2019": 45114.0, "AADT2018": 44667.0, "AADT2017": 44094.0, "AADT2016": 42935.0, "AADT2015": 41125.0, "AADT2014": 39205.0, "AADT2013": 35030.0, "AADT2012": 38710.0, "AADT2011": 37675.0, "AADT2010": 37080.0, "AADT2009": 36215.0, "AADT2008": 33545.0, "AADT2007": 34495.0, "AADT2006": 0.0, "AADT2005": 0.0, "AADT2004": 0.0, "AADT2003": 0.0, "AADT2002": 0.0, "AADT2001": 0.0, "AADT2000": 0.0, "AADT1999": 0.0, "AADT1998": 0.0, "AADT1997": 0.0, "AADT1996": 0.0, "AADT1995": 0.0, "AADT1994": 0.0, "AADT1993": 0.0, "AADT1992": 0.0, "AADT1991": 0.0, "AADT1990": 0.0, "AADT1989": 0.0, "AADT1988": 0.0, "AADT1987": 0.0, "AADT1986": 0.0, "AADT1985": 0.0, "AADT1984": 0.0, "AADT1983": 0.0, "AADT1982": 0.0, "AADT1981": 0.0, "SUTRK2022": 0.131655724, "CUTRK2022": 0.028082732, "SUTRK2021": 0.131645511405, "CUTRK2021": 0.0280767108168, "SUTRK2020": 0.18506, "CUTRK2020": 0.038835, "SUTRK2019": 0.133558, "CUTRK2019": 0.028012, "SUTRK2018": "0.137689307", "CUTRK2018": "0.028544892", "SUTRK2017": "0.111747558", "CUTRK2017": "0.070184243", "SUTRK2016": 0.111748, "CUTRK2016": 0.070184, "SUTRK2015": "0.111747558", "CUTRK2015": "0.070184243", "SUTRK2014": "0.111747558", "CUTRK2014": "0.070184243", "SUTRK2013": "0.111747558", "CUTRK2013": "0.070184243", "SUTRK2012": 0.111748, "CUTRK2012": "0.070184243", "SUTRK2011": "0.111747558", "CUTRK2011": "0.070184243", "SUTRK2010": "0.111747558", "CUTRK2010": "0.070184243", "CCSGROUP19": "XX3", "FAC_WDAVG": 1.1568, "FAC_WEAVG": 0.6311, "FAC_WEMAX": 0.7332, "FAC_MON": 1.1071, "FAC_TUE": 1.1465, "FAC_WED": 1.1587, "FAC_THU": 1.1651, "FAC_FRI": 1.1603, "FAC_SAT": 0.7332, "FAC_SUN": 0.5291, "FAC_SPR": 1.0112, "FAC_SUM": 1.0254, "FAC_FAL": 1.0105, "FAC_WIN": 0.9529, "FAC_JAN": 0.9362, "FAC_FEB": 0.964, "FAC_MAR": 0.9953, "FAC_APR": 1.0139, "FAC_MAY": 1.0245, "FAC_JUN": 1.0357, "FAC_JUL": 1.0085, "FAC_AUG": 1.032, "FAC_SEP": 1.0208, "FAC_OCT": 1.0204, "FAC_NOV": 0.9902, "FAC_DEC": 0.9587, "FAC_MAXMO": 8, "FAC_MAX": 1.0414, "FACMANADJ": 0.0, "MODEL_ROUTE": 154, "MODEL_MP": 6.8 }, "geometry": { "type": "LineString", "coordinates": [ [ -111.984165606998701, 40.522227806402228 ], [ -111.984193006793646, 40.536905302221179 ], [ -111.984193529229046, 40.53714267873174 ], [ -111.984240047525347, 40.540344807348291 ], [ -111.984296071121989, 40.544203681510318 ] ] } },
{ "type": "Feature", "properties": { "Id": 0, "SEGID": "0154_008.3", "ROUTE": "0154", "BMP": 8.274, "EMP": 9.6, "DISTANCE": 1.32868637041, "DIRECTION": "NB/SB", "CO_FIPS": 35.0, "SUBAREAID": 1.0, "PLANAREA": "WFRC", "F2019": 52925.0, "F2023": 52500.0, "F2028": 56500.0, "F2032": 97500.0, "F2042": 103000.0, "F2050": 104000.0, "CH19TO50": 51075.0, "CH19TO23": -425.0, "CH23TO28": 4000.0, "CH28TO32": 41000.0, "CH32TO42": 5500.0, "CH42TO50": 1000.0, "AADTSTN": "035-0822", "AADT2022": 52191.0, "AADT2021": 51018.0, "AADT2020": 46045.0, "AADT2019": 52925.0, "AADT2018": 52401.0, "AADT2017": 51729.0, "AADT2016": 50369.0, "AADT2015": 48245.0, "AADT2014": 45990.0, "AADT2013": 42325.0, "AADT2012": 43270.0, "AADT2011": 45490.0, "AADT2010": 42765.0, "AADT2009": 41965.0, "AADT2008": 39375.0, "AADT2007": 44025.0, "AADT2006": 31090.0, "AADT2005": 30630.0, "AADT2004": 29490.0, "AADT2003": 28253.0, "AADT2002": 25565.0, "AADT2001": 25030.0, "AADT2000": 24785.0, "AADT1999": 24980.0, "AADT1998": 25500.0, "AADT1997": 14775.0, "AADT1996": 0.0, "AADT1995": 0.0, "AADT1994": 0.0, "AADT1993": 0.0, "AADT1992": 0.0, "AADT1991": 0.0, "AADT1990": 0.0, "AADT1989": 0.0, "AADT1988": 0.0, "AADT1987": 0.0, "AADT1986": 0.0, "AADT1985": 0.0, "AADT1984": 0.0, "AADT1983": 0.0, "AADT1982": 0.0, "AADT1981": 0.0, "SUTRK2022": 0.12707513, "CUTRK2022": 0.027078471, "SUTRK2021": 0.12707279783600001, "CUTRK2021": 0.027068877651, "SUTRK2020": 0.177927, "CUTRK2020": 0.037067, "SUTRK2019": 0.132092, "CUTRK2019": 0.027714, "SUTRK2018": "0.138751873", "CUTRK2018": "0.028486555", "SUTRK2017": "0.118539226", "CUTRK2017": "0.062313864", "SUTRK2016": 0.154601, "CUTRK2016": 0.064873, "SUTRK2015": "0.153521108", "CUTRK2015": "0.064565462", "SUTRK2014": "0.13303015", "CUTRK2014": "0.062554598", "SUTRK2013": "0.100996518", "CUTRK2013": "0.059512861", "SUTRK2012": 0.093515, "CUTRK2012": "0.058324509", "SUTRK2011": "0.093514568", "CUTRK2011": "0.058324509", "SUTRK2010": "0.101738049", "CUTRK2010": "0.057256058", "CCSGROUP19": "XX3", "FAC_WDAVG": 1.1568, "FAC_WEAVG": 0.6311, "FAC_WEMAX": 0.7332, "FAC_MON": 1.1071, "FAC_TUE": 1.1465, "FAC_WED": 1.1587, "FAC_THU": 1.1651, "FAC_FRI": 1.1603, "FAC_SAT": 0.7332, "FAC_SUN": 0.5291, "FAC_SPR": 1.0112, "FAC_SUM": 1.0254, "FAC_FAL": 1.0105, "FAC_WIN": 0.9529, "FAC_JAN": 0.9362, "FAC_FEB": 0.964, "FAC_MAR": 0.9953, "FAC_APR": 1.0139, "FAC_MAY": 1.0245, "FAC_JUN": 1.0357, "FAC_JUL": 1.0085, "FAC_AUG": 1.032, "FAC_SEP": 1.0208, "FAC_OCT": 1.0204, "FAC_NOV": 0.9902, "FAC_DEC": 0.9587, "FAC_MAXMO": 8, "FAC_MAX": 1.0414, "FACMANADJ": 0.0, "MODEL_ROUTE": 154, "MODEL_MP": 8.3 }, "geometry": { "type": "LineString", "coordinates": [ [ -111.984296071121989, 40.544203681510318 ], [ -111.984295880616642, 40.544932671480872 ], [ -111.984248429835262, 40.545321353088831 ], [ -111.98412379842506, 40.545875011925538 ], [ -111.983873521513729, 40.546606852977447 ], [ -111.98368109676079, 40.546991003495748 ], [ -111.98357174674328, 40.547209405967152 ], [ -111.983080205046207, 40.547910327441429 ], [ -111.98243054724459, 40.54861322240837 ], [ -111.981629715426337, 40.549413702110087 ], [ -111.980164213097012, 40.550799081112686 ], [ -111.979247705701852, 40.55168881146151 ], [ -111.978740507120818, 40.55222012216467 ], [ -111.977950986840852, 40.553316867905224 ], [ -111.977378365111477, 40.554548705710069 ], [ -111.977114408539222, 40.555565323284988 ], [ -111.977037103518072, 40.556665944286138 ], [ -111.977040892932706, 40.55773885283174 ], [ -111.977073877671273, 40.559925894581177 ], [ -111.977079226943317, 40.561918130308726 ] ] } },
{ "type": "Feature", "properties": { "Id": 0, "SEGID": "0154_012.9", "ROUTE": "0154", "BMP": 12.884, "EMP": 13.885, "DISTANCE": 1.0019451961600001, "DIRECTION": "NB/SB", "CO_FIPS": 35.0, "SUBAREAID": 1.0, "PLANAREA": "WFRC", "F2019": 66910.0, "F2023": 65500.0, "F2028": 68000.0, "F2032": 129000.0, "F2042": 135000.0, "F2050": 138000.0, "CH19TO50": 71090.0, "CH19TO23": -1410.0, "CH23TO28": 2500.0, "CH28TO32": 61000.0, "CH32TO42": 6000.0, "CH42TO50": 3000.0, "AADTSTN": "035-0714", "AADT2022": 59080.0, "AADT2021": 57752.0, "AADT2020": 58212.0, "AADT2019": 66910.0, "AADT2018": 54772.0, "AADT2017": 54194.0, "AADT2016": 57615.0, "AADT2015": 53410.0, "AADT2014": 54070.0, "AADT2013": 51790.0, "AADT2012": 47110.0, "AADT2011": 47250.0, "AADT2010": 48710.0, "AADT2009": 49275.0, "AADT2008": 48280.0, "AADT2007": 48470.0, "AADT2006": 46035.0, "AADT2005": 44605.0, "AADT2004": 44670.0, "AADT2003": 42570.0, "AADT2002": 46010.0, "AADT2001": 43000.0, "AADT2000": 42715.0, "AADT1999": 45960.0, "AADT1998": 44500.0, "AADT1997": 35587.0, "AADT1996": 23250.0, "AADT1995": 22665.0, "AADT1994": 19845.0, "AADT1993": 0.0, "AADT1992": 0.0, "AADT1991": 0.0, "AADT1990": 0.0, "AADT1989": 0.0, "AADT1988": 0.0, "AADT1987": 0.0, "AADT1986": 0.0, "AADT1985": 0.0, "AADT1984": 0.0, "AADT1983": 0.0, "AADT1982": 0.0, "AADT1981": 0.0, "SUTRK2022": 0.108752755, "CUTRK2022": 0.023061426, "SUTRK2021": 0.108758138246, "CUTRK2021": 0.023064136307000001, "SUTRK2020": 0.149393, "CUTRK2020": 0.029994, "SUTRK2019": 0.126226, "CUTRK2019": 0.026521, "SUTRK2018": "0.143002137", "CUTRK2018": "0.028253209", "SUTRK2017": "0.145705897", "CUTRK2017": "0.030832348", "SUTRK2016": 0.326015, "CUTRK2016": 0.04363, "SUTRK2015": "0.320615307", "CUTRK2015": "0.042090339", "SUTRK2014": "0.218160517", "CUTRK2014": "0.032036021", "SUTRK2013": "0.057992357", "CUTRK2013": "0.016827332", "SUTRK2012": 0.04221, "CUTRK2012": "0.032213952", "SUTRK2011": "0.042210135", "CUTRK2011": "0.032213952", "SUTRK2010": "0.071475216", "CUTRK2010": "0.027420664", "CCSGROUP19": "XX3", "FAC_WDAVG": 1.1568, "FAC_WEAVG": 0.6311, "FAC_WEMAX": 0.7332, "FAC_MON": 1.1071, "FAC_TUE": 1.1465, "FAC_WED": 1.1587, "FAC_THU": 1.1651, "FAC_FRI": 1.1603, "FAC_SAT": 0.7332, "FAC_SUN": 0.5291, "FAC_SPR": 1.0112, "FAC_SUM": 1.0254, "FAC_FAL": 1.0105, "FAC_WIN": 0.9529, "FAC_JAN": 0.9362, "FAC_FEB": 0.964, "FAC_MAR": 0.9953, "FAC_APR": 1.0139, "FAC_MAY": 1.0245, "FAC_JUN": 1.0357, "FAC_JUL": 1.0085, "FAC_AUG": 1.032, "FAC_SEP": 1.0208, "FAC_OCT": 1.0204, "FAC_NOV": 0.9902, "FAC_DEC": 0.9587, "FAC_MAXMO": 8, "FAC_MAX": 1.0414, "FACMANADJ": 0.0, "MODEL_ROUTE": 154, "MODEL_MP": 12.9 }, "geometry": { "type": "LineString", "coordinates": [ [ -111.976569054745084, 40.609497719085731 ], [ -111.976498531045976, 40.610840425235168 ], [ -111.976431197843638, 40.616599685086904 ], [ -111.976391929190157, 40.619959250670071 ], [ -111.976344331559559, 40.624021468338157 ] ] } },
{ "type": "Feature", "properties": { "Id": 0, "SEGID": "0154_020.0", "ROUTE": "0154", "BMP": 19.991, "EMP": 21.022, "DISTANCE": 1.02803014274, "DIRECTION": "NB/SB", "CO_FIPS": 35.0, "SUBAREAID": 1.0, "PLANAREA": "WFRC", "F2019": 38128.0, "F2023": 35500.0, "F2028": 39500.0, "F2032": 105000.0, "F2042": 118000.0, "F2050": 122000.0, "CH19TO50": 83872.0, "CH19TO23": -2628.0, "CH23TO28": 4000.0, "CH28TO32": 65500.0, "CH32TO42": 13000.0, "CH42TO50": 4000.0, "AADTSTN": "035-0712", "AADT2022": 40468.0, "AADT2021": 39558.0, "AADT2020": 33171.0, "AADT2019": 38128.0, "AADT2018": 39986.0, "AADT2017": 40172.0, "AADT2016": 39865.0, "AADT2015": 38210.0, "AADT2014": 37275.0, "AADT2013": 35735.0, "AADT2012": 33910.0, "AADT2011": 33785.0, "AADT2010": 36700.0, "AADT2009": 39180.0, "AADT2008": 39215.0, "AADT2007": 39305.0, "AADT2006": 37370.0, "AADT2005": 38195.0, "AADT2004": 39995.0, "AADT2003": 39000.0, "AADT2002": 39010.0, "AADT2001": 40295.0, "AADT2000": 40795.0, "AADT1999": 43010.0, "AADT1998": 45350.0, "AADT1997": 44905.0, "AADT1996": 40735.0, "AADT1995": 39715.0, "AADT1994": 37590.0, "AADT1993": 28375.0, "AADT1992": 19810.0, "AADT1991": 9795.0, "AADT1990": 9250.0, "AADT1989": 9070.0, "AADT1988": 8900.0, "AADT1987": 0.0, "AADT1986": 0.0, "AADT1985": 0.0, "AADT1984": 0.0, "AADT1983": 0.0, "AADT1982": 0.0, "AADT1981": 0.0, "SUTRK2022": 0.038815597, "CUTRK2022": 0.022745308, "SUTRK2021": 0.0388037817888, "CUTRK2021": 0.022751403003199999, "SUTRK2020": 0.038816, "CUTRK2020": 0.022745, "SUTRK2019": 0.038816, "CUTRK2019": 0.022745, "SUTRK2018": "0.038815597", "CUTRK2018": "0.022745308", "SUTRK2017": "0.038815597", "CUTRK2017": "0.022745308", "SUTRK2016": 0.038816, "CUTRK2016": 0.022745, "SUTRK2015": "0.038815597", "CUTRK2015": "0.022745308", "SUTRK2014": "0.038815597", "CUTRK2014": "0.022745308", "SUTRK2013": "0.038815597", "CUTRK2013": "0.022745308", "SUTRK2012": 0.038816, "CUTRK2012": "0.022745308", "SUTRK2011": "0.038815597", "CUTRK2011": "0.022745308", "SUTRK2010": "0.069600749", "CUTRK2010": "0.099013941", "CCSGROUP19": "XX3", "FAC_WDAVG": 1.1568, "FAC_WEAVG": 0.6311, "FAC_WEMAX": 0.7332, "FAC_MON": 1.1071, "FAC_TUE": 1.1465, "FAC_WED": 1.1587, "FAC_THU": 1.1651, "FAC_FRI": 1.1603, "FAC_SAT": 0.7332, "FAC_SUN": 0.5291, "FAC_SPR": 1.0112, "FAC_SUM": 1.0254, "FAC_FAL": 1.0105, "FAC_WIN": 0.9529, "FAC_JAN": 0.9362, "FAC_FEB": 0.964, "FAC_MAR": 0.9953, "FAC_APR": 1.0139, "FAC_MAY": 1.0245, "FAC_JUN": 1.0357, "FAC_JUL": 1.0085, "FAC_AUG": 1.032, "FAC_SEP": 1.0208, "FAC_OCT": 1.0204, "FAC_NOV": 0.9902, "FAC_DEC": 0.9587, "FAC_MAXMO": 8, "FAC_MAX": 1.0414, "FACMANADJ": 0.0, "MODEL_ROUTE": 154, "MODEL_MP": 20.0 }, "geometry": { "type": "LineString", "coordinates": [ [ -111.981488146282757, 40.711607256191868 ], [ -111.981731037046728, 40.711983367206145 ], [ -111.985312152907795, 40.717676847164732 ], [ -111.985443167986475, 40.717890130608922 ], [ -111.985682275329523, 40.71832770298932 ], [ -111.98588365194874, 40.718751633998757 ], [ -111.986148587380498, 40.719663191469557 ], [ -111.986240641181354, 40.720164267635326 ], [ -111.986339275429089, 40.722730842711549 ], [ -111.986332357398112, 40.722984040185011 ], [ -111.986329437156257, 40.723099013371467 ], [ -111.986309885350863, 40.723867874170026 ], [ -111.986287698993536, 40.724739003623142 ], [ -111.986295006002464, 40.725731044915378 ], [ -111.986294951448187, 40.725735369450959 ] ] } },
{ "type": "Feature", "properties": { "Id": 0, "SEGID": "0156_001.0", "ROUTE": "0156", "BMP": 0.98, "EMP": 1.17, "DISTANCE": 0.19040741841700001, "DIRECTION": "NB/SB", "CO_FIPS": 49.0, "SUBAREAID": 1.0, "PLANAREA": "MAG", "F2019": 30248.0, "F2023": 32500.0, "F2028": 35000.0, "F2032": 39500.0, "F2042": 36000.0, "F2050": 36000.0, "CH19TO50": 5752.0, "CH19TO23": 2252.0, "CH23TO28": 2500.0, "CH28TO32": 4500.0, "CH32TO42": -3500.0, "CH42TO50": 0.0, "AADTSTN": "049-0820", "AADT2022": 29829.0, "AADT2021": 29158.0, "AADT2020": 26316.0, "AADT2019": 30248.0, "AADT2018": 29949.0, "AADT2017": 29565.0, "AADT2016": 28788.0, "AADT2015": 27575.0, "AADT2014": 26285.0, "AADT2013": 25180.0, "AADT2012": 24540.0, "AADT2011": 24615.0, "AADT2010": 25350.0, "AADT2009": 26460.0, "AADT2008": 26275.0, "AADT2007": 27310.0, "AADT2006": 26935.0, "AADT2005": 26535.0, "AADT2004": 26570.0, "AADT2003": 26925.0, "AADT2002": 27415.0, "AADT2001": 25685.0, "AADT2000": 26225.0, "AADT1999": 25960.0, "AADT1998": 23995.0, "AADT1997": 23710.0, "AADT1996": 23160.0, "AADT1995": 22925.0, "AADT1994": 22100.0, "AADT1993": 15135.0, "AADT1992": 15000.0, "AADT1991": 15700.0, "AADT1990": 15740.0, "AADT1989": 15390.0, "AADT1988": 16205.0, "AADT1987": 16400.0, "AADT1986": 16275.0, "AADT1985": 16150.0, "AADT1984": 16000.0, "AADT1983": 15800.0, "AADT1982": 15800.0, "AADT1981": 15700.0, "SUTRK2022": 0.095193768, "CUTRK2022": 0.021207998, "SUTRK2021": 0.095205432471399995, "CUTRK2021": 0.021194869332600001, "SUTRK2020": 0.0513, "CUTRK2020": 0.2094, "SUTRK2019": 0.0513, "CUTRK2019": 0.2094, "SUTRK2018": "0.0513", "CUTRK2018": "0.2094", "SUTRK2017": "0.0513", "CUTRK2017": "0.2094", "SUTRK2016": 0.0513, "CUTRK2016": 0.2094, "SUTRK2015": "0.0513", "CUTRK2015": "0.2094", "SUTRK2014": "0.0513", "CUTRK2014": "0.2094", "SUTRK2013": "0.0513", "CUTRK2013": "0.2094", "SUTRK2012": 0.0513, "CUTRK2012": "0.2094", "SUTRK2011": "0.0513", "CUTRK2011": "0.2094", "SUTRK2010": "0.0513", "CUTRK2010": "0.2094", "CCSGROUP19": "COU", "FAC_WDAVG": 1.0946, "FAC_WEAVG": 0.7583, "FAC_WEMAX": 0.8873, "FAC_MON": 1.0545, "FAC_TUE": 1.0851, "FAC_WED": 1.0925, "FAC_THU": 1.1063, "FAC_FRI": 1.145, "FAC_SAT": 0.8873, "FAC_SUN": 0.6293, "FAC_SPR": 1.0117, "FAC_SUM": 1.0135, "FAC_FAL": 1.0095, "FAC_WIN": 0.9653, "FAC_JAN": 0.9346, "FAC_FEB": 0.9705, "FAC_MAR": 0.9965, "FAC_APR": 1.0142, "FAC_MAY": 1.0245, "FAC_JUN": 1.0222, "FAC_JUL": 0.996, "FAC_AUG": 1.0223, "FAC_SEP": 1.0238, "FAC_OCT": 1.0103, "FAC_NOV": 0.9944, "FAC_DEC": 0.9907, "FAC_MAXMO": 5, "FAC_MAX": 1.0245, "FACMANADJ": 0.0, "MODEL_ROUTE": 156, "MODEL_MP": 1.0 }, "geometry": { "type": "LineString", "coordinates": [ [ -111.654695282855698, 40.120151279991411 ], [ -111.654682653018909, 40.121416105616774 ], [ -111.654670126466826, 40.122911934000577 ] ] } },
{ "type": "Feature", "properties": { "Id": 0, "SEGID": "0171_008.8", "ROUTE": "0171", "BMP": 8.76, "EMP": 9.222, "DISTANCE": 0.46249164640899998, "DIRECTION": "EB/WB", "CO_FIPS": 35.0, "SUBAREAID": 1.0, "PLANAREA": "WFRC", "F2019": 31535.0, "F2023": 32500.0, "F2028": 32500.0, "F2032": 34500.0, "F2042": 34500.0, "F2050": 35500.0, "CH19TO50": 3965.0, "CH19TO23": 965.0, "CH23TO28": 0.0, "CH28TO32": 2000.0, "CH32TO42": 0.0, "CH42TO50": 1000.0, "AADTSTN": "035-0761", "AADT2022": 29230.0, "AADT2021": 30041.0, "AADT2020": 27719.0, "AADT2019": 31535.0, "AADT2018": 31882.0, "AADT2017": 32877.0, "AADT2016": 32011.0, "AADT2015": 30440.0, "AADT2014": 29045.0, "AADT2013": 27955.0, "AADT2012": 28920.0, "AADT2011": 29190.0, "AADT2010": 28915.0, "AADT2009": 27195.0, "AADT2008": 27460.0, "AADT2007": 34250.0, "AADT2006": 35835.0, "AADT2005": 35395.0, "AADT2004": 33565.0, "AADT2003": 32055.0, "AADT2002": 29650.0, "AADT2001": 26875.0, "AADT2000": 48825.0, "AADT1999": 42190.0, "AADT1998": 37655.0, "AADT1997": 33960.0, "AADT1996": 39500.0, "AADT1995": 41625.0, "AADT1994": 41625.0, "AADT1993": 40010.0, "AADT1992": 39340.0, "AADT1991": 39345.0, "AADT1990": 40695.0, "AADT1989": 40095.0, "AADT1988": 40500.0, "AADT1987": 40610.0, "AADT1986": 37050.0, "AADT1985": 34050.0, "AADT1984": 33625.0, "AADT1983": 31800.0, "AADT1982": 30300.0, "AADT1981": 30800.0, "SUTRK2022": 0.093048985, "CUTRK2022": 0.021769711, "SUTRK2021": 0.093039512665999996, "CUTRK2021": 0.021770247328700001, "SUTRK2020": 0.093998, "CUTRK2020": 0.023758, "SUTRK2019": 0.096273, "CUTRK2019": 0.026699, "SUTRK2018": "0.095146372", "CUTRK2018": "0.028040201", "SUTRK2017": "0.086557636", "CUTRK2017": "0.023868355", "SUTRK2016": 0.225926, "CUTRK2016": 0.033997, "SUTRK2015": "0.220879864", "CUTRK2015": "0.034272936", "SUTRK2014": "0.216917715", "CUTRK2014": "0.032388433", "SUTRK2013": "0.236792294", "CUTRK2013": "0.033941616", "SUTRK2012": 0.214582, "CUTRK2012": "0.032947019", "SUTRK2011": "0.150063297", "CUTRK2011": "0.064616413", "SUTRK2010": "0.150063297", "CUTRK2010": "0.064616413", "CCSGROUP19": "COU", "FAC_WDAVG": 1.0946, "FAC_WEAVG": 0.7583, "FAC_WEMAX": 0.8873, "FAC_MON": 1.0545, "FAC_TUE": 1.0851, "FAC_WED": 1.0925, "FAC_THU": 1.1063, "FAC_FRI": 1.145, "FAC_SAT": 0.8873, "FAC_SUN": 0.6293, "FAC_SPR": 1.0117, "FAC_SUM": 1.0135, "FAC_FAL": 1.0095, "FAC_WIN": 0.9653, "FAC_JAN": 0.9346, "FAC_FEB": 0.9705, "FAC_MAR": 0.9965, "FAC_APR": 1.0142, "FAC_MAY": 1.0245, "FAC_JUN": 1.0222, "FAC_JUL": 0.996, "FAC_AUG": 1.0223, "FAC_SEP": 1.0238, "FAC_OCT": 1.0103, "FAC_NOV": 0.9944, "FAC_DEC": 0.9907, "FAC_MAXMO": 5, "FAC_MAX": 1.0245, "FACMANADJ": 0.0, "MODEL_ROUTE": 171, "MODEL_MP": 8.8 }, "geometry": { "type": "LineString", "coordinates": [ [ -111.925749582708917, 40.699419201108952 ], [ -111.925074015268834, 40.699440833067854 ], [ -111.922604636624826, 40.699420960920797 ], [ -111.921213958077118, 40.699429366387669 ], [ -111.919825410449548, 40.699420621888081 ], [ -111.916940836883924, 40.699420152049633 ] ] } },
{ "type": "Feature", "properties": { "Id": 0, "SEGID": "0173_007.7", "ROUTE": "0173", "BMP": 7.743, "EMP": 8.777, "DISTANCE": 1.0318651189800001, "DIRECTION": "EB/WB", "CO_FIPS": 35.0, "SUBAREAID": 1.0, "PLANAREA": "WFRC", "F2019": 29328.0, "F2023": 25000.0, "F2028": 26000.0, "F2032": 27500.0, "F2042": 28500.0, "F2050": 30000.0, "CH19TO50": 672.0, "CH19TO23": -4328.0, "CH23TO28": 1000.0, "CH28TO32": 1500.0, "CH32TO42": 1000.0, "CH42TO50": 1500.0, "AADTSTN": "035-0881", "AADT2022": 28294.0, "AADT2021": 28379.0, "AADT2020": 27011.0, "AADT2019": 29328.0, "AADT2018": 28510.0, "AADT2017": 29744.0, "AADT2016": 28787.0, "AADT2015": 26290.0, "AADT2014": 27735.0, "AADT2013": 25870.0, "AADT2012": 26360.0, "AADT2011": 27405.0, "AADT2010": 28240.0, "AADT2009": 28805.0, "AADT2008": 28410.0, "AADT2007": 29780.0, "AADT2006": 29090.0, "AADT2005": 28110.0, "AADT2004": 28625.0, "AADT2003": 29195.0, "AADT2002": 27505.0, "AADT2001": 28335.0, "AADT2000": 26335.0, "AADT1999": 28640.0, "AADT1998": 29695.0, "AADT1997": 30535.0, "AADT1996": 29795.0, "AADT1995": 25615.0, "AADT1994": 22445.0, "AADT1993": 24455.0, "AADT1992": 25415.0, "AADT1991": 22660.0, "AADT1990": 22540.0, "AADT1989": 23455.0, "AADT1988": 23960.0, "AADT1987": 24490.0, "AADT1986": 25090.0, "AADT1985": 22940.0, "AADT1984": 22000.0, "AADT1983": 21100.0, "AADT1982": 19775.0, "AADT1981": 19300.0, "SUTRK2022": 0.060159394, "CUTRK2022": 0.012483865, "SUTRK2021": 0.060150110997600002, "CUTRK2021": 0.012474012474, "SUTRK2020": 0.062264, "CUTRK2020": 0.013531, "SUTRK2019": 0.057991, "CUTRK2019": 0.014986, "SUTRK2018": "0.055503768", "CUTRK2018": "0.014563669", "SUTRK2017": "0.054255129", "CUTRK2017": "0.01482265", "SUTRK2016": 0.148047, "CUTRK2016": 0.022072, "SUTRK2015": "0.145738999", "CUTRK2015": "0.021782106", "SUTRK2014": "0.14234205", "CUTRK2014": "0.019682236", "SUTRK2013": "0.138957546", "CUTRK2013": "0.02669689", "SUTRK2012": 0.10713, "CUTRK2012": "0.022965846", "SUTRK2011": "0.06493845", "CUTRK2011": "0.015630813", "SUTRK2010": "0.069081346", "CUTRK2010": "0.013548137", "CCSGROUP19": "COT", "FAC_WDAVG": 1.0924, "FAC_WEAVG": 0.7653, "FAC_WEMAX": 0.9245, "FAC_MON": 1.0506, "FAC_TUE": 1.0813, "FAC_WED": 1.0887, "FAC_THU": 1.1071, "FAC_FRI": 1.1418, "FAC_SAT": 0.9245, "FAC_SUN": 0.6061, "FAC_SPR": 1.0104, "FAC_SUM": 1.0283, "FAC_FAL": 1.0243, "FAC_WIN": 0.937, "FAC_JAN": 0.9024, "FAC_FEB": 0.9471, "FAC_MAR": 0.9888, "FAC_APR": 1.0146, "FAC_MAY": 1.0278, "FAC_JUN": 1.0352, "FAC_JUL": 1.01, "FAC_AUG": 1.0396, "FAC_SEP": 1.0434, "FAC_OCT": 1.0358, "FAC_NOV": 0.9936, "FAC_DEC": 0.9616, "FAC_MAXMO": 9, "FAC_MAX": 1.0434, "FACMANADJ": 0.0, "MODEL_ROUTE": 173, "MODEL_MP": 7.7 }, "geometry": { "type": "LineString", "coordinates": [ [ -111.92981416334986, 40.653007691709689 ], [ -111.929313968076642, 40.653018025361362 ], [ -111.925939642732573, 40.653039734001489 ], [ -111.924696459510983, 40.653037987329881 ], [ -111.923457357898457, 40.65304916701983 ], [ -111.923012412991397, 40.653060472775699 ], [ -111.922130868672454, 40.653036347877517 ], [ -111.922094187466371, 40.653035379665347 ], [ -111.918181439586675, 40.653040441076207 ], [ -111.915894097580349, 40.653059511675337 ], [ -111.914389742984966, 40.653075040413384 ], [ -111.913752205757646, 40.65311053748767 ], [ -111.913615573118648, 40.653118105076004 ], [ -111.912950653559847, 40.653192731637169 ], [ -111.912365244143388, 40.653286544969887 ], [ -111.911794246373233, 40.653396457016669 ], [ -111.910278927305257, 40.653737229778535 ] ] } },
{ "type": "Feature", "properties": { "Id": 0, "SEGID": "0186_006.0", "ROUTE": "0186", "BMP": 6.036, "EMP": 6.398, "DISTANCE": 0.36372872057400002, "DIRECTION": "NB/SB", "CO_FIPS": 35.0, "SUBAREAID": 1.0, "PLANAREA": "WFRC", "F2019": 47874.0, "F2023": 49000.0, "F2028": 51000.0, "F2032": 52500.0, "F2042": 55000.0, "F2050": 57500.0, "CH19TO50": 9626.0, "CH19TO23": 1126.0, "CH23TO28": 2000.0, "CH28TO32": 1500.0, "CH32TO42": 2500.0, "CH42TO50": 2500.0, "AADTSTN": "035-1035", "AADT2022": 42133.0, "AADT2021": 41307.0, "AADT2020": 36815.0, "AADT2019": 47874.0, "AADT2018": 45180.0, "AADT2017": 43806.0, "AADT2016": 41751.0, "AADT2015": 43220.0, "AADT2014": 43700.0, "AADT2013": 44095.0, "AADT2012": 45340.0, "AADT2011": 44165.0, "AADT2010": 44480.0, "AADT2009": 45585.0, "AADT2008": 44900.0, "AADT2007": 45305.0, "AADT2006": 45280.0, "AADT2005": 45625.0, "AADT2004": 45275.0, "AADT2003": 45870.0, "AADT2002": 45715.0, "AADT2001": 46930.0, "AADT2000": 47565.0, "AADT1999": 50625.0, "AADT1998": 50680.0, "AADT1997": 47855.0, "AADT1996": 44595.0, "AADT1995": 46475.0, "AADT1994": 45910.0, "AADT1993": 45440.0, "AADT1992": 44690.0, "AADT1991": 43480.0, "AADT1990": 41740.0, "AADT1989": 38955.0, "AADT1988": 38400.0, "AADT1987": 38460.0, "AADT1986": 35690.0, "AADT1985": 33670.0, "AADT1984": 32085.0, "AADT1983": 31195.0, "AADT1982": 29350.0, "AADT1981": 27460.0, "SUTRK2022": 0.102271639, "CUTRK2022": 0.021622173, "SUTRK2021": 0.102282906045, "CUTRK2021": 0.021618611857600001, "SUTRK2020": 0.07941, "CUTRK2020": 0.017, "SUTRK2019": 0.083836, "CUTRK2019": 0.021138, "SUTRK2018": "0.061462893", "CUTRK2018": "0.015365705", "SUTRK2017": "0.059421486", "CUTRK2017": "0.01429057", "SUTRK2016": 0.153293, "CUTRK2016": 0.020576, "SUTRK2015": "0.162125018", "CUTRK2015": "0.022076643", "SUTRK2014": "0.140104111", "CUTRK2014": "0.024590699", "SUTRK2013": "0.052061575", "CUTRK2013": "0.025111448", "SUTRK2012": 0.061842, "CUTRK2012": "0.066422343", "SUTRK2011": "0.061841627", "CUTRK2011": "0.066422343", "SUTRK2010": "0.061841627", "CUTRK2010": "0.066422343", "CCSGROUP19": "COT", "FAC_WDAVG": 1.0924, "FAC_WEAVG": 0.7653, "FAC_WEMAX": 0.9245, "FAC_MON": 1.0506, "FAC_TUE": 1.0813, "FAC_WED": 1.0887, "FAC_THU": 1.1071, "FAC_FRI": 1.1418, "FAC_SAT": 0.9245, "FAC_SUN": 0.6061, "FAC_SPR": 1.0104, "FAC_SUM": 1.0283, "FAC_FAL": 1.0243, "FAC_WIN": 0.937, "FAC_JAN": 0.9024, "FAC_FEB": 0.9471, "FAC_MAR": 0.9888, "FAC_APR": 1.0146, "FAC_MAY": 1.0278, "FAC_JUN": 1.0352, "FAC_JUL": 1.01, "FAC_AUG": 1.0396, "FAC_SEP": 1.0434, "FAC_OCT": 1.0358, "FAC_NOV": 0.9936, "FAC_DEC": 0.9616, "FAC_MAXMO": 9, "FAC_MAX": 1.0434, "FACMANADJ": 0.0, "MODEL_ROUTE": 186, "MODEL_MP": 6.0 }, "geometry": { "type": "LineString", "coordinates": [ [ -111.830323520451842, 40.745495093364191 ], [ -111.830421676389307, 40.745692033508519 ], [ -111.830471276083728, 40.74589905219694 ], [ -111.83060854493246, 40.746602348575863 ], [ -111.830687343094397, 40.747756220157385 ], [ -111.830681898662093, 40.748746292907448 ], [ -111.830677432873969, 40.749624653139868 ], [ -111.830677306455044, 40.749804823897243 ], [ -111.830671199771487, 40.750741751189359 ] ] } },
{ "type": "Feature", "properties": { "Id": 0, "SEGID": "0189_002.7", "ROUTE": "0189", "BMP": 2.644, "EMP": 2.906, "DISTANCE": 0.26217019146100001, "DIRECTION": "NB/SB", "CO_FIPS": 49.0, "SUBAREAID": 1.0, "PLANAREA": "MAG", "F2019": 41201.0, "F2023": 41000.0, "F2028": 41500.0, "F2032": 43000.0, "F2042": 49500.0, "F2050": 50500.0, "CH19TO50": 9299.0, "CH19TO23": -201.0, "CH23TO28": 500.0, "CH28TO32": 1500.0, "CH32TO42": 6500.0, "CH42TO50": 1000.0, "AADTSTN": "049-0885", "AADT2022": 37880.0, "AADT2021": 37247.0, "AADT2020": 34362.0, "AADT2019": 41201.0, "AADT2018": 43553.0, "AADT2017": 44171.0, "AADT2016": 43951.0, "AADT2015": 42340.0, "AADT2014": 40365.0, "AADT2013": 38260.0, "AADT2012": 39855.0, "AADT2011": 33235.0, "AADT2010": 34230.0, "AADT2009": 33860.0, "AADT2008": 33625.0, "AADT2007": 35170.0, "AADT2006": 35455.0, "AADT2005": 42560.0, "AADT2004": 42760.0, "AADT2003": 42975.0, "AADT2002": 45030.0, "AADT2001": 46060.0, "AADT2000": 45756.0, "AADT1999": 43665.0, "AADT1998": 37331.0, "AADT1997": 37900.0, "AADT1996": 37020.0, "AADT1995": 39820.0, "AADT1994": 39820.0, "AADT1993": 37945.0, "AADT1992": 37070.0, "AADT1991": 32235.0, "AADT1990": 32320.0, "AADT1989": 31625.0, "AADT1988": 31030.0, "AADT1987": 30900.0, "AADT1986": 30350.0, "AADT1985": 30100.0, "AADT1984": 29675.0, "AADT1983": 26750.0, "AADT1982": 26450.0, "AADT1981": 26325.0, "SUTRK2022": 0.04848535, "CUTRK2022": 0.018372568, "SUTRK2021": 0.04848712648, "CUTRK2021": 0.018363895078799999, "SUTRK2020": 0.045881, "CUTRK2020": 0.018642, "SUTRK2019": 0.024991, "CUTRK2019": 0.013053, "SUTRK2018": "0.392193707", "CUTRK2018": "0.05833853", "SUTRK2017": "0.390042628", "CUTRK2017": "0.058446543", "SUTRK2016": 0.392973, "CUTRK2016": 0.050283, "SUTRK2015": "0.37493954", "CUTRK2015": "0.043825991", "SUTRK2014": "0.37590457", "CUTRK2014": "0.044219822", "SUTRK2013": "0.373933629", "CUTRK2013": "0.044400381", "SUTRK2012": 0.187421, "CUTRK2012": "0.028628215", "SUTRK2011": "0.038684602", "CUTRK2011": "0.031267168", "SUTRK2010": "0.044109711", "CUTRK2010": "0.033239788", "CCSGROUP19": "COU", "FAC_WDAVG": 1.0946, "FAC_WEAVG": 0.7583, "FAC_WEMAX": 0.8873, "FAC_MON": 1.0545, "FAC_TUE": 1.0851, "FAC_WED": 1.0925, "FAC_THU": 1.1063, "FAC_FRI": 1.145, "FAC_SAT": 0.8873, "FAC_SUN": 0.6293, "FAC_SPR": 1.0117, "FAC_SUM": 1.0135, "FAC_FAL": 1.0095, "FAC_WIN": 0.9653, "FAC_JAN": 0.9346, "FAC_FEB": 0.9705, "FAC_MAR": 0.9965, "FAC_APR": 1.0142, "FAC_MAY": 1.0245, "FAC_JUN": 1.0222, "FAC_JUL": 0.996, "FAC_AUG": 1.0223, "FAC_SEP": 1.0238, "FAC_OCT": 1.0103, "FAC_NOV": 0.9944, "FAC_DEC": 0.9907, "FAC_MAXMO": 5, "FAC_MAX": 1.0245, "FACMANADJ": 0.0, "MODEL_ROUTE": 189, "MODEL_MP": 2.7 }, "geometry": { "type": "LineString", "coordinates": [ [ -111.658617103324417, 40.248144597193289 ], [ -111.658616703944176, 40.247860806278638 ], [ -111.658625492389973, 40.246584137232922 ], [ -111.658632681276472, 40.245748933263854 ], [ -111.658632870204443, 40.245647126973928 ], [ -111.658627289068477, 40.244343511258819 ] ] } },
{ "type": "Feature", "properties": { "Id": 0, "SEGID": "0189_004.0", "ROUTE": "0189", "BMP": 3.955, "EMP": 5.307, "DISTANCE": 1.35551324736, "DIRECTION": "NB/SB", "CO_FIPS": 49.0, "SUBAREAID": 1.0, "PLANAREA": "MAG", "F2019": 33154.0, "F2023": 34000.0, "F2028": 35000.0, "F2032": 36000.0, "F2042": 38000.0, "F2050": 38000.0, "CH19TO50": 4846.0, "CH19TO23": 846.0, "CH23TO28": 1000.0, "CH28TO32": 1000.0, "CH32TO42": 2000.0, "CH42TO50": 0.0, "AADTSTN": "049-0901", "AADT2022": 31878.0, "AADT2021": 31438.0, "AADT2020": 27650.0, "AADT2019": 33154.0, "AADT2018": 35047.0, "AADT2017": 35545.0, "AADT2016": 35368.0, "AADT2015": 34075.0, "AADT2014": 32480.0, "AADT2013": 30790.0, "AADT2012": 27040.0, "AADT2011": 27965.0, "AADT2010": 28800.0, "AADT2009": 28485.0, "AADT2008": 28290.0, "AADT2007": 26025.0, "AADT2006": 26235.0, "AADT2005": 35990.0, "AADT2004": 36160.0, "AADT2003": 36335.0, "AADT2002": 38070.0, "AADT2001": 38942.0, "AADT2000": 38710.0, "AADT1999": 39015.0, "AADT1998": 36060.0, "AADT1997": 35635.0, "AADT1996": 34805.0, "AADT1995": 34440.0, "AADT1994": 32800.0, "AADT1993": 25335.0, "AADT1992": 24750.0, "AADT1991": 22500.0, "AADT1990": 19425.0, "AADT1989": 19045.0, "AADT1988": 18685.0, "AADT1987": 15580.0, "AADT1986": 15275.0, "AADT1985": 15165.0, "AADT1984": 15000.0, "AADT1983": 14750.0, "AADT1982": 14575.0, "AADT1981": 14500.0, "SUTRK2022": 0.033265963, "CUTRK2022": 0.014669359, "SUTRK2021": 0.033271836630800002, "CUTRK2021": 0.0146637826834, "SUTRK2020": 0.030057, "CUTRK2020": 0.015592, "SUTRK2019": 0.024991, "CUTRK2019": 0.013053, "SUTRK2018": "0.392193707", "CUTRK2018": "0.05833853", "SUTRK2017": "0.390042628", "CUTRK2017": "0.058446543", "SUTRK2016": 0.392973, "CUTRK2016": 0.050283, "SUTRK2015": "0.37493954", "CUTRK2015": "0.043825991", "SUTRK2014": "0.37590457", "CUTRK2014": "0.044219822", "SUTRK2013": "0.373933629", "CUTRK2013": "0.044400381", "SUTRK2012": 0.187421, "CUTRK2012": "0.028628215", "SUTRK2011": "0.038684602", "CUTRK2011": "0.031267168", "SUTRK2010": "0.04000197", "CUTRK2010": "0.036023918", "CCSGROUP19": "COT", "FAC_WDAVG": 1.0924, "FAC_WEAVG": 0.7653, "FAC_WEMAX": 0.9245, "FAC_MON": 1.0506, "FAC_TUE": 1.0813, "FAC_WED": 1.0887, "FAC_THU": 1.1071, "FAC_FRI": 1.1418, "FAC_SAT": 0.9245, "FAC_SUN": 0.6061, "FAC_SPR": 1.0104, "FAC_SUM": 1.0283, "FAC_FAL": 1.0243, "FAC_WIN": 0.937, "FAC_JAN": 0.9024, "FAC_FEB": 0.9471, "FAC_MAR": 0.9888, "FAC_APR": 1.0146, "FAC_MAY": 1.0278, "FAC_JUN": 1.0352, "FAC_JUL": 1.01, "FAC_AUG": 1.0396, "FAC_SEP": 1.0434, "FAC_OCT": 1.0358, "FAC_NOV": 0.9936, "FAC_DEC": 0.9616, "FAC_MAXMO": 9, "FAC_MAX": 1.0434, "FACMANADJ": 0.0, "MODEL_ROUTE": 189, "MODEL_MP": 4.0 }, "geometry": { "type": "LineString", "coordinates": [ [ -111.658479565847642, 40.282839020464728 ], [ -111.658352278814704, 40.282050532170935 ], [ -111.658149626123205, 40.28065921105479 ], [ -111.658019001200643, 40.279719745547666 ], [ -111.657980576102915, 40.279432748193258 ], [ -111.657852810606485, 40.278654261874799 ], [ -111.657672409512827, 40.277396330140753 ], [ -111.65742571119975, 40.274903601399892 ], [ -111.657366945513076, 40.274361846393823 ], [ -111.657359536595791, 40.274301255969846 ], [ -111.65735672307099, 40.274277937895079 ], [ -111.657305726368449, 40.273991732174522 ], [ -111.657270402074971, 40.273744898099949 ], [ -111.657224717365409, 40.2734119940339 ], [ -111.657096751723202, 40.272489178326047 ], [ -111.657023709027385, 40.271893628398715 ], [ -111.65696021050195, 40.271068827791723 ], [ -111.656957486889112, 40.270495762126394 ], [ -111.656939320084021, 40.270247118642317 ], [ -111.657015458205009, 40.269388641276464 ], [ -111.657081487695692, 40.268919783088478 ], [ -111.657121776461594, 40.268707835911243 ], [ -111.657296817849812, 40.26807979498728 ], [ -111.657587432878742, 40.267120455958448 ], [ -111.657667902457703, 40.266807376105845 ], [ -111.658385676052859, 40.264297809112648 ], [ -111.658481597625965, 40.263881033689529 ], [ -111.658558943616967, 40.263367964298034 ] ] } },
{ "type": "Feature", "properties": { "Id": 0, "SEGID": "0189_013.1", "ROUTE": "0189", "BMP": 13.127, "EMP": 14.3, "DISTANCE": 1.1619851971199999, "DIRECTION": "EB/WB", "CO_FIPS": 49.0, "SUBAREAID": 1.0, "PLANAREA": "MAG", "F2019": 18730.0, "F2023": 19500.0, "F2028": 20500.0, "F2032": 21500.0, "F2042": 23500.0, "F2050": 25500.0, "CH19TO50": 6770.0, "CH19TO23": 770.0, "CH23TO28": 1000.0, "CH28TO32": 1000.0, "CH32TO42": 2000.0, "CH42TO50": 2000.0, "AADTSTN": "049-0930", "AADT2022": 20950.0, "AADT2021": 20825.0, "AADT2020": 18730.0, "AADT2019": 18730.0, "AADT2018": 18280.0, "AADT2017": 17686.0, "AADT2016": 17227.0, "AADT2015": 15970.0, "AADT2014": 14700.0, "AADT2013": 13500.0, "AADT2012": 12220.0, "AADT2011": 12725.0, "AADT2010": 12965.0, "AADT2009": 12825.0, "AADT2008": 12610.0, "AADT2007": 12490.0, "AADT2006": 11920.0, "AADT2005": 13140.0, "AADT2004": 11625.0, "AADT2003": 11565.0, "AADT2002": 11670.0, "AADT2001": 12160.0, "AADT2000": 11460.0, "AADT1999": 10592.0, "AADT1998": 9918.0, "AADT1997": 9630.0, "AADT1996": 9990.0, "AADT1995": 9135.0, "AADT1994": 8840.0, "AADT1993": 8175.0, "AADT1992": 7775.0, "AADT1991": 7190.0, "AADT1990": 6950.0, "AADT1989": 6645.0, "AADT1988": 6480.0, "AADT1987": 6155.0, "AADT1986": 5635.0, "AADT1985": 5570.0, "AADT1984": 5750.0, "AADT1983": 5715.0, "AADT1982": 5565.0, "AADT1981": 5450.0, "SUTRK2022": 0.269296883, "CUTRK2022": 0.078297889, "SUTRK2021": 0.26929171668700003, "CUTRK2021": 0.078319327731099994, "SUTRK2020": 0.2907, "CUTRK2020": 0.090301, "SUTRK2019": 0.23703, "CUTRK2019": 0.072078, "SUTRK2018": "0.245987207", "CUTRK2018": "0.075284292", "SUTRK2017": "0.234850189", "CUTRK2017": "0.078411873", "SUTRK2016": 0.272719, "CUTRK2016": 0.068149, "SUTRK2015": "0.370951938", "CUTRK2015": "0.080906178", "SUTRK2014": "0.378152061", "CUTRK2014": "0.084821997", "SUTRK2013": "0.379713382", "CUTRK2013": "0.082499926", "SUTRK2012": 0.259593, "CUTRK2012": "0.065086738", "SUTRK2011": "0.232993003", "CUTRK2011": "0.062675771", "SUTRK2010": "0.378912007", "CUTRK2010": "0.080706155", "CCSGROUP19": "COR", "FAC_WDAVG": 1.012, "FAC_WEAVG": 0.9099, "FAC_WEMAX": 1.1048, "FAC_MON": 0.9692, "FAC_TUE": 0.9884, "FAC_WED": 1.0049, "FAC_THU": 1.0427, "FAC_FRI": 1.175, "FAC_SAT": 1.1048, "FAC_SUN": 0.7149, "FAC_SPR": 0.9654, "FAC_SUM": 1.1318, "FAC_FAL": 1.0162, "FAC_WIN": 0.8866, "FAC_JAN": 0.8523, "FAC_FEB": 0.8836, "FAC_MAR": 0.9227, "FAC_APR": 0.9554, "FAC_MAY": 1.0181, "FAC_JUN": 1.1022, "FAC_JUL": 1.1474, "FAC_AUG": 1.1458, "FAC_SEP": 1.0758, "FAC_OCT": 1.0377, "FAC_NOV": 0.9351, "FAC_DEC": 0.9239, "FAC_MAXMO": 7, "FAC_MAX": 1.1474, "FACMANADJ": 0.0, "MODEL_ROUTE": 189, "MODEL_MP": 13.1 }, "geometry": { "type": "LineString", "coordinates": [ [ -111.555603479536543, 40.365607279796322 ], [ -111.555816177109989, 40.365304540281421 ], [ -111.556087442471068, 40.364991518602935 ], [ -111.55630045543117, 40.364827878489081 ], [ -111.556562193218966, 40.364645714886606 ], [ -111.556787583062018, 40.364512195088501 ], [ -111.557082887341366, 40.364373202902627 ], [ -111.557528039877511, 40.364238532905432 ], [ -111.558096659371671, 40.364108400756422 ], [ -111.558861057273489, 40.363911102515829 ], [ -111.559308684584721, 40.363777404724061 ], [ -111.55960283698181, 40.363642555903702 ], [ -111.559889754723699, 40.363430622718461 ], [ -111.560196606810152, 40.363208321800371 ], [ -111.561068753457306, 40.362627596624094 ], [ -111.562167889629933, 40.361812333787704 ], [ -111.562914548820515, 40.361384369670859 ], [ -111.56355239499895, 40.361043419148409 ], [ -111.564761899072721, 40.360617691710843 ], [ -111.565191398773493, 40.360432707291501 ], [ -111.565670079317414, 40.360214146770197 ], [ -111.566466273282813, 40.359799431238315 ], [ -111.567213411595617, 40.359434501335379 ], [ -111.56808265450104, 40.359124013133901 ], [ -111.568691654224608, 40.35891561103017 ], [ -111.569140053582842, 40.358725924340185 ], [ -111.56939534555876, 40.358554394217563 ], [ -111.569841065054419, 40.358200840816437 ], [ -111.570360120877069, 40.357788094075872 ], [ -111.570973648113892, 40.357322985756056 ], [ -111.571674731048404, 40.356893388157047 ], [ -111.572129402889388, 40.356696001055163 ], [ -111.572651835118876, 40.356559989696578 ], [ -111.573161331039884, 40.356495843347048 ], [ -111.57357617228628, 40.356449011344438 ] ] } },
{ "type": "Feature", "properties": { "Id": 0, "SEGID": "0190_001.8", "ROUTE": "0190", "BMP": 1.83, "EMP": 4.673, "DISTANCE": 2.82491938, "DIRECTION": "EB/WB", "CO_FIPS": 35.0, "SUBAREAID": 1.0, "PLANAREA": "WFRC", "F2019": 6613.0, "F2023": 6800.0, "F2028": 6900.0, "F2032": 7000.0, "F2042": 7000.0, "F2050": 7100.0, "CH19TO50": 487.0, "CH19TO23": 187.0, "CH23TO28": 100.0, "CH28TO32": 100.0, "CH32TO42": 0.0, "CH42TO50": 100.0, "AADTSTN": "035-1055", "AADT2022": 8379.0, "AADT2021": 8034.0, "AADT2020": 7883.0, "AADT2019": 6613.0, "AADT2018": 6205.0, "AADT2017": 5715.0, "AADT2016": 5631.0, "AADT2015": 5160.0, "AADT2014": 4500.0, "AADT2013": 4170.0, "AADT2012": 4045.0, "AADT2011": 3840.0, "AADT2010": 4080.0, "AADT2009": 4035.0, "AADT2008": 4040.0, "AADT2007": 4255.0, "AADT2006": 4570.0, "AADT2005": 4145.0, "AADT2004": 4555.0, "AADT2003": 4533.0, "AADT2002": 4533.0, "AADT2001": 4772.0, "AADT2000": 4971.0, "AADT1999": 4864.0, "AADT1998": 4723.0, "AADT1997": 4820.0, "AADT1996": 4820.0, "AADT1995": 4560.0, "AADT1994": 4575.0, "AADT1993": 4385.0, "AADT1992": 4320.0, "AADT1991": 4100.0, "AADT1990": 3900.0, "AADT1989": 3725.0, "AADT1988": 4280.0, "AADT1987": 3725.0, "AADT1986": 0.0, "AADT1985": 0.0, "AADT1984": 0.0, "AADT1983": 0.0, "AADT1982": 0.0, "AADT1981": 0.0, "SUTRK2022": 0.115728113, "CUTRK2022": 0.014755416, "SUTRK2021": 0.115758028379, "CUTRK2021": 0.014812048792600001, "SUTRK2020": 0.110113, "CUTRK2020": 0.016268, "SUTRK2019": 0.013133, "CUTRK2019": 0.012538, "SUTRK2018": "0.01313262", "CUTRK2018": "0.012538414", "SUTRK2017": "0.010206489", "CUTRK2017": "0.039099262", "SUTRK2016": 0.034014, "CUTRK2016": 0.037842, "SUTRK2015": "0.03680325", "CUTRK2015": "0.03867352", "SUTRK2014": "0.043002479", "CUTRK2014": "0.043635717", "SUTRK2013": "0.043769395", "CUTRK2013": "0.040477548", "SUTRK2012": 0.045001, "CUTRK2012": "0.041123024", "SUTRK2011": "0.041395046", "CUTRK2011": "0.040186204", "SUTRK2010": "0.050455116", "CUTRK2010": "0.041599251", "CCSGROUP19": "CO2", "FAC_WDAVG": 0.7907, "FAC_WEAVG": 1.446, "FAC_WEMAX": 1.4624, "FAC_MON": 0.7219, "FAC_TUE": 0.7435, "FAC_WED": 0.8268, "FAC_THU": 0.8019, "FAC_FRI": 1.0139, "FAC_SAT": 1.4624, "FAC_SUN": 1.4296, "FAC_SPR": 0.7791, "FAC_SUM": 1.2651, "FAC_FAL": 0.8387, "FAC_WIN": 1.1171, "FAC_JAN": 1.1403, "FAC_FEB": 1.1207, "FAC_MAR": 1.0602, "FAC_APR": 0.6718, "FAC_MAY": 0.6054, "FAC_JUN": 1.2121, "FAC_JUL": 1.3526, "FAC_AUG": 1.2306, "FAC_SEP": 1.0546, "FAC_OCT": 0.8412, "FAC_NOV": 0.6203, "FAC_DEC": 1.0903, "FAC_MAXMO": 7, "FAC_MAX": 1.3526, "FACMANADJ": 0.0, "MODEL_ROUTE": 190, "MODEL_MP": 1.8 }, "geometry": { "type": "LineString", "coordinates": [ [ -111.789472293750109, 40.619335101197116 ], [ -111.789025862561004, 40.619353918093111 ], [ -111.788381432910825, 40.619365076696276 ], [ -111.788091985687402, 40.61938236752713 ], [ -111.787496421294364, 40.619306253640524 ], [ -111.786575867171493, 40.61916028149453 ], [ -111.786212391604721, 40.61909519181782 ], [ -111.785645773157086, 40.618966620769633 ], [ -111.785315891471868, 40.618882741736236 ], [ -111.785051450684733, 40.618794092643462 ], [ -111.784386204938642, 40.618622223463518 ], [ -111.783972782740406, 40.618551880625887 ], [ -111.783681734388949, 40.618533136441371 ], [ -111.783407362435682, 40.618525088822437 ], [ -111.782896699580306, 40.618530354318601 ], [ -111.781212920454649, 40.618546894121685 ], [ -111.780926157520355, 40.618550906025988 ], [ -111.780270101367975, 40.618558044066305 ], [ -111.779179027817676, 40.61856901576521 ], [ -111.778327823360598, 40.61867115012673 ], [ -111.777460661617326, 40.618824735307683 ], [ -111.777186653792299, 40.618929729751009 ], [ -111.777166409615205, 40.618937523419405 ], [ -111.776931159705001, 40.619040905062505 ], [ -111.776047966455295, 40.619648626407525 ], [ -111.775775612781999, 40.619815316028891 ], [ -111.775464699044676, 40.619919203042137 ], [ -111.774601347886147, 40.619995266286772 ], [ -111.774292140335007, 40.620042383840421 ], [ -111.774049175389678, 40.620092659973146 ], [ -111.773508184212986, 40.620349790585529 ], [ -111.772202717192584, 40.621139223618016 ], [ -111.771506542252652, 40.621463686702221 ], [ -111.771330247782529, 40.621523961698152 ], [ -111.770817537988023, 40.621692605428819 ], [ -111.770137329749261, 40.62207010502037 ], [ -111.769845257353623, 40.622272046115832 ], [ -111.76948523186563, 40.622507591406553 ], [ -111.769206590630816, 40.622757277588505 ], [ -111.769035054102034, 40.622964809703191 ], [ -111.768718327540654, 40.623275376945593 ], [ -111.768396087462207, 40.623538414045925 ], [ -111.768117859927756, 40.623711430752088 ], [ -111.767723637567286, 40.623873506826605 ], [ -111.767315886357466, 40.6240933271689 ], [ -111.767072003894341, 40.624375118398547 ], [ -111.766841440736016, 40.624581147537356 ], [ -111.76662145207348, 40.624678100696521 ], [ -111.766345330413031, 40.62472587816805 ], [ -111.766119368628424, 40.624703774967081 ], [ -111.765886409091536, 40.624607305856919 ], [ -111.76529041952729, 40.624288746245902 ], [ -111.764435740821085, 40.6239908148642 ], [ -111.763639717512547, 40.623755550126425 ], [ -111.763170495556864, 40.623665862963058 ], [ -111.76299394267771, 40.623631895887399 ], [ -111.762444474027845, 40.623555348233914 ], [ -111.761806697518068, 40.623510911135746 ], [ -111.761410987289409, 40.623543250146525 ], [ -111.760918912404762, 40.623523071565053 ], [ -111.760578139710518, 40.623395591544664 ], [ -111.760212896226278, 40.623195301115537 ], [ -111.759881727280316, 40.623080367981686 ], [ -111.759574062858064, 40.623057168077921 ], [ -111.758801877325212, 40.623254131022939 ], [ -111.758520618999299, 40.623265888724532 ], [ -111.758216297040903, 40.623224645831044 ], [ -111.75678266550122, 40.623061084483396 ], [ -111.755910481132872, 40.622988422280727 ], [ -111.755670489479925, 40.622989993276491 ], [ -111.755283901900697, 40.622992522846744 ], [ -111.754676785793009, 40.623045139822061 ], [ -111.754522299463133, 40.623080382595717 ], [ -111.754330762238652, 40.623185234292457 ], [ -111.754100584787679, 40.62338664114381 ], [ -111.753897805462884, 40.623585346196556 ], [ -111.753788759083378, 40.62366623568213 ], [ -111.753607413575935, 40.623731381320759 ], [ -111.753263533976664, 40.623747138427561 ], [ -111.752894708638195, 40.623741976807537 ], [ -111.752682974172941, 40.62378587843294 ], [ -111.752371672177333, 40.623923218232378 ], [ -111.751909102198354, 40.624109108394563 ], [ -111.751630146292172, 40.624231731517057 ], [ -111.751287126829396, 40.624324501592753 ], [ -111.750955078887216, 40.624288554945743 ], [ -111.750754123008491, 40.624218332689942 ], [ -111.75060253603931, 40.624090583842865 ], [ -111.750526075567009, 40.623967121074202 ], [ -111.750492824775733, 40.623795721320782 ], [ -111.750623914065841, 40.622842738663962 ], [ -111.750616990293963, 40.622435589973243 ], [ -111.750562572263206, 40.62222153642827 ], [ -111.750416272212448, 40.621984747508158 ], [ -111.750220884566005, 40.621862057389812 ], [ -111.750013404984131, 40.621768093189907 ], [ -111.749781429138594, 40.621724826329135 ], [ -111.749437216330719, 40.621709854109078 ], [ -111.749101804522539, 40.621741849248089 ], [ -111.748560163460894, 40.621802206575182 ], [ -111.74815953374501, 40.621848855487926 ], [ -111.747832212978636, 40.621949170645571 ], [ -111.747528924674455, 40.622137254335755 ], [ -111.746723605718955, 40.622641457212637 ], [ -111.746221053581067, 40.622911003342381 ], [ -111.745954468014816, 40.623019478959442 ], [ -111.745663198014512, 40.623087844419359 ], [ -111.745155231153419, 40.623158148185951 ], [ -111.744460737705012, 40.623157852950996 ], [ -111.744147851957521, 40.623217615492962 ], [ -111.743860006523576, 40.623371086659375 ], [ -111.743620141094993, 40.623501366020221 ], [ -111.743506754658625, 40.623607768303856 ], [ -111.743423340086835, 40.623698212279955 ] ] } },
{ "type": "Feature", "properties": { "Id": 0, "SEGID": "0194_000.8", "ROUTE": "0194", "BMP": 1.073, "EMP": 2.125, "DISTANCE": 1.0580977793299999, "DIRECTION": "EB/WB", "CO_FIPS": 49.0, "SUBAREAID": 1.0, "PLANAREA": "MAG", "F2019": 23778.0, "F2023": 42000.0, "F2028": 58500.0, "F2032": 71000.0, "F2042": 88000.0, "F2050": 92000.0, "CH19TO50": 68222.0, "CH19TO23": 18222.0, "CH23TO28": 16500.0, "CH28TO32": 12500.0, "CH32TO42": 17000.0, "CH42TO50": 4000.0, "AADTSTN": "049-0578", "AADT2022": 41393.0, "AADT2021": 40462.0, "AADT2020": 20687.0, "AADT2019": 23778.0, "AADT2018": 23543.0, "AADT2017": 20621.0, "AADT2016": 20079.0, "AADT2015": 19235.0, "AADT2014": 18335.0, "AADT2013": 17560.0, "AADT2012": 10935.0, "AADT2011": 9715.0, "AADT2010": 0.0, "AADT2009": 0.0, "AADT2008": 0.0, "AADT2007": 0.0, "AADT2006": 0.0, "AADT2005": 0.0, "AADT2004": 0.0, "AADT2003": 0.0, "AADT2002": 0.0, "AADT2001": 0.0, "AADT2000": 0.0, "AADT1999": 0.0, "AADT1998": 0.0, "AADT1997": 0.0, "AADT1996": 0.0, "AADT1995": 0.0, "AADT1994": 0.0, "AADT1993": 0.0, "AADT1992": 0.0, "AADT1991": 0.0, "AADT1990": 0.0, "AADT1989": 0.0, "AADT1988": 0.0, "AADT1987": 0.0, "AADT1986": 0.0, "AADT1985": 0.0, "AADT1984": 0.0, "AADT1983": 0.0, "AADT1982": 0.0, "AADT1981": 0.0, "SUTRK2022": 0.064195066, "CUTRK2022": 0.024310013, "SUTRK2021": 0.064183678513200004, "CUTRK2021": 0.0243191142306, "SUTRK2020": 0.147504, "CUTRK2020": 0.040509, "SUTRK2019": 0.088757, "CUTRK2019": 0.030988, "SUTRK2018": "0.13000166", "CUTRK2018": "0.071548959", "SUTRK2017": "0.128351848", "CUTRK2017": "0.070992319", "SUTRK2016": 0.12329, "CUTRK2016": 0.069715, "SUTRK2015": "0.190476585", "CUTRK2015": "0.075346719", "SUTRK2014": "0.202489095", "CUTRK2014": "0.075092075", "SUTRK2013": "0.0902", "CUTRK2013": "0.0922", "SUTRK2012": 0.0902, "CUTRK2012": "0.0922", "SUTRK2011": "0.0902", "CUTRK2011": "0.0922", "SUTRK2010": "0", "CUTRK2010": "0", "CCSGROUP19": "XX3", "FAC_WDAVG": 1.1568, "FAC_WEAVG": 0.6311, "FAC_WEMAX": 0.7332, "FAC_MON": 1.1071, "FAC_TUE": 1.1465, "FAC_WED": 1.1587, "FAC_THU": 1.1651, "FAC_FRI": 1.1603, "FAC_SAT": 0.7332, "FAC_SUN": 0.5291, "FAC_SPR": 1.0112, "FAC_SUM": 1.0254, "FAC_FAL": 1.0105, "FAC_WIN": 0.9529, "FAC_JAN": 0.9362, "FAC_FEB": 0.964, "FAC_MAR": 0.9953, "FAC_APR": 1.0139, "FAC_MAY": 1.0245, "FAC_JUN": 1.0357, "FAC_JUL": 1.0085, "FAC_AUG": 1.032, "FAC_SEP": 1.0208, "FAC_OCT": 1.0204, "FAC_NOV": 0.9902, "FAC_DEC": 0.9587, "FAC_MAXMO": 8, "FAC_MAX": 1.0414, "FACMANADJ": 0.0, "MODEL_ROUTE": 194, "MODEL_MP": 0.8 }, "geometry": { "type": "LineString", "coordinates": [ [ -111.886813337528579, 40.412370893072485 ], [ -111.88689153552528, 40.412370138139536 ], [ -111.886952081455917, 40.412370100586848 ], [ -111.893291113522295, 40.412431051928721 ], [ -111.893901337488956, 40.412427054167281 ], [ -111.894413895182765, 40.412426041389089 ], [ -111.895021118145962, 40.412427460017909 ], [ -111.895060023137859, 40.412427297499555 ], [ -111.895124607454491, 40.412427026196994 ], [ -111.895158417864963, 40.412427172466856 ], [ -111.895193595551319, 40.412427325254718 ], [ -111.895208212352955, 40.41242738862676 ], [ -111.895214765811161, 40.41242741715007 ], [ -111.896113012592565, 40.412427760407013 ], [ -111.897116382060815, 40.412408139467111 ], [ -111.898002953805303, 40.412394256903582 ], [ -111.904711651025181, 40.412373016006931 ], [ -111.906881071000811, 40.412360700154821 ] ] } },
{ "type": "Feature", "properties": { "Id": 0, "SEGID": "0215_003.7", "ROUTE": "0215", "BMP": 3.667, "EMP": 6.264, "DISTANCE": 2.6021930841300001, "DIRECTION": "NB/SB", "CO_FIPS": 35.0, "SUBAREAID": 1.0, "PLANAREA": "WFRC", "F2019": 71231.0, "F2023": 76000.0, "F2028": 80500.0, "F2032": 82000.0, "F2042": 84500.0, "F2050": 90000.0, "CH19TO50": 18769.0, "CH19TO23": 4769.0, "CH23TO28": 4500.0, "CH28TO32": 1500.0, "CH32TO42": 2500.0, "CH42TO50": 5500.0, "AADTSTN": "035-1261", "AADT2022": 68072.0, "AADT2021": 68277.0, "AADT2020": 60831.0, "AADT2019": 71231.0, "AADT2018": 70907.0, "AADT2017": 67724.0, "AADT2016": 71049.0, "AADT2015": 71100.0, "AADT2014": 68165.0, "AADT2013": 66375.0, "AADT2012": 66260.0, "AADT2011": 65855.0, "AADT2010": 66700.0, "AADT2009": 66315.0, "AADT2008": 65265.0, "AADT2007": 66050.0, "AADT2006": 64850.0, "AADT2005": 63280.0, "AADT2004": 66450.0, "AADT2003": 65920.0, "AADT2002": 55328.0, "AADT2001": 53200.0, "AADT2000": 51810.0, "AADT1999": 50796.0, "AADT1998": 49800.0, "AADT1997": 49285.0, "AADT1996": 50270.0, "AADT1995": 48885.0, "AADT1994": 46780.0, "AADT1993": 43680.0, "AADT1992": 42325.0, "AADT1991": 36780.0, "AADT1990": 34785.0, "AADT1989": 33790.0, "AADT1988": 22920.0, "AADT1987": 22155.0, "AADT1986": 0.0, "AADT1985": 0.0, "AADT1984": 0.0, "AADT1983": 0.0, "AADT1982": 0.0, "AADT1981": 0.0, "SUTRK2022": 0.076748774, "CUTRK2022": 0.02327202, "SUTRK2021": 0.076746195644200002, "CUTRK2021": 0.023272844442499999, "SUTRK2020": 0.086039, "CUTRK2020": 0.023109, "SUTRK2019": 0.066685, "CUTRK2019": 0.017351, "SUTRK2018": "0.062485215", "CUTRK2018": "0.016525169", "SUTRK2017": "0.058071677", "CUTRK2017": "0.017216335", "SUTRK2016": 0.087091, "CUTRK2016": 0.017398, "SUTRK2015": "0.162390142", "CUTRK2015": "0.023557943", "SUTRK2014": "0.181457997", "CUTRK2014": "0.025491263", "SUTRK2013": "0.179323192", "CUTRK2013": "0.02602173", "SUTRK2012": 0.170654, "CUTRK2012": "0.025942801", "SUTRK2011": "0.168034583", "CUTRK2011": "0.025857363", "SUTRK2010": "0.200462995", "CUTRK2010": "0.029743947", "CCSGROUP19": "CO8", "FAC_WDAVG": 1.1349, "FAC_WEAVG": 0.6811, "FAC_WEMAX": 0.786, "FAC_MON": 1.081, "FAC_TUE": 1.1223, "FAC_WED": 1.1353, "FAC_THU": 1.147, "FAC_FRI": 1.1521, "FAC_SAT": 0.786, "FAC_SUN": 0.5763, "FAC_SPR": 1.0101, "FAC_SUM": 1.007, "FAC_FAL": 1.0114, "FAC_WIN": 0.9716, "FAC_JAN": 0.9462, "FAC_FEB": 0.9781, "FAC_MAR": 1.0059, "FAC_APR": 1.013, "FAC_MAY": 1.0114, "FAC_JUN": 1.0174, "FAC_JUL": 0.9976, "FAC_AUG": 1.0059, "FAC_SEP": 1.0149, "FAC_OCT": 1.0254, "FAC_NOV": 0.9938, "FAC_DEC": 0.9903, "FAC_MAXMO": 10, "FAC_MAX": 1.0254, "FACMANADJ": 0.0, "MODEL_ROUTE": 215, "MODEL_MP": 3.7 }, "geometry": { "type": "LineString", "coordinates": [ [ -111.80270633046915, 40.674528007731716 ], [ -111.802727402396215, 40.674499303884218 ], [ -111.802849876911537, 40.674332603494236 ], [ -111.803651312019397, 40.673282027039697 ], [ -111.804354361203877, 40.672316811515167 ], [ -111.804558227213235, 40.672051438229239 ], [ -111.805293857480976, 40.670944554403427 ], [ -111.805386323021466, 40.670762836026185 ], [ -111.805599592214648, 40.670040928387358 ], [ -111.805693518348463, 40.669351743837389 ], [ -111.805723124001233, 40.667388557924788 ], [ -111.80579978615026, 40.665609719776157 ], [ -111.805953957600678, 40.66307631742837 ], [ -111.806014722872035, 40.662404750005976 ], [ -111.806114887070109, 40.661753356958734 ], [ -111.806633899525437, 40.659321273421305 ], [ -111.807030392890795, 40.657768115444242 ], [ -111.807182234080742, 40.657214824163475 ], [ -111.807774011928018, 40.654888256722849 ], [ -111.807869423204323, 40.654345178556547 ], [ -111.807922395430253, 40.654049414354304 ], [ -111.808103147988319, 40.653070260640476 ], [ -111.808183093478576, 40.65226540891323 ], [ -111.808276106421701, 40.649642609837201 ], [ -111.808339044557457, 40.648585454138441 ], [ -111.808390804444315, 40.647484234081013 ], [ -111.808541539574051, 40.645891709154505 ], [ -111.808656879882022, 40.644541944681798 ], [ -111.808635968302156, 40.643593479163847 ], [ -111.808580396322014, 40.642712821221323 ], [ -111.808551684217832, 40.642097730597506 ], [ -111.808343852494758, 40.639869541210054 ], [ -111.808349538832431, 40.639458706147153 ], [ -111.808372612510638, 40.638920727082237 ], [ -111.808405543814303, 40.638709693640209 ], [ -111.80851207686041, 40.63820842594648 ], [ -111.808638992297332, 40.637867549863792 ], [ -111.808761642839684, 40.637633906683988 ], [ -111.808803951194449, 40.637553252952522 ] ] } },
{ "type": "Feature", "properties": { "Id": 0, "SEGID": "0215_007.7", "ROUTE": "0215", "BMP": 7.702, "EMP": 9.216, "DISTANCE": 1.5157122936, "DIRECTION": "EB/WB", "CO_FIPS": 35.0, "SUBAREAID": 1.0, "PLANAREA": "WFRC", "F2019": 93454.0, "F2023": 99500.0, "F2028": 104000.0, "F2032": 108000.0, "F2042": 113000.0, "F2050": 119000.0, "CH19TO50": 25546.0, "CH19TO23": 6046.0, "CH23TO28": 4500.0, "CH28TO32": 4000.0, "CH32TO42": 5000.0, "CH42TO50": 6000.0, "AADTSTN": "035-1270", "AADT2022": 89278.0, "AADT2021": 89547.0, "AADT2020": 79810.0, "AADT2019": 93454.0, "AADT2018": 92989.0, "AADT2017": 88815.0, "AADT2016": 93195.0, "AADT2015": 93290.0, "AADT2014": 89440.0, "AADT2013": 87090.0, "AADT2012": 86915.0, "AADT2011": 86400.0, "AADT2010": 90105.0, "AADT2009": 89570.0, "AADT2008": 88155.0, "AADT2007": 87010.0, "AADT2006": 85390.0, "AADT2005": 83320.0, "AADT2004": 82175.0, "AADT2003": 81519.0, "AADT2002": 75732.0, "AADT2001": 72820.0, "AADT2000": 70915.0, "AADT1999": 69523.0, "AADT1998": 68160.0, "AADT1997": 64000.0, "AADT1996": 60885.0, "AADT1995": 59210.0, "AADT1994": 57210.0, "AADT1993": 53720.0, "AADT1992": 51950.0, "AADT1991": 43625.0, "AADT1990": 39655.0, "AADT1989": 38520.0, "AADT1988": 22240.0, "AADT1987": 20500.0, "AADT1986": 0.0, "AADT1985": 0.0, "AADT1984": 0.0, "AADT1983": 0.0, "AADT1982": 0.0, "AADT1981": 0.0, "SUTRK2022": 0.094623202, "CUTRK2022": 0.030537097, "SUTRK2021": 0.094620701977700006, "CUTRK2021": 0.030531452756699998, "SUTRK2020": 0.102062, "CUTRK2020": 0.031519, "SUTRK2019": 0.087574, "CUTRK2019": 0.02497, "SUTRK2018": "0.091991694", "CUTRK2018": "0.024499016", "SUTRK2017": "0.085209708", "CUTRK2017": "0.023448328", "SUTRK2016": 0.168358, "CUTRK2016": 0.028642, "SUTRK2015": "0.167446218", "CUTRK2015": "0.029214497", "SUTRK2014": "0.181064772", "CUTRK2014": "0.031324683", "SUTRK2013": "0.116127019", "CUTRK2013": "0.026601524", "SUTRK2012": 0.110658, "CUTRK2012": "0.026705794", "SUTRK2011": "0.110119597", "CUTRK2011": "0.026261945", "SUTRK2010": "0.129429715", "CUTRK2010": "0.027959886", "CCSGROUP19": "CO8", "FAC_WDAVG": 1.1349, "FAC_WEAVG": 0.6811, "FAC_WEMAX": 0.786, "FAC_MON": 1.081, "FAC_TUE": 1.1223, "FAC_WED": 1.1353, "FAC_THU": 1.147, "FAC_FRI": 1.1521, "FAC_SAT": 0.786, "FAC_SUN": 0.5763, "FAC_SPR": 1.0101, "FAC_SUM": 1.007, "FAC_FAL": 1.0114, "FAC_WIN": 0.9716, "FAC_JAN": 0.9462, "FAC_FEB": 0.9781, "FAC_MAR": 1.0059, "FAC_APR": 1.013, "FAC_MAY": 1.0114, "FAC_JUN": 1.0174, "FAC_JUL": 0.9976, "FAC_AUG": 1.0059, "FAC_SEP": 1.0149, "FAC_OCT": 1.0254, "FAC_NOV": 0.9938, "FAC_DEC": 0.9903, "FAC_MAXMO": 10, "FAC_MAX": 1.0254, "FACMANADJ": 0.0, "MODEL_ROUTE": 215, "MODEL_MP": 7.7 }, "geometry": { "type": "LineString", "coordinates": [ [ -111.834136744684017, 40.633134514698462 ], [ -111.834670635044347, 40.633001381762298 ], [ -111.838647667717254, 40.631988814634859 ], [ -111.83936747183418, 40.631774582654892 ], [ -111.840524895619026, 40.631475182183685 ], [ -111.841634477598006, 40.631227468305376 ], [ -111.842303587986521, 40.631120790747353 ], [ -111.842636431139354, 40.631072417779336 ], [ -111.843188040946728, 40.631025148966103 ], [ -111.843593187132228, 40.630990659048933 ], [ -111.844270191600287, 40.630947873981341 ], [ -111.845700685803024, 40.630926594139893 ], [ -111.848018262729511, 40.630924909484072 ], [ -111.849558398225312, 40.630906019602165 ], [ -111.851245105614964, 40.630827292084874 ], [ -111.852484481404161, 40.630747879948878 ], [ -111.854603635378041, 40.630569877124998 ], [ -111.85471585676062, 40.630561208862076 ], [ -111.855990331715631, 40.630462490977976 ], [ -111.856874927418104, 40.630380256348836 ], [ -111.859141241582833, 40.630255310185028 ], [ -111.860401285226686, 40.630221603506612 ], [ -111.861394121392635, 40.630208164573737 ], [ -111.862044940355531, 40.630236278797888 ], [ -111.862499021367967, 40.630229103878357 ] ] } },
{ "type": "Feature", "properties": { "Id": 0, "SEGID": "0215_011.5", "ROUTE": "0215", "BMP": 11.508, "EMP": 13.501, "DISTANCE": 1.9966380834199999, "DIRECTION": "EB/WB", "CO_FIPS": 35.0, "SUBAREAID": 1.0, "PLANAREA": "WFRC", "F2019": 112252.0, "F2023": 129000.0, "F2028": 136000.0, "F2032": 129000.0, "F2042": 135000.0, "F2050": 141000.0, "CH19TO50": 28748.0, "CH19TO23": 16748.0, "CH23TO28": 7000.0, "CH28TO32": -7000.0, "CH32TO42": 6000.0, "CH42TO50": 6000.0, "AADTSTN": "035-1290", "AADT2022": 106756.0, "AADT2021": 104051.0, "AADT2020": 91598.0, "AADT2019": 112252.0, "AADT2018": 113132.0, "AADT2017": 107476.0, "AADT2016": 103278.0, "AADT2015": 107700.0, "AADT2014": 102805.0, "AADT2013": 100890.0, "AADT2012": 100130.0, "AADT2011": 101070.0, "AADT2010": 100805.0, "AADT2009": 102775.0, "AADT2008": 103395.0, "AADT2007": 104430.0, "AADT2006": 104240.0, "AADT2005": 99565.0, "AADT2004": 91640.0, "AADT2003": 91370.0, "AADT2002": 102420.0, "AADT2001": 110130.0, "AADT2000": 128055.0, "AADT1999": 143883.0, "AADT1998": 140445.0, "AADT1997": 117345.0, "AADT1996": 97100.0, "AADT1995": 92595.0, "AADT1994": 90415.0, "AADT1993": 84970.0, "AADT1992": 79320.0, "AADT1991": 74750.0, "AADT1990": 72500.0, "AADT1989": 65325.0, "AADT1988": 51030.0, "AADT1987": 45963.0, "AADT1986": 37180.0, "AADT1985": 34085.0, "AADT1984": 34860.0, "AADT1983": 27570.0, "AADT1982": 28800.0, "AADT1981": 27170.0, "SUTRK2022": 0.108000188, "CUTRK2022": 0.041183877, "SUTRK2021": 0.10800472845, "CUTRK2021": 0.041181728191000001, "SUTRK2020": 0.112464, "CUTRK2020": 0.045314, "SUTRK2019": 0.106622, "CUTRK2019": 0.037437, "SUTRK2018": "0.120045127", "CUTRK2018": "0.037298364", "SUTRK2017": "0.121095421", "CUTRK2017": "0.03587837", "SUTRK2016": 0.26578, "CUTRK2016": 0.044863, "SUTRK2015": "0.178823496", "CUTRK2015": "0.038805468", "SUTRK2014": "0.167754121", "CUTRK2014": "0.038996252", "SUTRK2013": "0.018973904", "CUTRK2013": "0.026433576", "SUTRK2012": 0.018333, "CUTRK2012": "0.026780182", "SUTRK2011": "0.020185346", "CUTRK2011": "0.025947882", "SUTRK2010": "0.020234215", "CUTRK2010": "0.02515863", "CCSGROUP19": "CO8", "FAC_WDAVG": 1.1349, "FAC_WEAVG": 0.6811, "FAC_WEMAX": 0.786, "FAC_MON": 1.081, "FAC_TUE": 1.1223, "FAC_WED": 1.1353, "FAC_THU": 1.147, "FAC_FRI": 1.1521, "FAC_SAT": 0.786, "FAC_SUN": 0.5763, "FAC_SPR": 1.0101, "FAC_SUM": 1.007, "FAC_FAL": 1.0114, "FAC_WIN": 0.9716, "FAC_JAN": 0.9462, "FAC_FEB": 0.9781, "FAC_MAR": 1.0059, "FAC_APR": 1.013, "FAC_MAY": 1.0114, "FAC_JUN": 1.0174, "FAC_JUL": 0.9976, "FAC_AUG": 1.0059, "FAC_SEP": 1.0149, "FAC_OCT": 1.0254, "FAC_NOV": 0.9938, "FAC_DEC": 0.9903, "FAC_MAXMO": 10, "FAC_MAX": 1.0254, "FACMANADJ": 0.0, "MODEL_ROUTE": 215, "MODEL_MP": 11.5 }, "geometry": { "type": "LineString", "coordinates": [ [ -111.904673902783628, 40.636233561181243 ], [ -111.905358564776449, 40.63625774255334 ], [ -111.906034515735996, 40.636223612224946 ], [ -111.906467144880963, 40.636210306770096 ], [ -111.906952818977629, 40.636175773041884 ], [ -111.908552069196389, 40.636096264627966 ], [ -111.909109049075369, 40.636096654718081 ], [ -111.909541070931411, 40.636117124933968 ], [ -111.909932750808636, 40.636136289937362 ], [ -111.910189906818303, 40.636159036651684 ], [ -111.910345834677514, 40.636172851691768 ], [ -111.912251577427924, 40.636344017719765 ], [ -111.91375269504033, 40.636465474682666 ], [ -111.914892897769349, 40.636569052850042 ], [ -111.915828557836178, 40.636675143332354 ], [ -111.916458285593251, 40.636763205507883 ], [ -111.917065037211103, 40.636900453737965 ], [ -111.917726285351677, 40.63705339105077 ], [ -111.91817015461011, 40.637204269920048 ], [ -111.919131309415647, 40.637529941545189 ], [ -111.919623506671456, 40.637720608554034 ], [ -111.92022534466291, 40.637972559173598 ], [ -111.920514319529744, 40.63810700656164 ], [ -111.920706157028548, 40.638194842500511 ], [ -111.921273099607419, 40.638488505611143 ], [ -111.922044903076042, 40.638930613800767 ], [ -111.922562762007303, 40.639274480239713 ], [ -111.923005408015385, 40.63960939651011 ], [ -111.923343836324065, 40.639916046729979 ], [ -111.92391722780593, 40.640383872027734 ], [ -111.924412064959199, 40.640866196722257 ], [ -111.925999229774959, 40.642464039675083 ], [ -111.926342510716395, 40.642743255741301 ], [ -111.92674392588701, 40.643078308023568 ], [ -111.927293336269187, 40.643424782339281 ], [ -111.927832095629583, 40.643727647783066 ], [ -111.928283298385608, 40.643942029367686 ], [ -111.929134571118198, 40.644264896993832 ], [ -111.929741590772224, 40.644457298879502 ], [ -111.930337232761559, 40.64459663838155 ], [ -111.930966833261678, 40.644711377690172 ], [ -111.931433078328212, 40.644764551453157 ], [ -111.93194831131045, 40.64478543737291 ], [ -111.932187124438784, 40.644787473110732 ], [ -111.932920597671426, 40.644793800057521 ], [ -111.936016714730513, 40.644782252132323 ], [ -111.937996713318711, 40.64479500950948 ], [ -111.938794658786819, 40.644810864941078 ] ] } },
{ "type": "Feature", "properties": { "Id": 0, "SEGID": "0215_017.5", "ROUTE": "0215", "BMP": 17.538, "EMP": 19.526, "DISTANCE": 1.98494305968, "DIRECTION": "NB/SB", "CO_FIPS": 35.0, "SUBAREAID": 1.0, "PLANAREA": "WFRC", "F2019": 115217.0, "F2023": 118000.0, "F2028": 125000.0, "F2032": 96000.0, "F2042": 96500.0, "F2050": 102000.0, "CH19TO50": -13217.0, "CH19TO23": 2783.0, "CH23TO28": 7000.0, "CH28TO32": -29000.0, "CH32TO42": 500.0, "CH42TO50": 5500.0, "AADTSTN": "035-1305", "AADT2022": 112361.0, "AADT2021": 108772.0, "AADT2020": 92750.0, "AADT2019": 115217.0, "AADT2018": 107120.0, "AADT2017": 91066.0, "AADT2016": 95745.0, "AADT2015": 101710.0, "AADT2014": 96980.0, "AADT2013": 96115.0, "AADT2012": 97455.0, "AADT2011": 96440.0, "AADT2010": 96660.0, "AADT2009": 93945.0, "AADT2008": 94560.0, "AADT2007": 95505.0, "AADT2006": 94695.0, "AADT2005": 89360.0, "AADT2004": 86590.0, "AADT2003": 88570.0, "AADT2002": 96315.0, "AADT2001": 103561.0, "AADT2000": 117683.0, "AADT1999": 126541.0, "AADT1998": 122590.0, "AADT1997": 100959.0, "AADT1996": 84255.0, "AADT1995": 80750.0, "AADT1994": 77865.0, "AADT1993": 73710.0, "AADT1992": 68985.0, "AADT1991": 69050.0, "AADT1990": 63980.0, "AADT1989": 55900.0, "AADT1988": 42770.0, "AADT1987": 29124.0, "AADT1986": 25320.0, "AADT1985": 30470.0, "AADT1984": 37160.0, "AADT1983": 26820.0, "AADT1982": 24400.0, "AADT1981": 23585.0, "SUTRK2022": 0.067696218, "CUTRK2022": 0.040431369, "SUTRK2021": 0.067692053101900004, "CUTRK2021": 0.040433199720500003, "SUTRK2020": 0.071572, "CUTRK2020": 0.048853, "SUTRK2019": 0.069815, "CUTRK2019": 0.040554, "SUTRK2018": "0.07142627", "CUTRK2018": "0.039814098", "SUTRK2017": "0.10795785", "CUTRK2017": "0.045583973", "SUTRK2016": 0.196357, "CUTRK2016": 0.043597, "SUTRK2015": "0.19037249", "CUTRK2015": "0.042266776", "SUTRK2014": "0.129651519", "CUTRK2014": "0.035726084", "SUTRK2013": "0.01134532", "CUTRK2013": "0.023319709", "SUTRK2012": 0.011344, "CUTRK2012": "0.023569879", "SUTRK2011": "0.011000027", "CUTRK2011": "0.023185072", "SUTRK2010": "0.012297474", "CUTRK2010": "0.024783142", "CCSGROUP19": "CO8", "FAC_WDAVG": 1.1349, "FAC_WEAVG": 0.6811, "FAC_WEMAX": 0.786, "FAC_MON": 1.081, "FAC_TUE": 1.1223, "FAC_WED": 1.1353, "FAC_THU": 1.147, "FAC_FRI": 1.1521, "FAC_SAT": 0.786, "FAC_SUN": 0.5763, "FAC_SPR": 1.0101, "FAC_SUM": 1.007, "FAC_FAL": 1.0114, "FAC_WIN": 0.9716, "FAC_JAN": 0.9462, "FAC_FEB": 0.9781, "FAC_MAR": 1.0059, "FAC_APR": 1.013, "FAC_MAY": 1.0114, "FAC_JUN": 1.0174, "FAC_JUL": 0.9976, "FAC_AUG": 1.0059, "FAC_SEP": 1.0149, "FAC_OCT": 1.0254, "FAC_NOV": 0.9938, "FAC_DEC": 0.9903, "FAC_MAXMO": 10, "FAC_MAX": 1.0254, "FACMANADJ": 0.0, "MODEL_ROUTE": 215, "MODEL_MP": 17.5 }, "geometry": { "type": "LineString", "coordinates": [ [ -111.952197842237439, 40.69664245951401 ], [ -111.95220266900283, 40.696732054608319 ], [ -111.952320169648985, 40.697668873499175 ], [ -111.952471129157388, 40.699458523839745 ], [ -111.952758415524869, 40.703255048463888 ], [ -111.952759907226579, 40.703276656607329 ], [ -111.952820239854901, 40.703921799419177 ], [ -111.952961046664882, 40.70542893368966 ], [ -111.95350997114906, 40.712234026742181 ], [ -111.953586636686424, 40.713184601812962 ], [ -111.953591439496094, 40.714765555160213 ], [ -111.953491900579834, 40.716335659123352 ], [ -111.95328341862097, 40.717904860818578 ], [ -111.953127458089654, 40.718674574075457 ], [ -111.952855707460472, 40.719959628377765 ], [ -111.952576747457911, 40.720988899986146 ], [ -111.952166410547861, 40.722188614475876 ], [ -111.951716090979531, 40.723325597575148 ], [ -111.951214906508127, 40.724550380368306 ], [ -111.951032123320374, 40.725135456873097 ], [ -111.95102408264205, 40.725161197334117 ] ] } },
{ "type": "Feature", "properties": { "Id": 0, "SEGID": "0215_027.4", "ROUTE": "0215", "BMP": 27.436, "EMP": 28.488, "DISTANCE": 1.0776876638399999, "DIRECTION": "EB/WB", "CO_FIPS": 11.0, "SUBAREAID": 1.0, "PLANAREA": "WFRC", "F2019": 39875.0, "F2023": 23500.0, "F2028": 21500.0, "F2032": 33000.0, "F2042": 35000.0, "F2050": 34500.0, "CH19TO50": -5375.0, "CH19TO23": -16375.0, "CH23TO28": -2000.0, "CH28TO32": 11500.0, "CH32TO42": 2000.0, "CH42TO50": -500.0, "AADTSTN": "011-0545", "AADT2022": 35708.0, "AADT2021": 33911.0, "AADT2020": 34293.0, "AADT2019": 39875.0, "AADT2018": 35481.0, "AADT2017": 37347.0, "AADT2016": 36450.0, "AADT2015": 31580.0, "AADT2014": 31860.0, "AADT2013": 30930.0, "AADT2012": 25365.0, "AADT2011": 24990.0, "AADT2010": 24670.0, "AADT2009": 20485.0, "AADT2008": 15585.0, "AADT2007": 44120.0, "AADT2006": 43470.0, "AADT2005": 41725.0, "AADT2004": 43088.0, "AADT2003": 33740.0, "AADT2002": 58655.0, "AADT2001": 65905.0, "AADT2000": 74125.0, "AADT1999": 77618.0, "AADT1998": 72122.0, "AADT1997": 46800.0, "AADT1996": 37050.0, "AADT1995": 36450.0, "AADT1994": 33990.0, "AADT1993": 31475.0, "AADT1992": 31390.0, "AADT1991": 28565.0, "AADT1990": 28200.0, "AADT1989": 23700.0, "AADT1988": 15790.0, "AADT1987": 11440.0, "AADT1986": 8100.0, "AADT1985": 7850.0, "AADT1984": 7560.0, "AADT1983": 6845.0, "AADT1982": 6420.0, "AADT1981": 6225.0, "SUTRK2022": 0.085430996, "CUTRK2022": 0.06969588, "SUTRK2021": 0.085429506649799994, "CUTRK2021": 0.069682403939700002, "SUTRK2020": 0.090145, "CUTRK2020": 0.086226, "SUTRK2019": 0.07661, "CUTRK2019": 0.107761, "SUTRK2018": "0.074947077", "CUTRK2018": "0.107338565", "SUTRK2017": "0.075475285", "CUTRK2017": "0.109553568", "SUTRK2016": 0.076664, "CUTRK2016": 0.108562, "SUTRK2015": "0.160385738", "CUTRK2015": "0.130019482", "SUTRK2014": "0.169730166", "CUTRK2014": "0.129370015", "SUTRK2013": "0.167723771", "CUTRK2013": "0.125476496", "SUTRK2012": 0.341521, "CUTRK2012": "0.137914325", "SUTRK2011": "0.141162937", "CUTRK2011": "0.082168369", "SUTRK2010": "0.141162937", "CUTRK2010": "0.082168369", "CCSGROUP19": "CO8", "FAC_WDAVG": 1.1349, "FAC_WEAVG": 0.6811, "FAC_WEMAX": 0.786, "FAC_MON": 1.081, "FAC_TUE": 1.1223, "FAC_WED": 1.1353, "FAC_THU": 1.147, "FAC_FRI": 1.1521, "FAC_SAT": 0.786, "FAC_SUN": 0.5763, "FAC_SPR": 1.0101, "FAC_SUM": 1.007, "FAC_FAL": 1.0114, "FAC_WIN": 0.9716, "FAC_JAN": 0.9462, "FAC_FEB": 0.9781, "FAC_MAR": 1.0059, "FAC_APR": 1.013, "FAC_MAY": 1.0114, "FAC_JUN": 1.0174, "FAC_JUL": 0.9976, "FAC_AUG": 1.0059, "FAC_SEP": 1.0149, "FAC_OCT": 1.0254, "FAC_NOV": 0.9938, "FAC_DEC": 0.9903, "FAC_MAXMO": 10, "FAC_MAX": 1.0254, "FACMANADJ": 0.0, "MODEL_ROUTE": 215, "MODEL_MP": 27.4 }, "geometry": { "type": "LineString", "coordinates": [ [ -111.93600399630391, 40.833867494824176 ], [ -111.930543368655194, 40.833945820653739 ], [ -111.929053502274797, 40.833931796840709 ], [ -111.926465784641863, 40.833956755292284 ], [ -111.923629221844024, 40.833972388249578 ], [ -111.920102755143489, 40.834040930947964 ], [ -111.915437341026816, 40.8340649862295 ] ] } },
{ "type": "Feature", "properties": { "Id": 0, "SEGID": "0266_001.7", "ROUTE": "0266", "BMP": 1.698, "EMP": 2.179, "DISTANCE": 0.48017638859700001, "DIRECTION": "EB/WB", "CO_FIPS": 35.0, "SUBAREAID": 1.0, "PLANAREA": "WFRC", "F2019": 25115.0, "F2023": 25500.0, "F2028": 26000.0, "F2032": 28000.0, "F2042": 28500.0, "F2050": 30500.0, "CH19TO50": 5385.0, "CH19TO23": 385.0, "CH23TO28": 500.0, "CH28TO32": 2000.0, "CH32TO42": 500.0, "CH42TO50": 2000.0, "AADTSTN": "035-1320", "AADT2022": 24767.0, "AADT2021": 24210.0, "AADT2020": 21850.0, "AADT2019": 25115.0, "AADT2018": 25394.0, "AADT2017": 25818.0, "AADT2016": 24600.0, "AADT2015": 25075.0, "AADT2014": 30800.0, "AADT2013": 29500.0, "AADT2012": 28755.0, "AADT2011": 28840.0, "AADT2010": 26325.0, "AADT2009": 26300.0, "AADT2008": 26120.0, "AADT2007": 24915.0, "AADT2006": 24570.0, "AADT2005": 24205.0, "AADT2004": 27685.0, "AADT2003": 28055.0, "AADT2002": 23955.0, "AADT2001": 24712.0, "AADT2000": 18490.0, "AADT1999": 28475.0, "AADT1998": 29917.0, "AADT1997": 30396.0, "AADT1996": 35550.0, "AADT1995": 35175.0, "AADT1994": 34525.0, "AADT1993": 32895.0, "AADT1992": 32135.0, "AADT1991": 31155.0, "AADT1990": 30790.0, "AADT1989": 26845.0, "AADT1988": 26340.0, "AADT1987": 25825.0, "AADT1986": 25500.0, "AADT1985": 25175.0, "AADT1984": 24700.0, "AADT1983": 23650.0, "AADT1982": 23000.0, "AADT1981": 21750.0, "SUTRK2022": 0.130697798, "CUTRK2022": 0.016924141, "SUTRK2021": 0.13068979760400001, "CUTRK2021": 0.016935150764100002, "SUTRK2020": 0.095173, "CUTRK2020": 0.013946, "SUTRK2019": 0.07883, "CUTRK2019": 0.011646, "SUTRK2018": "0.098734223", "CUTRK2018": "0.041568635", "SUTRK2017": "0.060925073", "CUTRK2017": "0.009801066", "SUTRK2016": 0.185493, "CUTRK2016": 0.019719, "SUTRK2015": "0.179606184", "CUTRK2015": "0.018602405", "SUTRK2014": "0.242610138", "CUTRK2014": "0.041353974", "SUTRK2013": "0.192614689", "CUTRK2013": "0.027697601", "SUTRK2012": 0.192615, "CUTRK2012": "0.027697601", "SUTRK2011": "0.192614689", "CUTRK2011": "0.027697601", "SUTRK2010": "0.192614689", "CUTRK2010": "0.027697601", "CCSGROUP19": "COU", "FAC_WDAVG": 1.0946, "FAC_WEAVG": 0.7583, "FAC_WEMAX": 0.8873, "FAC_MON": 1.0545, "FAC_TUE": 1.0851, "FAC_WED": 1.0925, "FAC_THU": 1.1063, "FAC_FRI": 1.145, "FAC_SAT": 0.8873, "FAC_SUN": 0.6293, "FAC_SPR": 1.0117, "FAC_SUM": 1.0135, "FAC_FAL": 1.0095, "FAC_WIN": 0.9653, "FAC_JAN": 0.9346, "FAC_FEB": 0.9705, "FAC_MAR": 0.9965, "FAC_APR": 1.0142, "FAC_MAY": 1.0245, "FAC_JUN": 1.0222, "FAC_JUL": 0.996, "FAC_AUG": 1.0223, "FAC_SEP": 1.0238, "FAC_OCT": 1.0103, "FAC_NOV": 0.9944, "FAC_DEC": 0.9907, "FAC_MAXMO": 5, "FAC_MAX": 1.0245, "FACMANADJ": 0.0, "MODEL_ROUTE": 266, "MODEL_MP": 1.7 }, "geometry": { "type": "LineString", "coordinates": [ [ -111.922546429913481, 40.672035400644923 ], [ -111.921315874722637, 40.672374942804026 ], [ -111.918171378673264, 40.673179239714791 ], [ -111.913978566869972, 40.674335884039117 ], [ -111.913923349886545, 40.674347401782029 ] ] } },
{ "type": "Feature", "properties": { "Id": 0, "SEGID": "2330_001.0", "ROUTE": "2330", "BMP": 1.043, "EMP": 2.217, "DISTANCE": 1.17645206425, "DIRECTION": "EB/WB", "CO_FIPS": 35.0, "SUBAREAID": 1.0, "PLANAREA": "WFRC", "F2019": 14378.0, "F2023": 16500.0, "F2028": 19500.0, "F2032": 23500.0, "F2042": 25000.0, "F2050": 26000.0, "CH19TO50": 11622.0, "CH19TO23": 2122.0, "CH23TO28": 3000.0, "CH28TO32": 4000.0, "CH32TO42": 1500.0, "CH42TO50": 1000.0, "AADTSTN": "035-0980", "AADT2022": 14044.0, "AADT2021": 13919.0, "AADT2020": 12840.0, "AADT2019": 14378.0, "AADT2018": 13759.0, "AADT2017": 14027.0, "AADT2016": 13953.0, "AADT2015": 12895.0, "AADT2014": 12365.0, "AADT2013": 12230.0, "AADT2012": 19165.0, "AADT2011": 19555.0, "AADT2010": 19615.0, "AADT2009": 19695.0, "AADT2008": 20845.0, "AADT2007": 22315.0, "AADT2006": 23085.0, "AADT2005": 22285.0, "AADT2004": 22315.0, "AADT2003": 22670.0, "AADT2002": 23765.0, "AADT2001": 29185.0, "AADT2000": 40300.0, "AADT1999": 43365.0, "AADT1998": 44615.0, "AADT1997": 31895.0, "AADT1996": 25185.0, "AADT1995": 25090.0, "AADT1994": 23775.0, "AADT1993": 22290.0, "AADT1992": 21990.0, "AADT1991": 21680.0, "AADT1990": 26410.0, "AADT1989": 21180.0, "AADT1988": 20530.0, "AADT1987": 17540.0, "AADT1986": 20400.0, "AADT1985": 23150.0, "AADT1984": 20605.0, "AADT1983": 20910.0, "AADT1982": 20415.0, "AADT1981": 19320.0, "SUTRK2022": 0.0, "CUTRK2022": 0.0, "SUTRK2021": 0.0, "CUTRK2021": 0.0, "SUTRK2020": 0.0, "CUTRK2020": 0.0, "SUTRK2019": 0.0, "CUTRK2019": 0.0, "SUTRK2018": "0", "CUTRK2018": "0", "SUTRK2017": "0", "CUTRK2017": "0", "SUTRK2016": 0.0, "CUTRK2016": 0.0, "SUTRK2015": "0", "CUTRK2015": "0", "SUTRK2014": "0", "CUTRK2014": "0", "SUTRK2013": "0", "CUTRK2013": "0", "SUTRK2012": 0.0, "CUTRK2012": "0", "SUTRK2011": "0", "CUTRK2011": "0", "SUTRK2010": "0", "CUTRK2010": "0", "CCSGROUP19": "COU", "FAC_WDAVG": 1.0946, "FAC_WEAVG": 0.7583, "FAC_WEMAX": 0.8873, "FAC_MON": 1.0545, "FAC_TUE": 1.0851, "FAC_WED": 1.0925, "FAC_THU": 1.1063, "FAC_FRI": 1.145, "FAC_SAT": 0.8873, "FAC_SUN": 0.6293, "FAC_SPR": 1.0117, "FAC_SUM": 1.0135, "FAC_FAL": 1.0095, "FAC_WIN": 0.9653, "FAC_JAN": 0.9346, "FAC_FEB": 0.9705, "FAC_MAR": 0.9965, "FAC_APR": 1.0142, "FAC_MAY": 1.0245, "FAC_JUN": 1.0222, "FAC_JUL": 0.996, "FAC_AUG": 1.0223, "FAC_SEP": 1.0238, "FAC_OCT": 1.0103, "FAC_NOV": 0.9944, "FAC_DEC": 0.9907, "FAC_MAXMO": 5, "FAC_MAX": 1.0245, "FACMANADJ": 0.0, "MODEL_ROUTE": 2330, "MODEL_MP": 1.0 }, "geometry": { "type": "LineString", "coordinates": [ [ -111.939266626602574, 40.771432680124647 ], [ -111.938735535482422, 40.771432317961043 ], [ -111.936142848546211, 40.771436627439783 ], [ -111.935142713664632, 40.771432846677307 ], [ -111.934229986194225, 40.771409251683792 ], [ -111.933092174331946, 40.771423233415454 ], [ -111.9324746253359, 40.771425883785653 ], [ -111.930932555080872, 40.771459776231033 ], [ -111.930217519025476, 40.771439328725201 ], [ -111.929159443798696, 40.771444250957465 ], [ -111.928571540957705, 40.771440065540418 ], [ -111.926674950223315, 40.771449368098828 ], [ -111.925102805375857, 40.771408293903946 ], [ -111.922563537178661, 40.771419707229548 ], [ -111.919697070365459, 40.771445564375064 ], [ -111.918386746857948, 40.771435102038666 ], [ -111.916836810965293, 40.771457698254473 ] ] } },
{ "type": "Feature", "properties": { "Id": 0, "SEGID": "2878_004.4", "ROUTE": "2878", "BMP": 4.367, "EMP": 4.887, "DISTANCE": 0.51614299114600004, "DIRECTION": "NB/SB", "CO_FIPS": 49.0, "SUBAREAID": 1.0, "PLANAREA": "MAG", "F2019": 12613.0, "F2023": 14600.0, "F2028": 26000.0, "F2032": 27000.0, "F2042": 29500.0, "F2050": 22500.0, "CH19TO50": 9887.0, "CH19TO23": 1987.0, "CH23TO28": 11400.0, "CH28TO32": 1000.0, "CH32TO42": 2500.0, "CH42TO50": -7000.0, "AADTSTN": "049-1056", "AADT2022": 2163.0, "AADT2021": 2142.0, "AADT2020": 1976.0, "AADT2019": 2213.0, "AADT2018": 2174.0, "AADT2017": 2152.0, "AADT2016": 2095.0, "AADT2015": 1990.0, "AADT2014": 1910.0, "AADT2013": 1885.0, "AADT2012": 1935.0, "AADT2011": 1975.0, "AADT2010": 1980.0, "AADT2009": 1990.0, "AADT2008": 2000.0, "AADT2007": 0.0, "AADT2006": 0.0, "AADT2005": 0.0, "AADT2004": 0.0, "AADT2003": 0.0, "AADT2002": 0.0, "AADT2001": 0.0, "AADT2000": 0.0, "AADT1999": 0.0, "AADT1998": 0.0, "AADT1997": 0.0, "AADT1996": 0.0, "AADT1995": 0.0, "AADT1994": 0.0, "AADT1993": 0.0, "AADT1992": 0.0, "AADT1991": 0.0, "AADT1990": 0.0, "AADT1989": 0.0, "AADT1988": 0.0, "AADT1987": 0.0, "AADT1986": 0.0, "AADT1985": 0.0, "AADT1984": 0.0, "AADT1983": 0.0, "AADT1982": 0.0, "AADT1981": 0.0, "SUTRK2022": 0.0, "CUTRK2022": 0.0, "SUTRK2021": 0.0, "CUTRK2021": 0.0, "SUTRK2020": 0.0, "CUTRK2020": 0.0, "SUTRK2019": 0.0, "CUTRK2019": 0.0, "SUTRK2018": "0", "CUTRK2018": "0", "SUTRK2017": "0", "CUTRK2017": "0", "SUTRK2016": 0.0, "CUTRK2016": 0.0, "SUTRK2015": "0", "CUTRK2015": "0", "SUTRK2014": "0", "CUTRK2014": "0", "SUTRK2013": "0", "CUTRK2013": "0", "SUTRK2012": 0.0, "CUTRK2012": "0", "SUTRK2011": "0", "CUTRK2011": "0", "SUTRK2010": "0", "CUTRK2010": "0", "CCSGROUP19": "COT", "FAC_WDAVG": 1.0924, "FAC_WEAVG": 0.7653, "FAC_WEMAX": 0.9245, "FAC_MON": 1.0506, "FAC_TUE": 1.0813, "FAC_WED": 1.0887, "FAC_THU": 1.1071, "FAC_FRI": 1.1418, "FAC_SAT": 0.9245, "FAC_SUN": 0.6061, "FAC_SPR": 1.0104, "FAC_SUM": 1.0283, "FAC_FAL": 1.0243, "FAC_WIN": 0.937, "FAC_JAN": 0.9024, "FAC_FEB": 0.9471, "FAC_MAR": 0.9888, "FAC_APR": 1.0146, "FAC_MAY": 1.0278, "FAC_JUN": 1.0352, "FAC_JUL": 1.01, "FAC_AUG": 1.0396, "FAC_SEP": 1.0434, "FAC_OCT": 1.0358, "FAC_NOV": 0.9936, "FAC_DEC": 0.9616, "FAC_MAXMO": 9, "FAC_MAX": 1.0434, "FACMANADJ": 0.0, "MODEL_ROUTE": 2878, "MODEL_MP": 4.4 }, "geometry": { "type": "LineString", "coordinates": [ [ -111.886425763605089, 40.398686974588323 ], [ -111.886461432979615, 40.399923816992889 ], [ -111.886569076026532, 40.403861544507855 ], [ -111.886595368857627, 40.404787467291307 ], [ -111.886634703480496, 40.406168243890292 ] ] } },
{ "type": "Feature", "properties": { "Id": 0, "SEGID": "2889_000.0", "ROUTE": "2889", "BMP": 0.0, "EMP": 1.289, "DISTANCE": 1.3274796396099999, "DIRECTION": "NB/SB", "CO_FIPS": 49.0, "SUBAREAID": 1.0, "PLANAREA": "MAG", "F2019": 12074.0, "F2023": 16000.0, "F2028": 16500.0, "F2032": 17000.0, "F2042": 23000.0, "F2050": 16500.0, "CH19TO50": 4426.0, "CH19TO23": 3926.0, "CH23TO28": 500.0, "CH28TO32": 500.0, "CH32TO42": 6000.0, "CH42TO50": -6500.0, "AADTSTN": "049-1067", "AADT2022": 11805.0, "AADT2021": 11688.0, "AADT2020": 10782.0, "AADT2019": 12074.0, "AADT2018": 11861.0, "AADT2017": 11744.0, "AADT2016": 11435.0, "AADT2015": 10860.0, "AADT2014": 10410.0, "AADT2013": 7195.0, "AADT2012": 7375.0, "AADT2011": 7530.0, "AADT2010": 940.0, "AADT2009": 945.0, "AADT2008": 950.0, "AADT2007": 1000.0, "AADT2006": 0.0, "AADT2005": 0.0, "AADT2004": 0.0, "AADT2003": 0.0, "AADT2002": 0.0, "AADT2001": 0.0, "AADT2000": 0.0, "AADT1999": 0.0, "AADT1998": 0.0, "AADT1997": 0.0, "AADT1996": 0.0, "AADT1995": 0.0, "AADT1994": 0.0, "AADT1993": 0.0, "AADT1992": 0.0, "AADT1991": 0.0, "AADT1990": 0.0, "AADT1989": 0.0, "AADT1988": 0.0, "AADT1987": 0.0, "AADT1986": 0.0, "AADT1985": 0.0, "AADT1984": 0.0, "AADT1983": 0.0, "AADT1982": 0.0, "AADT1981": 0.0, "SUTRK2022": 0.0, "CUTRK2022": 0.0, "SUTRK2021": 0.0, "CUTRK2021": 0.0, "SUTRK2020": 0.0, "CUTRK2020": 0.0, "SUTRK2019": 0.0, "CUTRK2019": 0.0, "SUTRK2018": "0", "CUTRK2018": "0", "SUTRK2017": "0", "CUTRK2017": "0", "SUTRK2016": 0.0, "CUTRK2016": 0.0, "SUTRK2015": "0", "CUTRK2015": "0", "SUTRK2014": "0", "CUTRK2014": "0", "SUTRK2013": "0", "CUTRK2013": "0", "SUTRK2012": 0.0, "CUTRK2012": "0", "SUTRK2011": "0", "CUTRK2011": "0", "SUTRK2010": "0", "CUTRK2010": "0", "CCSGROUP19": "COS", "FAC_WDAVG": 1.0918, "FAC_WEAVG": 0.7585, "FAC_WEMAX": 0.8742, "FAC_MON": 1.0517, "FAC_TUE": 1.0744, "FAC_WED": 1.0878, "FAC_THU": 1.1132, "FAC_FRI": 1.1558, "FAC_SAT": 0.8742, "FAC_SUN": 0.6429, "FAC_SPR": 1.0107, "FAC_SUM": 1.0575, "FAC_FAL": 1.0324, "FAC_WIN": 0.8994, "FAC_JAN": 0.86, "FAC_FEB": 0.8982, "FAC_MAR": 0.9669, "FAC_APR": 1.0119, "FAC_MAY": 1.0534, "FAC_JUN": 1.0636, "FAC_JUL": 1.0366, "FAC_AUG": 1.0724, "FAC_SEP": 1.0607, "FAC_OCT": 1.0468, "FAC_NOV": 0.9896, "FAC_DEC": 0.9399, "FAC_MAXMO": 8, "FAC_MAX": 1.0724, "FACMANADJ": 0.0, "MODEL_ROUTE": 2889, "MODEL_MP": 0.0 }, "geometry": { "type": "LineString", "coordinates": [ [ -111.976515900449726, 40.362161124179877 ], [ -111.976455100422129, 40.362273349449566 ], [ -111.976458778387894, 40.364241787914594 ], [ -111.976470665953286, 40.3658813275418 ], [ -111.976476654874872, 40.366785781483543 ], [ -111.976467763090994, 40.367148919610059 ], [ -111.976407813017858, 40.367646723120032 ], [ -111.976256306611901, 40.368248002343719 ], [ -111.976166414774383, 40.368466779279558 ], [ -111.976043382905161, 40.36875610615337 ], [ -111.97583976888609, 40.369174941813704 ], [ -111.97456368050787, 40.371512730873832 ], [ -111.974446904842139, 40.37177930052502 ], [ -111.974236383863143, 40.372259632818938 ], [ -111.97401465471556, 40.373057896659439 ], [ -111.973956848625747, 40.373706130713174 ], [ -111.974033907590851, 40.374394669931192 ], [ -111.974245754912076, 40.375036127390118 ], [ -111.97436237459587, 40.37544505396535 ], [ -111.97463646186921, 40.375966436645655 ], [ -111.974797222603186, 40.376274720469254 ], [ -111.974872125825527, 40.376535079474166 ], [ -111.974867823683113, 40.376702412775259 ], [ -111.974850513822233, 40.376849945876479 ], [ -111.974728005261696, 40.377193320566043 ], [ -111.974627824839459, 40.377345065778663 ], [ -111.974543041539789, 40.377437221760168 ], [ -111.97420233016922, 40.37772099364355 ], [ -111.974141671275447, 40.377778801960467 ], [ -111.974027283683128, 40.377909405130104 ], [ -111.973968058224088, 40.377993147177634 ], [ -111.973901180198268, 40.378109926571192 ], [ -111.973836229124586, 40.378262365303087 ], [ -111.973790946914107, 40.378414548238482 ], [ -111.973780093526287, 40.378732476888906 ], [ -111.973967748350603, 40.37960729078749 ], [ -111.974193305852964, 40.380716739277986 ] ] } },
{ "type": "Feature", "properties": { "Id": 0, "SEGID": "2932_001.3", "ROUTE": "2932", "BMP": 1.285, "EMP": 2.221, "DISTANCE": 0.93450494525899996, "DIRECTION": "NB/SB", "CO_FIPS": 49.0, "SUBAREAID": 1.0, "PLANAREA": "MAG", "F2019": 2102.0, "F2023": 1300.0, "F2028": 1400.0, "F2032": 1500.0, "F2042": 2500.0, "F2050": 2000.0, "CH19TO50": -102.0, "CH19TO23": -802.0, "CH23TO28": 100.0, "CH28TO32": 100.0, "CH32TO42": 1000.0, "CH42TO50": -500.0, "AADTSTN": "049-2090", "AADT2022": 2055.0, "AADT2021": 2035.0, "AADT2020": 1877.0, "AADT2019": 2102.0, "AADT2018": 2065.0, "AADT2017": 2045.0, "AADT2016": 1991.0, "AADT2015": 1890.0, "AADT2014": 1815.0, "AADT2013": 1795.0, "AADT2012": 1840.0, "AADT2011": 1875.0, "AADT2010": 1885.0, "AADT2009": 1890.0, "AADT2008": 1900.0, "AADT2007": 2000.0, "AADT2006": 0.0, "AADT2005": 0.0, "AADT2004": 0.0, "AADT2003": 0.0, "AADT2002": 0.0, "AADT2001": 0.0, "AADT2000": 0.0, "AADT1999": 0.0, "AADT1998": 0.0, "AADT1997": 0.0, "AADT1996": 0.0, "AADT1995": 0.0, "AADT1994": 0.0, "AADT1993": 0.0, "AADT1992": 0.0, "AADT1991": 0.0, "AADT1990": 0.0, "AADT1989": 0.0, "AADT1988": 0.0, "AADT1987": 0.0, "AADT1986": 0.0, "AADT1985": 0.0, "AADT1984": 0.0, "AADT1983": 0.0, "AADT1982": 0.0, "AADT1981": 0.0, "SUTRK2022": 0.0, "CUTRK2022": 0.0, "SUTRK2021": 0.0, "CUTRK2021": 0.0, "SUTRK2020": 0.0, "CUTRK2020": 0.0, "SUTRK2019": 0.0, "CUTRK2019": 0.0, "SUTRK2018": "0", "CUTRK2018": "0", "SUTRK2017": "0", "CUTRK2017": "0", "SUTRK2016": 0.0, "CUTRK2016": 0.0, "SUTRK2015": "0", "CUTRK2015": "0", "SUTRK2014": "0", "CUTRK2014": "0", "SUTRK2013": "0", "CUTRK2013": "0", "SUTRK2012": 0.0, "CUTRK2012": "0", "SUTRK2011": "0", "CUTRK2011": "0", "SUTRK2010": "0", "CUTRK2010": "0", "CCSGROUP19": "COS", "FAC_WDAVG": 1.0918, "FAC_WEAVG": 0.7585, "FAC_WEMAX": 0.8742, "FAC_MON": 1.0517, "FAC_TUE": 1.0744, "FAC_WED": 1.0878, "FAC_THU": 1.1132, "FAC_FRI": 1.1558, "FAC_SAT": 0.8742, "FAC_SUN": 0.6429, "FAC_SPR": 1.0107, "FAC_SUM": 1.0575, "FAC_FAL": 1.0324, "FAC_WIN": 0.8994, "FAC_JAN": 0.86, "FAC_FEB": 0.8982, "FAC_MAR": 0.9669, "FAC_APR": 1.0119, "FAC_MAY": 1.0534, "FAC_JUN": 1.0636, "FAC_JUL": 1.0366, "FAC_AUG": 1.0724, "FAC_SEP": 1.0607, "FAC_OCT": 1.0468, "FAC_NOV": 0.9896, "FAC_DEC": 0.9399, "FAC_MAXMO": 8, "FAC_MAX": 1.0724, "FACMANADJ": 0.0, "MODEL_ROUTE": 2932, "MODEL_MP": 1.3 }, "geometry": { "type": "LineString", "coordinates": [ [ -111.830259690635174, 40.406189798890814 ], [ -111.830275966903145, 40.407427790611145 ], [ -111.83034012702673, 40.411381744060499 ], [ -111.83034133426041, 40.413004257104944 ], [ -111.830358210938172, 40.414118099017202 ], [ -111.830372888238188, 40.415752766774673 ], [ -111.830392072759537, 40.417159564165182 ], [ -111.83039664615805, 40.417493134454347 ], [ -111.830396327221166, 40.417658902277175 ], [ -111.830396409413353, 40.418048991206952 ], [ -111.830394734972131, 40.418679632891646 ], [ -111.830398725232826, 40.41895618035101 ], [ -111.830409171609389, 40.419201780564158 ], [ -111.830405045019063, 40.419355053194231 ], [ -111.830417864039845, 40.419582708446789 ], [ -111.830414342289842, 40.419737237980684 ] ] } }
]
}
